Name,PA,AVG,eAVG,HR,eHR,R,eR,RBI,eRBI,SB,eSB,Rank,
Shohei Ohtani , 659 , 0.285 , 0.041 , 46 , 17 , 118 , 27 , 103 , 26 , 24 , 15 , 1 ,
Jose Ramirez , 641 , 0.28 , 0.039 , 28 , 13 , 96 , 24 , 89 , 23 , 33 , 14 , 2 ,
Juan Soto , 663 , 0.268 , 0.039 , 38 , 15 , 107 , 26 , 99 , 25 , 18 , 11 , 3 ,
Bobby Witt Jr. , 651 , 0.295 , 0.044 , 24 , 12 , 98 , 25 , 87 , 23 , 31 , 14 , 4 ,
Julio Rodriguez , 650 , 0.272 , 0.037 , 25 , 12 , 91 , 24 , 81 , 23 , 26 , 13 , 5 ,
Aaron Judge , 630 , 0.305 , 0.047 , 48 , 17 , 114 , 26 , 111 , 26 , 9 , 7 , 6 ,
Francisco Lindor , 612 , 0.269 , 0.037 , 25 , 12 , 94 , 24 , 77 , 21 , 24 , 12 , 7 ,
Kyle Tucker , 610 , 0.27 , 0.038 , 28 , 13 , 91 , 23 , 84 , 22 , 20 , 12 , 8 ,
Gunnar Henderson , 648 , 0.272 , 0.037 , 23 , 12 , 92 , 24 , 77 , 22 , 21 , 11 , 9 ,
Manny Machado , 622 , 0.272 , 0.037 , 26 , 12 , 81 , 22 , 91 , 23 , 11 , 8 , 10 ,
Corbin Carroll , 615 , 0.256 , 0.036 , 24 , 12 , 99 , 24 , 74 , 21 , 28 , 13 , 11 ,
Jazz Chisholm Jr. , 579 , 0.249 , 0.036 , 29 , 12 , 79 , 21 , 81 , 21 , 31 , 13 , 12 ,
Mookie Betts , 612 , 0.274 , 0.037 , 23 , 11 , 92 , 23 , 82 , 22 , 13 , 8 , 13 ,
Ketel Marte , 604 , 0.279 , 0.039 , 29 , 13 , 91 , 23 , 82 , 22 , 7 , 7 , 14 ,
Josh Naylor , 594 , 0.276 , 0.038 , 22 , 11 , 76 , 21 , 94 , 23 , 17 , 10 , 15 ,
Kyle Schwarber , 652 , 0.24 , 0.037 , 44 , 16 , 100 , 25 , 108 , 26 , 7 , 6 , 16 ,
Willy Adames , 643 , 0.231 , 0.035 , 28 , 13 , 83 , 23 , 88 , 23 , 11 , 8 , 17 ,
Bryce Harper , 612 , 0.271 , 0.037 , 25 , 12 , 81 , 22 , 79 , 22 , 11 , 8 , 18 ,
Vladimir Guerrero Jr , 652 , 0.291 , 0.042 , 24 , 12 , 89 , 24 , 86 , 23 , 7 , 10 , 19 ,
Ronald Acuna Jr. , 628 , 0.275 , 0.038 , 23 , 12 , 105 , 25 , 61 , 19 , 29 , 13 , 20 ,
Trea Turner , 621 , 0.292 , 0.043 , 18 , 10 , 92 , 23 , 69 , 20 , 27 , 12 , 21 ,
Cal Raleigh , 621 , 0.234 , 0.036 , 41 , 16 , 85 , 23 , 99 , 24 , 7 , 7 , 22 ,
Freddie Freeman , 621 , 0.291 , 0.042 , 22 , 11 , 85 , 23 , 85 , 23 , 10 , 8 , 23 ,
Christian Yelich , 576 , 0.276 , 0.038 , 22 , 11 , 81 , 21 , 81 , 21 , 20 , 10 , 24 ,
Cody Bellinger , 591 , 0.268 , 0.036 , 23 , 11 , 80 , 21 , 85 , 22 , 12 , 8 , 25 ,
Byron Buxton , 518 , 0.26 , 0.036 , 27 , 12 , 83 , 20 , 73 , 19 , 16 , 9 , 26 ,
George Springer , 575 , 0.27 , 0.037 , 23 , 11 , 86 , 22 , 69 , 20 , 16 , 9 , 27 ,
Fernando Tatis Jr. , 640 , 0.267 , 0.038 , 22 , 12 , 89 , 23 , 65 , 20 , 21 , 11 , 28 ,
Dansby Swanson , 617 , 0.25 , 0.034 , 20 , 11 , 83 , 22 , 74 , 21 , 17 , 10 , 29 ,
Rafael Devers , 650 , 0.262 , 0.037 , 31 , 14 , 90 , 24 , 96 , 25 , 3 , 6 , 30 ,
Elly De La Cruz , 644 , 0.258 , 0.036 , 18 , 11 , 88 , 23 , 68 , 20 , 40 , 16 , 31 ,
Brent Rooker , 632 , 0.265 , 0.038 , 29 , 13 , 75 , 21 , 85 , 23 , 6 , 6 , 32 ,
Riley Greene , 621 , 0.263 , 0.036 , 26 , 12 , 80 , 22 , 86 , 23 , 5 , 6 , 33 ,
Seiya Suzuki , 601 , 0.263 , 0.036 , 25 , 12 , 74 , 21 , 83 , 22 , 9 , 7 , 34 ,
Randy Arozarena , 633 , 0.238 , 0.035 , 21 , 11 , 82 , 22 , 68 , 20 , 21 , 11 , 35 ,
Jose Altuve , 599 , 0.278 , 0.039 , 20 , 11 , 80 , 21 , 65 , 19 , 13 , 9 , 36 ,
Pete Alonso , 639 , 0.252 , 0.037 , 34 , 14 , 82 , 22 , 102 , 25 , 3 , 6 , 37 ,
Brandon Nimmo , 611 , 0.25 , 0.035 , 22 , 11 , 78 , 21 , 80 , 22 , 10 , 7 , 38 ,
Zach Neto , 605 , 0.254 , 0.037 , 22 , 11 , 75 , 21 , 66 , 19 , 22 , 11 , 39 ,
Matt Olson , 660 , 0.261 , 0.037 , 29 , 13 , 87 , 24 , 93 , 24 , 2 , 6 , 40 ,
Taylor Ward , 617 , 0.242 , 0.036 , 28 , 13 , 78 , 22 , 83 , 22 , 5 , 6 , 41 ,
Teoscar Hernandez , 562 , 0.256 , 0.035 , 25 , 12 , 68 , 19 , 86 , 22 , 6 , 6 , 42 ,
Matt Chapman , 606 , 0.24 , 0.035 , 22 , 11 , 83 , 22 , 68 , 20 , 10 , 7 , 43 ,
Ian Happ , 630 , 0.245 , 0.035 , 20 , 11 , 81 , 22 , 75 , 21 , 9 , 7 , 44 ,
Daulton Varsho , 529 , 0.229 , 0.035 , 28 , 12 , 75 , 20 , 82 , 20 , 7 , 6 , 45 ,
Eugenio Suarez , 590 , 0.239 , 0.036 , 34 , 14 , 78 , 21 , 95 , 23 , 3 , 5 , 46 ,
William Contreras , 597 , 0.269 , 0.036 , 18 , 10 , 82 , 22 , 72 , 20 , 7 , 6 , 47 ,
Jeremy Pena , 614 , 0.282 , 0.04 , 15 , 9 , 75 , 21 , 64 , 19 , 18 , 10 , 48 ,
Geraldo Perdomo , 628 , 0.268 , 0.036 , 13 , 9 , 88 , 23 , 72 , 21 , 18 , 10 , 49 ,
Austin Riley , 620 , 0.262 , 0.035 , 24 , 12 , 79 , 22 , 77 , 21 , 3 , 6 , 50 ,
Trevor Story , 577 , 0.251 , 0.034 , 16 , 9 , 65 , 19 , 69 , 20 , 26 , 12 , 51 ,
Jarren Duran , 600 , 0.268 , 0.036 , 14 , 9 , 78 , 21 , 66 , 19 , 23 , 11 , 52 ,
CJ Abrams , 598 , 0.249 , 0.034 , 16 , 9 , 81 , 22 , 57 , 18 , 33 , 14 , 53 ,
Jackson Chourio , 625 , 0.272 , 0.04 , 18 , 10 , 72 , 21 , 66 , 20 , 17 , 10 , 54 ,
Jurickson Profar , 593 , 0.253 , 0.036 , 19 , 10 , 81 , 21 , 66 , 19 , 10 , 7 , 55 ,
Adolis Garcia , 551 , 0.228 , 0.033 , 21 , 10 , 63 , 18 , 75 , 20 , 10 , 7 , 56 ,
Brandon Lowe , 525 , 0.248 , 0.036 , 26 , 11 , 70 , 19 , 75 , 19 , 4 , 5 , 57 ,
Bryan Reynolds , 619 , 0.257 , 0.035 , 18 , 10 , 68 , 20 , 72 , 21 , 6 , 6 , 58 ,
Marcus Semien , 593 , 0.241 , 0.034 , 17 , 10 , 75 , 21 , 67 , 19 , 10 , 7 , 59 ,
Gleyber Torres , 633 , 0.256 , 0.035 , 17 , 10 , 79 , 22 , 69 , 21 , 6 , 6 , 60 ,
Alex Bregman , 631 , 0.263 , 0.036 , 22 , 11 , 79 , 22 , 77 , 22 , 2 , 6 , 61 ,
Michael Harris II , 553 , 0.263 , 0.035 , 17 , 9 , 61 , 18 , 67 , 19 , 14 , 9 , 62 ,
Yordan Alvarez , 544 , 0.282 , 0.04 , 23 , 11 , 65 , 18 , 77 , 20 , 4 , 6 , 63 ,
Ozzie Albies , 588 , 0.249 , 0.034 , 16 , 9 , 69 , 20 , 71 , 20 , 10 , 7 , 64 ,
Vinnie Pasquantino , 618 , 0.261 , 0.036 , 25 , 12 , 67 , 20 , 93 , 24 , 2 , 6 , 65 ,
Brice Turang , 629 , 0.265 , 0.035 , 12 , 8 , 77 , 22 , 62 , 19 , 31 , 14 , 66 ,
Christian Walker , 561 , 0.245 , 0.035 , 25 , 11 , 68 , 19 , 81 , 21 , 3 , 5 , 66 ,
Mike Trout , 511 , 0.236 , 0.036 , 27 , 11 , 69 , 18 , 59 , 17 , 8 , 6 , 68 ,
Shea Langeliers , 510 , 0.247 , 0.035 , 26 , 11 , 62 , 17 , 71 , 19 , 5 , 5 , 69 ,
Junior Caminero , 623 , 0.258 , 0.04 , 26 , 12 , 60 , 19 , 71 , 21 , 5 , 6 , 70 ,
Corey Seager , 527 , 0.273 , 0.038 , 25 , 11 , 71 , 19 , 68 , 18 , 3 , 5 , 71 ,
Bo Bichette , 613 , 0.278 , 0.039 , 14 , 9 , 67 , 20 , 75 , 21 , 6 , 6 , 72 ,
Yandy Diaz , 613 , 0.291 , 0.042 , 19 , 10 , 71 , 20 , 73 , 21 , 2 , 6 , 73 ,
James Wood , 620 , 0.259 , 0.04 , 19 , 10 , 63 , 19 , 66 , 20 , 13 , 9 , 74 ,
Jordan Westburg , 559 , 0.266 , 0.037 , 20 , 10 , 74 , 20 , 63 , 18 , 5 , 6 , 75 ,
Bryson Stott , 569 , 0.256 , 0.034 , 13 , 8 , 69 , 19 , 61 , 18 , 25 , 12 , 76 ,
Steven Kwan , 640 , 0.278 , 0.039 , 10 , 8 , 82 , 23 , 53 , 18 , 17 , 10 , 77 ,
Pete Crow-Armstrong , 598 , 0.244 , 0.038 , 18 , 10 , 62 , 19 , 63 , 19 , 25 , 12 , 78 ,
Willson Contreras , 542 , 0.257 , 0.036 , 20 , 10 , 68 , 19 , 68 , 19 , 5 , 5 , 79 ,
TJ Friedl , 566 , 0.251 , 0.035 , 16 , 9 , 67 , 19 , 63 , 18 , 13 , 8 , 80 ,
Ramon Laureano , 497 , 0.26 , 0.035 , 19 , 9 , 63 , 17 , 63 , 17 , 9 , 6 , 81 ,
Luis Robert Jr. , 514 , 0.235 , 0.034 , 17 , 9 , 63 , 18 , 56 , 17 , 31 , 12 , 82 ,
Lawrence Butler , 559 , 0.242 , 0.035 , 18 , 10 , 64 , 19 , 54 , 17 , 14 , 9 , 83 ,
Maikel Garcia , 633 , 0.266 , 0.035 , 10 , 8 , 73 , 21 , 59 , 19 , 25 , 12 , 84 ,
Jo Adell , 553 , 0.227 , 0.037 , 25 , 11 , 53 , 17 , 71 , 19 , 7 , 6 , 85 ,
Trent Grisham , 518 , 0.217 , 0.035 , 24 , 11 , 67 , 18 , 67 , 18 , 4 , 5 , 86 ,
Spencer Torkelson , 612 , 0.228 , 0.034 , 23 , 11 , 73 , 21 , 68 , 20 , 2 , 6 , 87 ,
Nico Hoerner , 607 , 0.285 , 0.041 , 7 , 6 , 80 , 22 , 54 , 18 , 26 , 12 , 88 ,
Xander Bogaerts , 562 , 0.27 , 0.037 , 11 , 8 , 65 , 19 , 53 , 17 , 17 , 9 , 89 ,
Brenton Doyle , 552 , 0.237 , 0.034 , 15 , 9 , 59 , 18 , 57 , 17 , 18 , 10 , 90 ,
Wyatt Langford , 602 , 0.248 , 0.039 , 16 , 9 , 62 , 19 , 56 , 18 , 16 , 9 , 91 ,
Alec Burleson , 570 , 0.274 , 0.037 , 16 , 9 , 55 , 17 , 65 , 19 , 5 , 5 , 92 ,
Ezequiel Tovar , 616 , 0.256 , 0.035 , 14 , 9 , 64 , 19 , 56 , 18 , 6 , 6 , 93 ,
Jake Burger , 528 , 0.241 , 0.034 , 24 , 11 , 61 , 18 , 72 , 19 , 2 , 5 , 94 ,
Kerry Carpenter , 473 , 0.262 , 0.036 , 25 , 10 , 62 , 17 , 70 , 18 , 2 , 4 , 95 ,
Mickey Moniak , 462 , 0.247 , 0.034 , 19 , 9 , 56 , 16 , 61 , 16 , 7 , 6 , 96 ,
Alec Bohm , 558 , 0.279 , 0.039 , 14 , 8 , 60 , 18 , 74 , 20 , 3 , 5 , 97 ,
Salvador Perez , 571 , 0.247 , 0.035 , 24 , 11 , 53 , 17 , 85 , 22 , 1 , 5 , 98 ,
Tyler Soderstrom , 568 , 0.245 , 0.036 , 19 , 10 , 54 , 17 , 66 , 19 , 3 , 5 , 99 ,
Jorge Polanco , 499 , 0.243 , 0.035 , 20 , 10 , 55 , 16 , 64 , 17 , 5 , 5 , 100 ,
Jackson Merrill , 597 , 0.273 , 0.039 , 16 , 9 , 57 , 18 , 66 , 19 , 5 , 5 , 101 ,
Oneil Cruz , 523 , 0.225 , 0.036 , 17 , 9 , 53 , 16 , 55 , 16 , 21 , 13 , 102 ,
Harrison Bader , 471 , 0.259 , 0.034 , 13 , 8 , 60 , 16 , 52 , 15 , 16 , 8 , 103 ,
Nolan Arenado , 538 , 0.251 , 0.034 , 16 , 9 , 59 , 17 , 66 , 18 , 3 , 5 , 104 ,
Royce Lewis , 489 , 0.243 , 0.036 , 18 , 9 , 49 , 15 , 65 , 17 , 8 , 6 , 105 ,
Marcell Ozuna , 521 , 0.256 , 0.037 , 23 , 10 , 63 , 18 , 68 , 18 , 1 , 5 , 106 ,
Josh Jung , 515 , 0.253 , 0.034 , 16 , 9 , 54 , 16 , 57 , 17 , 6 , 5 , 107 ,
Max Muncy , 431 , 0.236 , 0.037 , 22 , 9 , 61 , 16 , 72 , 17 , 3 , 4 , 108 ,
Masyn Winn , 611 , 0.25 , 0.034 , 10 , 7 , 69 , 20 , 52 , 17 , 10 , 7 , 109 ,
Tommy Edman , 447 , 0.238 , 0.034 , 15 , 8 , 58 , 16 , 56 , 15 , 11 , 7 , 110 ,
Will Smith , 481 , 0.268 , 0.037 , 17 , 9 , 67 , 17 , 65 , 17 , 2 , 4 , 111 ,
Noelvi Marte , 516 , 0.253 , 0.035 , 13 , 8 , 54 , 16 , 54 , 16 , 14 , 8 , 112 ,
Andy Pages , 564 , 0.264 , 0.039 , 16 , 9 , 57 , 18 , 56 , 17 , 6 , 6 , 113 ,
Carlos Correa , 543 , 0.278 , 0.039 , 15 , 9 , 66 , 18 , 59 , 17 , 2 , 11 , 114 ,
Nolan Gorman , 498 , 0.211 , 0.033 , 20 , 10 , 58 , 17 , 61 , 17 , 4 , 4 , 115 ,
Luis Arraez , 601 , 0.302 , 0.046 , 7 , 6 , 68 , 20 , 52 , 17 , 9 , 7 , 116 ,
Jonathan Aranda , 542 , 0.274 , 0.038 , 16 , 9 , 69 , 19 , 61 , 18 , 2 , 9 , 117 ,
Andres Gimenez , 540 , 0.238 , 0.032 , 10 , 7 , 59 , 17 , 53 , 17 , 19 , 10 , 118 ,
Jake Cronenworth , 563 , 0.242 , 0.034 , 13 , 8 , 65 , 19 , 64 , 19 , 4 , 5 , 119 ,
J.P. Crawford , 583 , 0.244 , 0.034 , 12 , 8 , 67 , 19 , 52 , 17 , 6 , 6 , 120 ,
Ryan O'Hearn , 511 , 0.268 , 0.036 , 14 , 8 , 60 , 17 , 61 , 17 , 3 , 5 , 121 ,
Michael Busch , 565 , 0.255 , 0.04 , 21 , 11 , 58 , 18 , 61 , 18 , 2 , 5 , 122 ,
Brandon Marsh , 461 , 0.266 , 0.035 , 13 , 7 , 58 , 16 , 52 , 15 , 11 , 7 , 123 ,
Josh Lowe , 474 , 0.237 , 0.033 , 11 , 7 , 57 , 16 , 45 , 14 , 24 , 10 , 124 ,
Ceddanne Rafaela , 551 , 0.252 , 0.037 , 12 , 8 , 59 , 18 , 52 , 16 , 13 , 8 , 125 ,
Brendan Donovan , 531 , 0.28 , 0.039 , 11 , 7 , 62 , 18 , 53 , 16 , 5 , 5 , 126 ,
Andrew Benintendi , 486 , 0.244 , 0.034 , 16 , 9 , 54 , 16 , 59 , 16 , 3 , 4 , 127 ,
Willi Castro , 498 , 0.238 , 0.033 , 11 , 7 , 64 , 17 , 42 , 14 , 13 , 8 , 128 ,
Wilyer Abreu , 486 , 0.251 , 0.04 , 17 , 9 , 50 , 15 , 58 , 16 , 6 , 5 , 129 ,
Hunter Goodman , 542 , 0.243 , 0.039 , 22 , 11 , 51 , 16 , 66 , 19 , 1 , 5 , 130 ,
Giancarlo Stanton , 405 , 0.246 , 0.037 , 28 , 10 , 49 , 14 , 76 , 17 , 0 , 4 , 131 ,
Ivan Herrera , 525 , 0.284 , 0.041 , 14 , 8 , 53 , 16 , 54 , 16 , 7 , 6 , 132 ,
Heliot Ramos , 598 , 0.259 , 0.039 , 15 , 9 , 54 , 18 , 54 , 18 , 4 , 5 , 133 ,
Lars Nootbaar , 524 , 0.24 , 0.034 , 13 , 8 , 60 , 17 , 50 , 16 , 6 , 5 , 134 ,
Austin Hays , 453 , 0.26 , 0.034 , 13 , 7 , 56 , 15 , 55 , 15 , 5 , 4 , 135 ,
Kyle Stowers , 555 , 0.254 , 0.04 , 17 , 9 , 49 , 16 , 62 , 18 , 3 , 5 , 136 ,
Sal Frelick , 521 , 0.273 , 0.037 , 7 , 6 , 61 , 17 , 44 , 15 , 15 , 8 , 137 ,
Andrew Vaughn , 529 , 0.255 , 0.034 , 16 , 9 , 48 , 15 , 69 , 19 , 1 , 5 , 138 ,
Matt Wallner , 452 , 0.223 , 0.036 , 21 , 9 , 50 , 15 , 51 , 15 , 4 , 4 , 139 ,
Isaac Paredes , 470 , 0.245 , 0.036 , 19 , 9 , 55 , 16 , 59 , 16 , 1 , 5 , 140 ,
Yainer Diaz , 511 , 0.272 , 0.037 , 16 , 9 , 51 , 16 , 62 , 17 , 1 , 5 , 141 ,
Jonathan India , 518 , 0.241 , 0.033 , 11 , 7 , 62 , 18 , 47 , 15 , 5 , 5 , 142 ,
Jeff McNeil , 513 , 0.251 , 0.034 , 12 , 7 , 54 , 16 , 53 , 16 , 5 , 5 , 143 ,
Spencer Steer , 420 , 0.236 , 0.034 , 14 , 7 , 48 , 14 , 54 , 15 , 7 , 5 , 144 ,
Nolan Schanuel , 570 , 0.257 , 0.036 , 10 , 7 , 60 , 18 , 47 , 16 , 5 , 5 , 145 ,
Josh Bell , 532 , 0.243 , 0.035 , 18 , 9 , 54 , 17 , 61 , 18 , 1 , 5 , 146 ,
Miguel Vargas , 559 , 0.205 , 0.033 , 13 , 8 , 61 , 18 , 48 , 16 , 5 , 5 , 147 ,
J.T. Realmuto , 459 , 0.258 , 0.034 , 12 , 7 , 51 , 15 , 48 , 14 , 7 , 5 , 148 ,
Otto Lopez , 561 , 0.258 , 0.037 , 9 , 7 , 50 , 16 , 51 , 16 , 13 , 8 , 149 ,
Adley Rutschman , 557 , 0.24 , 0.034 , 14 , 9 , 61 , 18 , 55 , 17 , 1 , 5 , 150 ,
Ernie Clement , 549 , 0.265 , 0.035 , 8 , 6 , 59 , 18 , 44 , 15 , 7 , 6 , 151 ,
Colton Cowser , 487 , 0.216 , 0.037 , 16 , 8 , 44 , 14 , 45 , 14 , 10 , 7 , 152 ,
Ryan Jeffers , 489 , 0.246 , 0.035 , 14 , 8 , 54 , 16 , 56 , 16 , 2 , 4 , 153 ,
Pavin Smith , 418 , 0.249 , 0.036 , 15 , 8 , 55 , 15 , 58 , 15 , 3 , 4 , 154 ,
Dylan Crews , 551 , 0.217 , 0.035 , 11 , 7 , 53 , 17 , 33 , 13 , 30 , 12 , 155 ,
Trevor Larnach , 434 , 0.248 , 0.035 , 14 , 7 , 53 , 15 , 53 , 15 , 3 , 4 , 156 ,
Jesus Sanchez , 415 , 0.241 , 0.034 , 12 , 7 , 47 , 14 , 44 , 13 , 8 , 5 , 157 ,
Ryan McMahon , 476 , 0.227 , 0.034 , 15 , 8 , 51 , 15 , 47 , 15 , 3 , 4 , 158 ,
Anthony Volpe , 448 , 0.224 , 0.033 , 11 , 7 , 47 , 14 , 44 , 14 , 13 , 7 , 159 ,
Josh Smith , 487 , 0.239 , 0.033 , 10 , 7 , 56 , 16 , 39 , 13 , 7 , 6 , 160 ,
Jordan Walker , 502 , 0.22 , 0.033 , 11 , 7 , 46 , 15 , 50 , 15 , 7 , 6 , 161 ,
Jorge Soler , 467 , 0.224 , 0.034 , 18 , 9 , 54 , 16 , 52 , 15 , 1 , 4 , 162 ,
Tyler O'Neill , 364 , 0.22 , 0.034 , 17 , 7 , 45 , 12 , 45 , 12 , 5 , 4 , 163 ,
Parker Meadows , 477 , 0.229 , 0.034 , 10 , 6 , 51 , 15 , 38 , 13 , 11 , 7 , 164 ,
Mike Yastrzemski , 431 , 0.232 , 0.034 , 14 , 7 , 54 , 15 , 43 , 13 , 4 , 4 , 165 ,
Ben Rice , 512 , 0.226 , 0.039 , 18 , 9 , 52 , 16 , 52 , 16 , 2 , 5 , 166 ,
Jake Meyers , 442 , 0.255 , 0.033 , 7 , 5 , 52 , 15 , 39 , 13 , 12 , 7 , 167 ,
Alek Thomas , 420 , 0.229 , 0.032 , 9 , 6 , 47 , 14 , 45 , 13 , 8 , 6 , 168 ,
Jared Triolo , 484 , 0.236 , 0.034 , 8 , 6 , 48 , 15 , 38 , 13 , 11 , 7 , 169 ,
Addison Barger , 493 , 0.229 , 0.037 , 15 , 8 , 43 , 14 , 54 , 16 , 3 , 4 , 170 ,
Mark Vientos , 451 , 0.238 , 0.035 , 17 , 8 , 44 , 14 , 55 , 15 , 1 , 4 , 171 ,
Nick Kurtz , 582 , 0.284 , 0.056 , 20 , 11 , 51 , 17 , 50 , 17 , 1 , 5 , 172 ,
Zach McKinstry , 418 , 0.24 , 0.033 , 8 , 5 , 49 , 14 , 36 , 12 , 15 , 7 , 173 ,
Xavier Edwards , 576 , 0.292 , 0.043 , 3 , 5 , 57 , 18 , 36 , 14 , 28 , 12 , 174 ,
Joey Ortiz , 533 , 0.239 , 0.036 , 7 , 6 , 51 , 16 , 42 , 15 , 10 , 7 , 175 ,
Gabriel Moreno , 433 , 0.276 , 0.038 , 9 , 6 , 50 , 14 , 51 , 14 , 4 , 4 , 176 ,
Tyler Stephenson , 415 , 0.248 , 0.035 , 15 , 7 , 50 , 14 , 58 , 15 , 1 , 4 , 177 ,
Gavin Sheets , 477 , 0.238 , 0.033 , 13 , 8 , 43 , 14 , 53 , 16 , 2 , 4 , 178 ,
Bo Naylor , 435 , 0.205 , 0.034 , 14 , 8 , 45 , 14 , 46 , 14 , 3 , 4 , 179 ,
Lane Thomas , 392 , 0.206 , 0.032 , 11 , 6 , 39 , 12 , 37 , 12 , 14 , 7 , 180 ,
Ke'Bryan Hayes , 495 , 0.239 , 0.031 , 6 , 5 , 46 , 15 , 40 , 14 , 10 , 7 , 181 ,
Luis Rengifo , 397 , 0.259 , 0.034 , 8 , 5 , 44 , 13 , 35 , 11 , 12 , 7 , 182 ,
Jackson Holliday , 503 , 0.224 , 0.036 , 10 , 7 , 46 , 15 , 39 , 14 , 8 , 6 , 183 ,
Brett Baty , 438 , 0.237 , 0.035 , 13 , 7 , 44 , 13 , 43 , 13 , 4 , 4 , 184 ,
Jordan Beck , 522 , 0.234 , 0.036 , 9 , 6 , 40 , 14 , 34 , 13 , 13 , 8 , 185 ,
Brooks Lee , 531 , 0.231 , 0.036 , 11 , 7 , 35 , 13 , 54 , 16 , 4 , 5 , 186 ,
Alejandro Kirk , 473 , 0.266 , 0.035 , 11 , 7 , 40 , 13 , 63 , 17 , 1 , 4 , 187 ,
Evan Carter , 433 , 0.225 , 0.036 , 8 , 6 , 47 , 14 , 36 , 12 , 15 , 8 , 188 ,
Connor Norby , 436 , 0.251 , 0.038 , 10 , 6 , 48 , 14 , 35 , 12 , 7 , 5 , 189 ,
Jake Fraley , 352 , 0.255 , 0.034 , 9 , 5 , 45 , 12 , 36 , 11 , 10 , 6 , 190 ,
Kyle Manzardo , 532 , 0.23 , 0.038 , 17 , 9 , 36 , 13 , 48 , 16 , 1 , 5 , 191 ,
Joc Pederson , 387 , 0.221 , 0.034 , 14 , 7 , 44 , 13 , 43 , 12 , 3 , 3 , 192 ,
Dominic Canzone , 403 , 0.252 , 0.036 , 14 , 7 , 41 , 12 , 41 , 12 , 3 , 4 , 193 ,
Kyle Isbel , 423 , 0.243 , 0.032 , 6 , 5 , 50 , 14 , 38 , 12 , 7 , 5 , 194 ,
Logan O'Hoppe , 429 , 0.225 , 0.034 , 17 , 8 , 39 , 13 , 43 , 13 , 2 , 4 , 195 ,
Jacob Wilson , 559 , 0.283 , 0.04 , 6 , 6 , 50 , 16 , 38 , 14 , 4 , 6 , 196 ,
Gabriel Arias , 430 , 0.219 , 0.032 , 9 , 6 , 38 , 12 , 40 , 13 , 7 , 5 , 197 ,
Wenceel Perez , 460 , 0.242 , 0.037 , 10 , 6 , 43 , 14 , 37 , 13 , 7 , 5 , 198 ,
Austin Wells , 431 , 0.225 , 0.038 , 14 , 7 , 38 , 12 , 50 , 14 , 2 , 4 , 199 ,
Francisco Alvarez , 419 , 0.243 , 0.036 , 15 , 7 , 44 , 13 , 49 , 14 , 1 , 4 , 200 ,
Christopher Morel , 330 , 0.218 , 0.033 , 12 , 6 , 37 , 11 , 37 , 11 , 5 , 4 , 201 ,
Jung Hoo Lee , 557 , 0.263 , 0.036 , 5 , 5 , 48 , 16 , 34 , 13 , 7 , 6 , 202 ,
Matt McLain , 535 , 0.237 , 0.042 , 9 , 7 , 43 , 15 , 32 , 13 , 9 , 7 , 203 ,
Davis Schneider , 331 , 0.228 , 0.037 , 14 , 6 , 41 , 11 , 40 , 11 , 3 , 3 , 204 ,
Colson Montgomery , 551 , 0.243 , 0.051 , 19 , 10 , 41 , 15 , 51 , 16 , 0 , 5 , 205 ,
Nick Castellanos , 349 , 0.257 , 0.034 , 10 , 6 , 40 , 11 , 44 , 12 , 3 , 3 , 206 ,
Jakob Marsee , 563 , 0.288 , 0.051 , 6 , 6 , 35 , 14 , 38 , 14 , 15 , 9 , 207 ,
Lourdes Gurriel Jr. , 321 , 0.262 , 0.035 , 10 , 5 , 35 , 10 , 44 , 11 , 4 , 3 , 208 ,
Spencer Horwitz , 464 , 0.268 , 0.04 , 10 , 7 , 48 , 15 , 43 , 14 , 1 , 7 , 209 ,
Patrick Bailey , 477 , 0.231 , 0.033 , 7 , 6 , 45 , 14 , 51 , 15 , 2 , 4 , 210 ,
Paul Goldschmidt , 339 , 0.264 , 0.035 , 9 , 5 , 43 , 12 , 34 , 10 , 4 , 4 , 211 ,
Carlos Santana , 354 , 0.229 , 0.033 , 10 , 6 , 38 , 11 , 41 , 12 , 3 , 3 , 212 ,
Colt Keith , 476 , 0.256 , 0.038 , 9 , 6 , 45 , 14 , 39 , 13 , 2 , 4 , 213 ,
Lenyn Sosa , 400 , 0.251 , 0.035 , 11 , 6 , 34 , 11 , 42 , 13 , 2 , 4 , 214 ,
Luke Keaschall , 522 , 0.296 , 0.051 , 5 , 5 , 32 , 13 , 34 , 13 , 15 , 9 , 215 ,
Jake Bauers , 296 , 0.22 , 0.035 , 9 , 5 , 34 , 10 , 33 , 9 , 8 , 4 , 216 ,
Brayan Rocchio , 462 , 0.227 , 0.035 , 6 , 5 , 37 , 13 , 38 , 13 , 7 , 5 , 217 ,
Jake McCarthy , 341 , 0.24 , 0.032 , 5 , 4 , 36 , 11 , 31 , 10 , 13 , 6 , 218 ,
Victor Robles , 334 , 0.266 , 0.035 , 3 , 3 , 40 , 11 , 27 , 9 , 22 , 8 , 219 ,
Roman Anthony , 595 , 0.282 , 0.052 , 7 , 6 , 45 , 16 , 31 , 13 , 4 , 5 , 220 ,
Carson Kelly , 361 , 0.237 , 0.034 , 10 , 6 , 38 , 11 , 39 , 11 , 1 , 3 , 221 ,
Miguel Andujar , 385 , 0.294 , 0.043 , 7 , 5 , 34 , 11 , 38 , 12 , 3 , 3 , 222 ,
Rhys Hoskins , 354 , 0.225 , 0.037 , 12 , 6 , 31 , 10 , 41 , 12 , 2 , 3 , 223 ,
Jose Caballero , 312 , 0.232 , 0.033 , 4 , 3 , 37 , 10 , 26 , 9 , 30 , 9 , 224 ,
Javier Baez , 307 , 0.232 , 0.032 , 7 , 4 , 33 , 10 , 38 , 10 , 5 , 3 , 225 ,
Gavin Lux , 445 , 0.259 , 0.035 , 6 , 5 , 42 , 13 , 39 , 13 , 2 , 4 , 226 ,
Tommy Pham , 325 , 0.246 , 0.033 , 7 , 4 , 34 , 10 , 34 , 10 , 5 , 4 , 227 ,
Daylen Lile , 529 , 0.294 , 0.05 , 6 , 5 , 37 , 14 , 29 , 12 , 6 , 5 , 228 ,
Rowdy Tellez , 290 , 0.231 , 0.034 , 12 , 6 , 29 , 9 , 41 , 10 , 1 , 2 , 229 ,
Andrew McCutchen , 331 , 0.24 , 0.034 , 9 , 5 , 36 , 10 , 33 , 10 , 2 , 3 , 230 ,
Taylor Walls , 310 , 0.21 , 0.03 , 4 , 3 , 35 , 10 , 29 , 9 , 14 , 6 , 231 ,
Victor Caratini , 345 , 0.254 , 0.035 , 10 , 5 , 34 , 10 , 38 , 11 , 1 , 3 , 232 ,
Agustin Ramirez , 489 , 0.228 , 0.047 , 8 , 6 , 29 , 11 , 27 , 11 , 5 , 5 , 233 ,
JJ Bleday , 308 , 0.215 , 0.033 , 10 , 5 , 37 , 10 , 31 , 9 , 2 , 3 , 234 ,
Brooks Baldwin , 363 , 0.227 , 0.036 , 7 , 5 , 26 , 9 , 28 , 10 , 5 , 4 , 235 ,
Freddy Fermin , 399 , 0.259 , 0.034 , 6 , 5 , 37 , 12 , 33 , 11 , 2 , 4 , 236 ,
Tyler Freeman , 330 , 0.254 , 0.034 , 4 , 3 , 36 , 11 , 25 , 9 , 10 , 5 , 237 ,
Romy Gonzalez , 271 , 0.282 , 0.04 , 6 , 4 , 29 , 8 , 32 , 9 , 5 , 3 , 238 ,
Danny Jansen , 319 , 0.215 , 0.034 , 12 , 6 , 36 , 10 , 35 , 10 , 0 , 3 , 239 ,
Starling Marte , 249 , 0.265 , 0.035 , 5 , 3 , 29 , 8 , 25 , 7 , 8 , 4 , 240 ,
Drake Baldwin , 507 , 0.27 , 0.051 , 10 , 7 , 31 , 12 , 44 , 14 , 0 , 5 , 241 ,
Sean Murphy , 316 , 0.207 , 0.033 , 13 , 6 , 31 , 10 , 38 , 10 , 0 , 3 , 242 ,
Tyrone Taylor , 274 , 0.235 , 0.031 , 4 , 3 , 31 , 9 , 26 , 8 , 8 , 4 , 243 ,
Caleb Durbin , 510 , 0.253 , 0.048 , 5 , 5 , 29 , 12 , 26 , 11 , 7 , 6 , 244 ,
Mauricio Dubon , 330 , 0.251 , 0.032 , 5 , 4 , 36 , 10 , 30 , 10 , 3 , 3 , 245 ,
Kody Clemens , 255 , 0.214 , 0.033 , 10 , 5 , 30 , 8 , 33 , 9 , 2 , 2 , 246 ,
Will Benson , 225 , 0.223 , 0.035 , 8 , 4 , 25 , 7 , 28 , 7 , 5 , 3 , 247 ,
Kyle Higashioka , 249 , 0.237 , 0.034 , 10 , 5 , 26 , 8 , 36 , 9 , 1 , 2 , 248 ,
Nick Gonzales , 389 , 0.254 , 0.033 , 5 , 4 , 35 , 11 , 34 , 11 , 2 , 3 , 249 ,
Rob Refsnyder , 228 , 0.269 , 0.036 , 8 , 4 , 28 , 8 , 30 , 8 , 2 , 2 , 250 ,
Luke Raley , 260 , 0.228 , 0.035 , 7 , 4 , 28 , 8 , 26 , 8 , 4 , 3 , 251 ,
Mike Tauchman , 309 , 0.254 , 0.036 , 6 , 4 , 36 , 10 , 28 , 9 , 2 , 3 , 252 ,
Edouard Julien , 378 , 0.213 , 0.033 , 7 , 5 , 32 , 11 , 24 , 9 , 2 , 3 , 253 ,
Michael Massey , 310 , 0.245 , 0.032 , 6 , 4 , 28 , 9 , 29 , 9 , 2 , 3 , 254 ,
Jacob Young , 314 , 0.241 , 0.032 , 1 , 3 , 31 , 9 , 23 , 8 , 15 , 7 , 255 ,
Adam Frazier , 280 , 0.246 , 0.032 , 4 , 3 , 30 , 9 , 26 , 8 , 4 , 3 , 256 ,
Edmundo Sosa , 221 , 0.265 , 0.035 , 7 , 4 , 27 , 7 , 28 , 7 , 3 , 2 , 257 ,
Thairo Estrada , 253 , 0.246 , 0.032 , 5 , 3 , 26 , 8 , 30 , 8 , 3 , 2 , 258 ,
Keibert Ruiz , 333 , 0.241 , 0.031 , 5 , 4 , 28 , 9 , 33 , 10 , 1 , 3 , 259 ,
Miguel Amaya , 263 , 0.254 , 0.036 , 8 , 4 , 28 , 8 , 43 , 11 , 0 , 2 , 260 ,
Ty France , 315 , 0.251 , 0.033 , 6 , 4 , 31 , 10 , 33 , 10 , 1 , 3 , 261 ,
Blake Perkins , 219 , 0.235 , 0.034 , 3 , 2 , 28 , 7 , 22 , 6 , 8 , 4 , 262 ,
Yoan Moncada , 361 , 0.238 , 0.041 , 9 , 5 , 31 , 10 , 29 , 10 , 0 , 3 , 263 ,
Pedro Pages , 337 , 0.229 , 0.036 , 8 , 5 , 25 , 9 , 31 , 10 , 1 , 3 , 264 ,
David Hamilton , 213 , 0.221 , 0.036 , 4 , 3 , 23 , 7 , 15 , 5 , 17 , 6 , 265 ,
Michael Conforto , 291 , 0.216 , 0.034 , 8 , 4 , 30 , 9 , 27 , 8 , 1 , 2 , 266 ,
Isaac Collins , 402 , 0.26 , 0.05 , 4 , 4 , 25 , 10 , 23 , 9 , 6 , 5 , 267 ,
Austin Martin , 315 , 0.267 , 0.037 , 1 , 3 , 33 , 10 , 14 , 8 , 12 , 6 , 268 ,
Nathaniel Lowe , 249 , 0.249 , 0.035 , 7 , 4 , 27 , 8 , 32 , 8 , 1 , 2 , 269 ,
Kyle Teel , 454 , 0.267 , 0.051 , 6 , 5 , 29 , 11 , 26 , 10 , 2 , 4 , 270 ,
Christian Moore , 435 , 0.198 , 0.045 , 8 , 6 , 23 , 10 , 20 , 9 , 3 , 4 , 271 ,
Amed Rosario , 223 , 0.275 , 0.038 , 4 , 3 , 23 , 7 , 24 , 7 , 4 , 3 , 272 ,
Ezequiel Duran , 269 , 0.238 , 0.03 , 2 , 2 , 24 , 8 , 20 , 7 , 7 , 4 , 273 ,
Chandler Simpson , 451 , 0.291 , 0.05 , 0 , 4 , 27 , 11 , 14 , 8 , 19 , 12 , 274 ,
Randal Grichuk , 229 , 0.251 , 0.034 , 7 , 4 , 28 , 8 , 27 , 7 , 0 , 2 , 275 ,
Joey Bart , 301 , 0.25 , 0.037 , 7 , 4 , 25 , 8 , 30 , 9 , 1 , 3 , 276 ,
Nick Fortes , 291 , 0.227 , 0.031 , 5 , 3 , 26 , 8 , 24 , 8 , 2 , 2 , 277 ,
Brady House , 477 , 0.24 , 0.045 , 4 , 4 , 23 , 10 , 26 , 11 , 3 , 4 , 278 ,
David Fry , 215 , 0.213 , 0.034 , 8 , 4 , 21 , 6 , 26 , 7 , 1 , 2 , 279 ,
Carson Williams , 379 , 0.18 , 0.043 , 8 , 5 , 19 , 8 , 21 , 9 , 3 , 3 , 280 ,
Ramon Urias , 228 , 0.249 , 0.034 , 6 , 3 , 24 , 7 , 26 , 7 , 1 , 2 , 281 ,
Chase Meidroth , 524 , 0.249 , 0.048 , 2 , 5 , 27 , 11 , 13 , 8 , 6 , 5 , 282 ,
Blaze Alexander , 264 , 0.238 , 0.037 , 4 , 3 , 23 , 7 , 22 , 7 , 3 , 2 , 283 ,
Dane Myers , 217 , 0.245 , 0.037 , 3 , 2 , 19 , 6 , 20 , 6 , 7 , 3 , 284 ,
Dominic Smith , 236 , 0.257 , 0.033 , 4 , 3 , 25 , 7 , 28 , 8 , 1 , 2 , 285 ,
Angel Martinez , 272 , 0.226 , 0.035 , 4 , 3 , 23 , 7 , 18 , 7 , 3 , 3 , 286 ,
Enrique Hernandez , 224 , 0.218 , 0.032 , 7 , 4 , 25 , 7 , 27 , 7 , 0 , 2 , 287 ,
Dylan Beavers , 395 , 0.231 , 0.049 , 5 , 4 , 23 , 9 , 20 , 8 , 2 , 3 , 288 ,
Mitch Garver , 207 , 0.206 , 0.033 , 7 , 4 , 21 , 6 , 24 , 7 , 1 , 2 , 289 ,
Cam Smith , 415 , 0.237 , 0.046 , 4 , 4 , 22 , 9 , 21 , 9 , 3 , 4 , 290 ,
Miguel Rojas , 193 , 0.264 , 0.035 , 3 , 2 , 21 , 6 , 17 , 5 , 3 , 2 , 291 ,
Casey Schmitt , 225 , 0.236 , 0.035 , 7 , 4 , 20 , 6 , 25 , 7 , 0 , 2 , 292 ,
Jose Trevino , 250 , 0.227 , 0.032 , 5 , 3 , 25 , 7 , 23 , 7 , 0 , 2 , 293 ,
Andy Ibanez , 191 , 0.243 , 0.033 , 4 , 2 , 22 , 6 , 21 , 6 , 2 , 2 , 294 ,
Joey Loperfido , 221 , 0.281 , 0.04 , 4 , 3 , 18 , 6 , 20 , 6 , 2 , 2 , 295 ,
Carlos Narvaez , 407 , 0.241 , 0.048 , 6 , 5 , 22 , 9 , 22 , 9 , 0 , 4 , 296 ,
Luisangel Acuna , 365 , 0.235 , 0.047 , 0 , 3 , 27 , 10 , 9 , 6 , 14 , 7 , 297 ,
Masataka Yoshida , 203 , 0.272 , 0.037 , 4 , 2 , 18 , 6 , 24 , 6 , 2 , 2 , 298 ,
Ryan Mountcastle , 195 , 0.26 , 0.034 , 5 , 3 , 20 , 6 , 22 , 6 , 1 , 1 , 299 ,
Chris Taylor , 180 , 0.206 , 0.031 , 3 , 2 , 21 , 6 , 18 , 5 , 3 , 2 , 300 ,
Nathan Lukes , 354 , 0.255 , 0.049 , 5 , 4 , 22 , 8 , 26 , 9 , 1 , 3 , 301 ,
James Outman , 205 , 0.163 , 0.031 , 6 , 3 , 21 , 6 , 16 , 5 , 2 , 2 , 302 ,
Isiah Kiner-Falefa , 183 , 0.264 , 0.035 , 2 , 1 , 19 , 5 , 16 , 5 , 5 , 3 , 303 ,
Travis d'Arnaud , 214 , 0.217 , 0.032 , 7 , 3 , 20 , 6 , 24 , 7 , 0 , 2 , 304 ,
Sam Haggerty , 208 , 0.25 , 0.039 , 1 , 2 , 22 , 6 , 10 , 4 , 10 , 4 , 305 ,
Wilmer Flores , 199 , 0.238 , 0.034 , 6 , 3 , 19 , 6 , 26 , 7 , 0 , 1 , 306 ,
Heriberto Hernandez , 331 , 0.263 , 0.051 , 6 , 4 , 22 , 8 , 25 , 9 , 0 , 3 , 307 ,
Jac Caglianone , 484 , 0.162 , 0.04 , 6 , 5 , 19 , 9 , 18 , 9 , 1 , 4 , 308 ,
James McCann , 178 , 0.241 , 0.034 , 6 , 3 , 21 , 6 , 22 , 6 , 0 , 1 , 309 ,
Justin Turner , 206 , 0.243 , 0.033 , 4 , 3 , 20 , 6 , 22 , 6 , 1 , 2 , 310 ,
Dillon Dingler , 401 , 0.276 , 0.049 , 5 , 4 , 22 , 9 , 24 , 9 , 0 , 4 , 311 ,
Alex Call , 161 , 0.273 , 0.037 , 3 , 2 , 20 , 5 , 16 , 5 , 3 , 2 , 312 ,
Gary Sanchez , 150 , 0.226 , 0.035 , 7 , 3 , 18 , 5 , 27 , 6 , 0 , 1 , 313 ,
Daniel Schneemann , 217 , 0.209 , 0.035 , 4 , 3 , 17 , 6 , 16 , 6 , 2 , 2 , 314 ,
Johan Rojas , 148 , 0.242 , 0.032 , 1 , 1 , 18 , 5 , 13 , 4 , 9 , 3 , 315 ,
Denzel Clarke , 342 , 0.23 , 0.044 , 2 , 3 , 18 , 7 , 9 , 5 , 5 , 4 , 316 ,
Samuel Basallo , 406 , 0.175 , 0.041 , 6 , 5 , 18 , 8 , 25 , 10 , 0 , 4 , 317 ,
Jose Tena , 226 , 0.257 , 0.036 , 1 , 2 , 19 , 6 , 16 , 6 , 4 , 3 , 317 ,
Marcelo Mayer , 386 , 0.226 , 0.045 , 5 , 4 , 26 , 10 , 15 , 7 , 0 , 3 , 319 ,
Jake Mangum , 294 , 0.292 , 0.049 , 1 , 2 , 13 , 6 , 13 , 6 , 8 , 4 , 320 ,
Henry Davis , 262 , 0.171 , 0.03 , 4 , 3 , 20 , 7 , 17 , 6 , 1 , 2 , 321 ,
Connor Wong , 215 , 0.226 , 0.032 , 2 , 2 , 20 , 6 , 14 , 5 , 2 , 2 , 322 ,
Alex Verdugo , 218 , 0.243 , 0.031 , 2 , 2 , 23 , 7 , 17 , 6 , 1 , 2 , 323 ,
Anthony Santander , 165 , 0.211 , 0.033 , 6 , 3 , 16 , 5 , 18 , 5 , 0 , 1 , 324 ,
Zack Gelof , 158 , 0.2 , 0.032 , 3 , 2 , 16 , 5 , 12 , 4 , 3 , 2 , 325 ,
Garrett Mitchell , 340 , 0.252 , 0.064 , 3 , 3 , 14 , 7 , 9 , 5 , 5 , 4 , 326 ,
Colby Thomas , 233 , 0.231 , 0.048 , 5 , 3 , 17 , 6 , 16 , 6 , 1 , 2 , 327 ,
Jake Rogers , 187 , 0.197 , 0.032 , 5 , 3 , 19 , 6 , 21 , 6 , 0 , 1 , 328 ,
Matt Shaw , 236 , 0.229 , 0.047 , 3 , 2 , 14 , 5 , 11 , 5 , 3 , 3 , 329 ,
Jasson Dominguez , 208 , 0.261 , 0.049 , 2 , 2 , 14 , 5 , 11 , 4 , 5 , 3 , 330 ,
Jose Iglesias , 188 , 0.269 , 0.036 , 2 , 1 , 17 , 5 , 16 , 5 , 2 , 2 , 331 ,
Oswaldo Cabrera , 161 , 0.243 , 0.033 , 2 , 2 , 21 , 5 , 16 , 5 , 1 , 1 , 332 ,
Max Kepler , 147 , 0.233 , 0.034 , 4 , 2 , 17 , 5 , 16 , 4 , 0 , 1 , 333 ,
Myles Straw , 176 , 0.255 , 0.039 , 1 , 1 , 18 , 5 , 11 , 4 , 4 , 2 , 334 ,
Santiago Espinal , 185 , 0.247 , 0.031 , 1 , 1 , 16 , 5 , 15 , 5 , 2 , 2 , 335 ,
Triston Casas , 181 , 0.209 , 0.034 , 6 , 3 , 13 , 5 , 18 , 5 , 0 , 1 , 336 ,
Jesse Winker , 277 , 0.236 , 0.048 , 3 , 2 , 15 , 6 , 15 , 6 , 2 , 2 , 337 ,
Luis Torrens , 217 , 0.228 , 0.034 , 3 , 2 , 16 , 5 , 19 , 6 , 0 , 2 , 338 ,
Christian Vazquez , 196 , 0.21 , 0.03 , 3 , 2 , 15 , 5 , 15 , 5 , 1 , 1 , 339 ,
Cole Young , 366 , 0.217 , 0.045 , 3 , 3 , 17 , 8 , 17 , 7 , 0 , 3 , 340 ,
Edgar Quero , 418 , 0.261 , 0.048 , 2 , 4 , 16 , 8 , 17 , 8 , 0 , 4 , 341 ,
Troy Johnston , 233 , 0.274 , 0.05 , 3 , 2 , 11 , 5 , 12 , 5 , 1 , 2 , 342 ,
Jon Berti , 159 , 0.232 , 0.037 , 0 , 1 , 13 , 4 , 5 , 4 , 9 , 3 , 343 ,
Luis Urias , 152 , 0.212 , 0.032 , 4 , 2 , 14 , 4 , 15 , 4 , 0 , 1 , 344 ,
Justyn-Henry Malloy , 202 , 0.215 , 0.036 , 3 , 2 , 16 , 5 , 18 , 6 , 0 , 2 , 345 ,
Matt Vierling , 234 , 0.26 , 0.048 , 2 , 2 , 15 , 6 , 11 , 5 , 1 , 2 , 346 ,
Luis Matos , 125 , 0.221 , 0.033 , 3 , 2 , 13 , 4 , 13 , 4 , 1 , 1 , 347 ,
Otto Kemp , 222 , 0.237 , 0.048 , 4 , 3 , 13 , 5 , 14 , 5 , 1 , 2 , 348 ,
Oswald Peraza , 212 , 0.172 , 0.035 , 2 , 2 , 11 , 4 , 9 , 4 , 3 , 2 , 349 ,
Liam Hicks , 291 , 0.246 , 0.048 , 2 , 2 , 14 , 6 , 16 , 6 , 0 , 2 , 350 ,
Hyeseong Kim , 168 , 0.279 , 0.048 , 1 , 1 , 9 , 4 , 8 , 3 , 5 , 3 , 351 ,
Michael Helman , 143 , 0.237 , 0.049 , 3 , 2 , 11 , 3 , 12 , 4 , 2 , 1 , 352 ,
Richie Palacios , 186 , 0.236 , 0.048 , 2 , 2 , 11 , 4 , 8 , 4 , 3 , 2 , 353 ,
Thomas Saggese , 324 , 0.253 , 0.047 , 1 , 3 , 13 , 6 , 13 , 6 , 1 , 3 , 354 ,
Elias Diaz , 136 , 0.233 , 0.033 , 3 , 2 , 13 , 4 , 15 , 4 , 0 , 1 , 354 ,
Javier Sanoja , 227 , 0.247 , 0.046 , 2 , 2 , 13 , 5 , 12 , 5 , 1 , 2 , 356 ,
Nolan Jones , 131 , 0.225 , 0.033 , 2 , 1 , 11 , 3 , 11 , 3 , 2 , 1 , 357 ,
Graham Pauley , 288 , 0.215 , 0.045 , 3 , 2 , 13 , 6 , 8 , 5 , 1 , 2 , 358 ,
Jonah Heim , 122 , 0.221 , 0.032 , 3 , 2 , 11 , 3 , 14 , 4 , 0 , 1 , 359 ,
Luis Campusano , 256 , 0.25 , 0.051 , 3 , 2 , 14 , 5 , 15 , 6 , 0 , 2 , 360 ,
Robert Hassell III , 243 , 0.225 , 0.044 , 1 , 2 , 12 , 5 , 10 , 4 , 2 , 2 , 361 ,
Austin Wynns , 143 , 0.269 , 0.043 , 4 , 2 , 10 , 3 , 15 , 4 , 0 , 1 , 362 ,
Chas McCormick , 107 , 0.218 , 0.032 , 2 , 1 , 12 , 3 , 8 , 3 , 2 , 1 , 363 ,
Orlando Arcia , 146 , 0.221 , 0.031 , 3 , 2 , 11 , 4 , 11 , 4 , 0 , 1 , 364 ,
Ronny Mauricio , 148 , 0.232 , 0.041 , 2 , 1 , 9 , 3 , 5 , 2 , 2 , 1 , 365 ,
Darell Hernaiz , 170 , 0.217 , 0.034 , 1 , 1 , 10 , 4 , 11 , 4 , 1 , 1 , 366 ,
Jorge Mateo , 130 , 0.228 , 0.045 , 1 , 1 , 9 , 3 , 5 , 2 , 4 , 2 , 367 ,
Tim Tawa , 157 , 0.201 , 0.045 , 2 , 2 , 9 , 3 , 6 , 3 , 2 , 1 , 368 ,
Leo Rivas , 144 , 0.244 , 0.049 , 1 , 1 , 11 , 4 , 6 , 2 , 3 , 2 , 369 ,
LaMonte Wade Jr. , 136 , 0.209 , 0.031 , 2 , 1 , 13 , 4 , 11 , 3 , 0 , 1 , 370 ,
Ildemaro Vargas , 105 , 0.259 , 0.034 , 1 , 1 , 9 , 3 , 13 , 3 , 1 , 1 , 371 ,
Bryce Teodosio , 209 , 0.208 , 0.044 , 0 , 2 , 8 , 4 , 5 , 3 , 4 , 2 , 372 ,
Eli White , 107 , 0.238 , 0.044 , 2 , 1 , 9 , 3 , 7 , 2 , 2 , 1 , 373 ,
Cody Freeman , 197 , 0.235 , 0.045 , 2 , 2 , 10 , 4 , 12 , 4 , 0 , 1 , 374 ,
Jahmai Jones , 136 , 0.28 , 0.054 , 3 , 2 , 9 , 3 , 10 , 3 , 0 , 1 , 375 ,
Jeremiah Jackson , 198 , 0.274 , 0.049 , 2 , 2 , 10 , 4 , 11 , 4 , 0 , 1 , 376 ,
Austin Hedges , 130 , 0.165 , 0.028 , 2 , 1 , 9 , 3 , 9 , 3 , 1 , 1 , 377 ,
Dalton Rushing , 194 , 0.214 , 0.045 , 2 , 2 , 9 , 4 , 14 , 5 , 0 , 1 , 378 ,
Adrian Del Castillo , 205 , 0.236 , 0.047 , 3 , 2 , 7 , 3 , 12 , 5 , 0 , 2 , 379 ,
Jonny DeLuca , 266 , 0.219 , 0.061 , 1 , 2 , 6 , 4 , 6 , 4 , 3 , 2 , 380 ,
Nick Allen , 135 , 0.208 , 0.029 , 0 , 1 , 10 , 3 , 7 , 3 , 1 , 1 , 381 ,
Tyler Locklear , 180 , 0.176 , 0.041 , 2 , 1 , 8 , 3 , 5 , 3 , 2 , 1 , 382 ,
Ben Williamson , 192 , 0.257 , 0.047 , 0 , 1 , 11 , 4 , 7 , 3 , 1 , 1 , 383 ,
Mark Canha , 113 , 0.232 , 0.032 , 1 , 1 , 10 , 3 , 8 , 3 , 1 , 1 , 384 ,
DJ LeMahieu , 116 , 0.242 , 0.032 , 1 , 1 , 10 , 3 , 10 , 3 , 0 , 1 , 385 ,
Vaughn Grissom , 272 , 0.215 , 0.054 , 0 , 2 , 10 , 5 , 6 , 4 , 1 , 2 , 386 ,
Drew Gilbert , 170 , 0.195 , 0.043 , 2 , 2 , 9 , 3 , 10 , 4 , 0 , 1 , 387 ,
Tyler Heineman , 135 , 0.277 , 0.046 , 1 , 1 , 10 , 3 , 8 , 3 , 1 , 1 , 388 ,
Ryan Ritter , 202 , 0.238 , 0.047 , 0 , 2 , 10 , 4 , 8 , 4 , 1 , 2 , 389 ,
John Rave , 132 , 0.193 , 0.043 , 1 , 1 , 6 , 2 , 5 , 2 , 2 , 1 , 390 ,
Nick Loftin , 129 , 0.205 , 0.034 , 1 , 1 , 9 , 3 , 9 , 3 , 0 , 1 , 391 ,
Braxton Fulford , 195 , 0.218 , 0.045 , 1 , 1 , 9 , 4 , 12 , 4 , 0 , 1 , 392 ,
Andres Chaparro , 262 , 0.215 , 0.059 , 2 , 2 , 7 , 4 , 8 , 4 , 0 , 2 , 393 ,
Kyle Karros , 229 , 0.229 , 0.047 , 1 , 2 , 14 , 5 , 7 , 4 , 0 , 2 , 394 ,
Yohel Pozo , 163 , 0.238 , 0.046 , 2 , 1 , 7 , 3 , 9 , 3 , 0 , 1 , 395 ,
Hunter Feduccia , 248 , 0.155 , 0.042 , 0 , 2 , 6 , 4 , 9 , 4 , 1 , 2 , 396 ,
Jarred Kelenic , 101 , 0.223 , 0.046 , 1 , 1 , 5 , 2 , 5 , 2 , 0 , 1 , 397 ,
Zach Dezenzo , 119 , 0.251 , 0.047 , 1 , 1 , 9 , 3 , 5 , 2 , 0 , 1 , 398 ,
Kristian Campbell , 145 , 0.214 , 0.045 , 1 , 1 , 6 , 3 , 5 , 2 , 0 , 1 , 399 ,
Eric Wagaman , 132 , 0.253 , 0.046 , 1 , 1 , 7 , 3 , 7 , 3 , 0 , 1 , 400 ,
Alan Roden , 170 , 0.189 , 0.042 , 1 , 1 , 8 , 3 , 5 , 2 , 0 , 1 , 401 ,
Jerar Encarnacion , 135 , 0.251 , 0.062 , 1 , 1 , 4 , 2 , 6 , 2 , 0 , 1 , 402 ,
Rafael Marchan , 140 , 0.216 , 0.044 , 1 , 1 , 5 , 2 , 7 , 3 , 0 , 1 , 403 ,
Korey Lee , 104 , 0.211 , 0.057 , 0 , 1 , 2 , 1 , 3 , 1 , 0 , 1 , 404 ,
Everson Pereira , 192 , 0.157 , 0.1 , 0 , 1 , 1 , 1 , 2 , 2 , 0 , 1 , 405 ,
Brett Harris , 150 , 0.157 , 0.055 , 1 , 1 , 5 , 2 , 4 , 2 , 0 , 1 , 406 ,
Adael Amador , 104 , 0.178 , 0.042 , 0 , 1 , 2 , 1 , 4 , 2 , 0 , 1 , 407 ,
Andrew Knizner , 114 , 0.231 , 0.079 , 0 , 1 , 2 , 1 , 2 , 1 , 0 , 1 , 408 ,
Leo Jimenez , 101 , 0.231 , 0.064 , 0 , 1 , 2 , 1 , 2 , 1 , 0 , 1 , 409 ,
Joey Wiemer , 121 , 0.204 , 0.103 , 0 , 1 , 1 , 1 , 1 , 1 , 0 , 1 , 410 ,
