Name,IP,SO,eSO,ERA,eERA,WHIP,eWHIP,W,eW,S,eS,Rank,
Paul Skenes , 186 , 224 , 14 , 2.13 , 1.4 , 0.97 , 0.23 , 16 , 4 , 0 , 0 , 1 ,
Tarik Skubal , 195 , 234 , 15 , 2.54 , 0.78 , 0.95 , 0.27 , 15 , 4 , 0 , 0 , 2 ,
Jacob deGrom , 160 , 190 , 28 , 2.87 , 0.4 , 0.9 , 0.31 , 13 , 6 , 0 , 0 , 3 ,
Garrett Crochet , 186 , 240 , 34 , 2.95 , 0.38 , 1.05 , 0.21 , 14 , 8 , 0 , 0 , 4 ,
Chris Sale , 157 , 200 , 22 , 2.75 , 0.4 , 1.06 , 0.19 , 13 , 6 , 0 , 0 , 5 ,
Bryan Woo , 187 , 184 , 13 , 3.03 , 0.38 , 0.97 , 0.25 , 14 , 8 , 0 , 0 , 6 ,
Edwin Diaz , 67 , 102 , 12 , 2.28 , 0.55 , 0.93 , 0.25 , 2 , 4 , 37 , 12 , 7 ,
Yoshinobu Yamamoto , 158 , 185 , 13 , 2.73 , 0.39 , 1.04 , 0.13 , 13 , 6 , 0 , 0 , 8 ,
Nolan McLean , 150 , 178 , 13 , 2.22 , 1.26 , 1.05 , 0.14 , 14 , 4 , 0 , 0 , 9 ,
Cade Smith , 71 , 98 , 9 , 2.54 , 0.57 , 0.97 , 0.41 , 2 , 4 , 38 , 12 , 10 ,
Hunter Greene , 169 , 206 , 14 , 3.14 , 0.41 , 1.06 , 0.22 , 13 , 7 , 0 , 0 , 11 ,
Brandon Woodruff , 146 , 180 , 23 , 2.96 , 0.43 , 0.95 , 0.32 , 11 , 5 , 0 , 0 , 11 ,
Kyle Bradish , 140 , 188 , 13 , 2.83 , 0.43 , 1.07 , 0.27 , 11 , 5 , 0 , 0 , 13 ,
Mason Miller , 64 , 100 , 21 , 2.67 , 0.61 , 0.97 , 0.29 , 1 , 4 , 37 , 12 , 14 ,
Nathan Eovaldi , 163 , 158 , 12 , 2.82 , 0.66 , 1.01 , 0.22 , 13 , 4 , 0 , 0 , 15 ,
Zack Wheeler , 138 , 165 , 12 , 2.8 , 0.43 , 0.99 , 0.24 , 11 , 5 , 0 , 0 , 16 ,
Logan Gilbert , 165 , 190 , 23 , 3.33 , 0.55 , 1.02 , 0.24 , 12 , 4 , 0 , 0 , 17 ,
Freddy Peralta , 166 , 194 , 13 , 3.14 , 0.43 , 1.1 , 0.2 , 12 , 6 , 0 , 0 , 18 ,
Joe Ryan , 169 , 192 , 13 , 3.46 , 1.07 , 1.05 , 0.28 , 12 , 4 , 0 , 0 , 19 ,
Nick Pivetta , 171 , 189 , 15 , 3.37 , 0.95 , 1.06 , 0.17 , 12 , 4 , 0 , 0 , 20 ,
Drew Rasmussen , 157 , 157 , 12 , 2.81 , 0.4 , 1.05 , 0.27 , 13 , 6 , 0 , 0 , 21 ,
Josh Hader , 63 , 93 , 9 , 2.71 , 0.62 , 0.97 , 0.33 , 1 , 4 , 34 , 11 , 22 ,
Andres Munoz , 64 , 86 , 9 , 2.11 , 1.12 , 1.03 , 0.22 , 2 , 4 , 36 , 12 , 23 ,
Max Fried , 181 , 176 , 13 , 3.03 , 1.14 , 1.13 , 0.16 , 13 , 4 , 0 , 0 , 24 ,
Aroldis Chapman , 61 , 90 , 9 , 2.51 , 0.61 , 1.02 , 0.21 , 1 , 4 , 33 , 11 , 25 ,
Blake Snell , 140 , 178 , 13 , 2.64 , 0.41 , 1.16 , 0.24 , 12 , 5 , 0 , 0 , 26 ,
Hunter Brown , 180 , 198 , 14 , 3.2 , 0.45 , 1.16 , 0.13 , 13 , 6 , 0 , 0 , 26 ,
Emmet Sheehan , 136 , 161 , 12 , 3.24 , 0.46 , 1.04 , 0.22 , 9 , 4 , 0 , 0 , 28 ,
Shohei Ohtani , 116 , 151 , 12 , 2.87 , 0.47 , 1.04 , 0.28 , 8 , 4 , 0 , 0 , 29 ,
Tyler Glasnow , 132 , 161 , 12 , 3.2 , 0.61 , 1.05 , 0.31 , 9 , 4 , 0 , 0 , 30 ,
Cristopher Sanchez , 193 , 184 , 19 , 3.26 , 1.45 , 1.16 , 0.25 , 13 , 4 , 0 , 0 , 31 ,
Jhoan Duran , 68 , 82 , 9 , 2.65 , 0.59 , 1.09 , 0.27 , 2 , 4 , 34 , 11 , 32 ,
Ryan Pepiot , 166 , 171 , 13 , 3.42 , 0.92 , 1.11 , 0.19 , 12 , 4 , 0 , 0 , 33 ,
Raisel Iglesias , 67 , 73 , 8 , 2.69 , 0.6 , 0.94 , 0.24 , 1 , 4 , 35 , 11 , 34 ,
Michael King , 158 , 176 , 13 , 3.13 , 0.42 , 1.16 , 0.16 , 12 , 6 , 0 , 0 , 35 ,
Reynaldo Lopez , 130 , 147 , 14 , 2.63 , 1.45 , 1.13 , 0.16 , 10 , 4 , 0 , 0 , 36 ,
Shota Imanaga , 152 , 137 , 15 , 3.32 , 0.95 , 1.0 , 0.37 , 11 , 4 , 0 , 0 , 37 ,
Framber Valdez , 188 , 184 , 13 , 3.4 , 0.48 , 1.19 , 0.16 , 13 , 6 , 0 , 0 , 38 ,
Kevin Gausman , 180 , 181 , 13 , 3.6 , 0.42 , 1.15 , 0.13 , 12 , 7 , 0 , 0 , 39 ,
Logan Webb , 198 , 189 , 22 , 3.41 , 1.0 , 1.21 , 0.29 , 13 , 4 , 0 , 0 , 40 ,
Luis Castillo , 178 , 174 , 14 , 3.49 , 0.42 , 1.16 , 0.14 , 12 , 7 , 0 , 0 , 41 ,
Noah Cameron , 146 , 124 , 27 , 2.96 , 0.43 , 1.08 , 0.17 , 11 , 5 , 0 , 0 , 42 ,
Pablo Lopez , 164 , 169 , 13 , 3.4 , 0.43 , 1.16 , 0.16 , 12 , 6 , 0 , 0 , 43 ,
Shane McClanahan , 129 , 140 , 11 , 3.07 , 0.56 , 1.1 , 0.23 , 9 , 4 , 0 , 0 , 44 ,
Sonny Gray , 172 , 190 , 19 , 3.77 , 0.63 , 1.17 , 0.19 , 11 , 4 , 0 , 0 , 45 ,
Matthew Boyd , 161 , 157 , 12 , 3.41 , 0.44 , 1.15 , 0.15 , 11 , 6 , 0 , 0 , 46 ,
Kris Bubic , 140 , 150 , 12 , 2.96 , 1.16 , 1.17 , 0.19 , 11 , 4 , 0 , 0 , 47 ,
Eury Perez , 139 , 158 , 14 , 3.76 , 1.62 , 1.06 , 0.21 , 9 , 4 , 0 , 0 , 48 ,
George Kirby , 171 , 172 , 13 , 3.79 , 0.45 , 1.15 , 0.28 , 11 , 6 , 0 , 0 , 49 ,
Gerrit Cole , 121 , 129 , 14 , 3.2 , 0.49 , 1.08 , 0.16 , 7 , 4 , 0 , 0 , 50 ,
Trevor Megill , 65 , 79 , 8 , 2.91 , 0.63 , 1.14 , 0.22 , 1 , 4 , 31 , 11 , 51 ,
Merrill Kelly , 170 , 156 , 12 , 3.6 , 0.44 , 1.15 , 0.14 , 11 , 6 , 0 , 0 , 52 ,
Robbie Ray , 170 , 200 , 14 , 3.92 , 0.9 , 1.19 , 0.2 , 11 , 4 , 0 , 0 , 53 ,
Griffin Jax , 68 , 91 , 14 , 3.44 , 0.67 , 1.15 , 0.3 , 1 , 4 , 31 , 11 , 54 ,
Carlos Rodon , 148 , 158 , 12 , 3.71 , 0.97 , 1.14 , 0.17 , 10 , 4 , 0 , 0 , 55 ,
Tyler Mahle , 131 , 112 , 10 , 2.75 , 1.24 , 1.14 , 0.15 , 10 , 4 , 0 , 0 , 56 ,
Cade Horton , 129 , 104 , 12 , 2.79 , 1.26 , 1.09 , 0.17 , 10 , 4 , 0 , 0 , 57 ,
Jeff Hoffman , 64 , 80 , 8 , 3.23 , 0.7 , 1.09 , 0.25 , 1 , 4 , 29 , 10 , 58 ,
Andrew Abbott , 166 , 150 , 12 , 3.31 , 0.49 , 1.21 , 0.15 , 12 , 5 , 0 , 0 , 59 ,
Tanner Bibee , 178 , 173 , 13 , 3.79 , 0.44 , 1.19 , 0.13 , 11 , 6 , 0 , 0 , 60 ,
Trevor Rogers , 151 , 135 , 11 , 3.28 , 0.6 , 1.18 , 0.18 , 11 , 4 , 0 , 0 , 61 ,
Abner Uribe , 72 , 88 , 9 , 1.88 , 1.62 , 1.06 , 0.29 , 2 , 5 , 0 , 0 , 62 ,
Joe Musgrove , 147 , 148 , 12 , 3.55 , 0.47 , 1.16 , 0.2 , 10 , 4 , 0 , 0 , 63 ,
Cole Ragans , 155 , 207 , 32 , 4.01 , 0.48 , 1.2 , 0.15 , 10 , 5 , 0 , 0 , 64 ,
Jesus Luzardo , 175 , 191 , 13 , 4.06 , 0.77 , 1.21 , 0.18 , 11 , 4 , 0 , 0 , 65 ,
Carlos Estevez , 66 , 61 , 8 , 2.73 , 0.61 , 1.06 , 0.21 , 1 , 4 , 32 , 11 , 66 ,
Bryan Abreu , 68 , 97 , 9 , 2.38 , 0.56 , 1.12 , 0.26 , 2 , 4 , 0 , 0 , 67 ,
Daniel Palencia , 66 , 77 , 8 , 3.14 , 0.65 , 1.17 , 0.21 , 1 , 4 , 29 , 10 , 68 ,
Devin Williams , 65 , 94 , 12 , 3.88 , 0.73 , 1.11 , 0.31 , 1 , 4 , 25 , 10 , 70 ,
Braxton Ashcraft , 132 , 134 , 11 , 2.93 , 1.36 , 1.24 , 0.25 , 10 , 4 , 0 , 0 , 70 ,
Ranger Suarez , 165 , 158 , 12 , 3.49 , 0.55 , 1.25 , 0.15 , 11 , 4 , 0 , 0 , 70 ,
Shane Bieber , 116 , 106 , 10 , 3.41 , 0.78 , 1.05 , 0.32 , 6 , 4 , 0 , 0 , 72 ,
Edwin Uceta , 71 , 98 , 9 , 3.04 , 1.27 , 1.07 , 0.37 , 2 , 4 , 0 , 0 , 73 ,
Tony Santillan , 69 , 83 , 9 , 2.61 , 0.58 , 1.04 , 0.2 , 2 , 4 , 0 , 0 , 74 ,
Michael Wacha , 167 , 136 , 12 , 3.56 , 0.44 , 1.2 , 0.14 , 11 , 6 , 0 , 0 , 75 ,
Dylan Cease , 175 , 218 , 14 , 4.01 , 0.45 , 1.25 , 0.14 , 11 , 6 , 0 , 0 , 76 ,
Kenley Jansen , 59 , 63 , 7 , 2.9 , 0.66 , 1.02 , 0.22 , 1 , 4 , 27 , 10 , 77 ,
Emilio Pagan , 66 , 77 , 8 , 3.55 , 0.7 , 1.11 , 0.31 , 1 , 4 , 28 , 10 , 78 ,
Jeremiah Estrada , 71 , 105 , 10 , 3.04 , 0.89 , 1.1 , 0.26 , 2 , 4 , 0 , 0 , 78 ,
David Bednar , 65 , 80 , 8 , 3.32 , 0.68 , 1.17 , 0.22 , 1 , 4 , 26 , 10 , 80 ,
Seth Lugo , 160 , 142 , 11 , 3.66 , 0.45 , 1.2 , 0.15 , 11 , 5 , 0 , 0 , 81 ,
Jameson Taillon , 154 , 121 , 11 , 3.68 , 0.46 , 1.12 , 0.28 , 10 , 5 , 0 , 0 , 82 ,
Clay Holmes , 149 , 138 , 11 , 3.26 , 0.44 , 1.24 , 0.27 , 11 , 5 , 0 , 0 , 83 ,
Shane Smith , 158 , 158 , 12 , 3.82 , 0.47 , 1.22 , 0.29 , 10 , 5 , 0 , 0 , 84 ,
Jeffrey Springs , 166 , 153 , 16 , 3.63 , 0.44 , 1.24 , 0.17 , 11 , 6 , 0 , 0 , 85 ,
Luis Morales , 113 , 102 , 10 , 3.11 , 0.56 , 1.12 , 0.27 , 7 , 4 , 0 , 0 , 86 ,
Matt Svanson , 65 , 75 , 8 , 2.08 , 1.38 , 0.91 , 0.39 , 2 , 4 , 0 , 0 , 87 ,
Matt Strahm , 65 , 78 , 8 , 2.63 , 0.6 , 1.0 , 0.2 , 1 , 4 , 0 , 0 , 88 ,
Spencer Schwellenbac , 84 , 83 , 9 , 3.11 , 0.58 , 1.0 , 0.31 , 2 , 4 , 0 , 0 , 89 ,
Pete Fairbanks , 62 , 65 , 8 , 3.05 , 0.67 , 1.08 , 0.22 , 1 , 4 , 26 , 10 , 90 ,
Alex Vesia , 63 , 85 , 9 , 2.71 , 0.62 , 1.05 , 0.22 , 1 , 4 , 0 , 0 , 91 ,
Hurston Waldrep , 110 , 108 , 10 , 3.03 , 1.15 , 1.19 , 0.31 , 6 , 4 , 0 , 0 , 92 ,
Riley O'Brien , 63 , 59 , 7 , 2.14 , 1.0 , 1.11 , 0.43 , 1 , 4 , 30 , 10 , 93 ,
Zac Gallen , 176 , 170 , 18 , 4.19 , 0.46 , 1.23 , 0.16 , 10 , 6 , 0 , 0 , 94 ,
Robert Stephenson , 57 , 74 , 8 , 3.79 , 0.77 , 1.05 , 0.39 , 1 , 4 , 22 , 9 , 95 ,
Zack Littell , 157 , 125 , 11 , 3.84 , 0.47 , 1.18 , 0.33 , 10 , 5 , 0 , 0 , 96 ,
Nick Lodolo , 150 , 161 , 15 , 4.08 , 0.49 , 1.22 , 0.22 , 9 , 4 , 0 , 0 , 97 ,
Chad Patrick , 135 , 142 , 16 , 3.53 , 0.49 , 1.27 , 0.16 , 9 , 4 , 0 , 0 , 98 ,
Erik Sabrowski , 60 , 86 , 9 , 1.95 , 1.05 , 1.15 , 0.65 , 1 , 4 , 0 , 0 , 99 ,
Ryne Nelson , 160 , 129 , 18 , 3.94 , 0.47 , 1.2 , 0.18 , 10 , 5 , 0 , 0 , 100 ,
Gavin Williams , 166 , 171 , 13 , 3.8 , 0.92 , 1.31 , 0.15 , 11 , 4 , 0 , 0 , 101 ,
Brady Singer , 168 , 159 , 12 , 4.02 , 0.46 , 1.26 , 0.14 , 10 , 5 , 0 , 0 , 102 ,
Garrett Cleavinger , 65 , 85 , 10 , 2.91 , 0.63 , 1.12 , 0.23 , 1 , 4 , 0 , 0 , 103 ,
Aaron Ashby , 66 , 77 , 8 , 2.59 , 0.59 , 1.12 , 0.22 , 1 , 4 , 0 , 0 , 104 ,
Clayton Beeter , 63 , 84 , 10 , 3.86 , 2.43 , 1.17 , 0.68 , 1 , 26 , 23 , 9 , 105 ,
Joey Cantillo , 133 , 154 , 19 , 3.79 , 0.51 , 1.26 , 0.18 , 8 , 4 , 0 , 0 , 105 ,
Kyle Leahy , 117 , 98 , 12 , 3.46 , 0.52 , 1.16 , 0.2 , 6 , 4 , 0 , 0 , 107 ,
Andrew Kittredge , 67 , 74 , 8 , 3.09 , 0.64 , 1.01 , 0.23 , 1 , 4 , 0 , 0 , 108 ,
Yusei Kikuchi , 168 , 180 , 13 , 3.96 , 0.86 , 1.32 , 0.22 , 10 , 4 , 0 , 0 , 109 ,
Parker Messick , 119 , 115 , 10 , 2.87 , 1.36 , 1.29 , 0.63 , 8 , 4 , 0 , 0 , 110 ,
Dylan Lee , 66 , 76 , 8 , 3.0 , 0.64 , 1.06 , 0.27 , 1 , 4 , 0 , 0 , 111 ,
Nick Martinez , 142 , 112 , 10 , 3.8 , 0.49 , 1.17 , 0.2 , 9 , 4 , 0 , 0 , 112 ,
Jack Flaherty , 158 , 183 , 16 , 4.22 , 0.49 , 1.28 , 0.18 , 9 , 5 , 0 , 0 , 113 ,
Robert Suarez , 68 , 68 , 8 , 2.91 , 0.62 , 0.96 , 0.19 , 1 , 4 , 0 , 0 , 113 ,
Mike Burrows , 129 , 129 , 11 , 3.84 , 0.52 , 1.22 , 0.16 , 7 , 4 , 0 , 0 , 115 ,
Adrian Morejon , 69 , 68 , 8 , 2.61 , 0.91 , 1.07 , 0.25 , 2 , 4 , 0 , 0 , 116 ,
Garrett Whitlock , 68 , 81 , 9 , 3.04 , 0.66 , 1.13 , 0.23 , 1 , 4 , 0 , 0 , 117 ,
Bryan King , 66 , 71 , 8 , 2.73 , 1.09 , 1.08 , 0.22 , 1 , 4 , 0 , 0 , 118 ,
Phil Maton , 65 , 77 , 8 , 3.05 , 0.65 , 1.08 , 0.21 , 1 , 4 , 0 , 0 , 119 ,
Jacob Misiorowski , 139 , 183 , 13 , 4.34 , 0.53 , 1.26 , 0.27 , 7 , 4 , 0 , 0 , 120 ,
Mitch Keller , 175 , 157 , 14 , 4.06 , 0.77 , 1.27 , 0.16 , 11 , 4 , 0 , 0 , 120 ,
Justin Steele , 84 , 85 , 9 , 3.21 , 0.86 , 1.15 , 0.19 , 2 , 4 , 0 , 0 , 122 ,
Kodai Senga , 114 , 117 , 10 , 3.16 , 1.11 , 1.29 , 0.17 , 7 , 4 , 0 , 0 , 123 ,
Shane Baz , 155 , 155 , 12 , 4.24 , 0.5 , 1.25 , 0.23 , 9 , 4 , 0 , 0 , 124 ,
Chris Bassitt , 166 , 162 , 12 , 3.96 , 0.46 , 1.33 , 0.14 , 10 , 5 , 0 , 0 , 125 ,
Eduard Bazardo , 67 , 75 , 8 , 3.36 , 0.67 , 1.04 , 0.2 , 1 , 4 , 0 , 0 , 126 ,
Ryan Helsley , 64 , 77 , 8 , 3.38 , 0.84 , 1.28 , 0.23 , 1 , 4 , 24 , 9 , 127 ,
Seranthony Dominguez , 64 , 77 , 8 , 3.66 , 0.72 , 1.23 , 0.28 , 1 , 4 , 21 , 9 , 128 ,
Robert Garcia , 64 , 71 , 8 , 3.52 , 0.7 , 1.22 , 0.22 , 1 , 4 , 24 , 9 , 129 ,
Bailey Ober , 141 , 128 , 16 , 4.28 , 0.77 , 1.17 , 0.27 , 8 , 4 , 0 , 0 , 130 ,
Spencer Strider , 155 , 183 , 13 , 4.18 , 0.49 , 1.31 , 0.17 , 9 , 4 , 0 , 0 , 131 ,
Dean Kremer , 146 , 126 , 11 , 4.01 , 0.74 , 1.23 , 0.15 , 9 , 4 , 0 , 0 , 132 ,
Edward Cabrera , 137 , 149 , 21 , 3.94 , 0.51 , 1.27 , 0.17 , 8 , 4 , 0 , 0 , 132 ,
Hunter Gaddis , 67 , 66 , 9 , 2.82 , 0.62 , 1.06 , 0.2 , 1 , 4 , 0 , 0 , 134 ,
Aaron Nola , 168 , 173 , 13 , 4.77 , 0.91 , 1.26 , 0.27 , 9 , 4 , 0 , 0 , 135 ,
Dennis Santana , 69 , 62 , 7 , 3.0 , 0.63 , 1.0 , 0.23 , 1 , 4 , 0 , 0 , 136 ,
Tyler Wells , 82 , 73 , 8 , 3.62 , 1.21 , 1.04 , 0.29 , 2 , 4 , 0 , 0 , 137 ,
Shawn Armstrong , 69 , 69 , 8 , 3.13 , 0.65 , 1.09 , 0.23 , 1 , 4 , 0 , 0 , 138 ,
Jose Soriano , 169 , 158 , 16 , 4.05 , 1.07 , 1.33 , 0.25 , 10 , 4 , 0 , 0 , 139 ,
Grayson Rodriguez , 120 , 129 , 21 , 3.9 , 0.54 , 1.27 , 0.17 , 6 , 4 , 0 , 0 , 140 ,
Brayan Bello , 158 , 132 , 11 , 3.87 , 0.47 , 1.3 , 0.17 , 10 , 5 , 0 , 0 , 141 ,
Lucas Giolito , 142 , 128 , 15 , 3.8 , 0.49 , 1.3 , 0.16 , 9 , 4 , 0 , 0 , 142 ,
David Peterson , 161 , 151 , 12 , 3.91 , 0.47 , 1.35 , 0.27 , 10 , 5 , 0 , 0 , 143 ,
Tyler Holton , 71 , 59 , 7 , 2.92 , 0.61 , 0.94 , 0.32 , 2 , 4 , 0 , 0 , 144 ,
Chase Burns , 127 , 191 , 46 , 4.54 , 0.57 , 1.31 , 0.27 , 6 , 4 , 0 , 0 , 145 ,
Sean Manaea , 125 , 139 , 23 , 4.61 , 1.08 , 1.21 , 0.28 , 5 , 4 , 0 , 0 , 146 ,
Jose Berrios , 133 , 111 , 11 , 3.92 , 0.54 , 1.24 , 0.18 , 7 , 4 , 0 , 0 , 146 ,
Brooks Raley , 60 , 68 , 8 , 2.7 , 0.64 , 1.12 , 0.26 , 1 , 4 , 0 , 0 , 148 ,
MacKenzie Gore , 161 , 183 , 13 , 4.25 , 0.56 , 1.39 , 0.18 , 9 , 4 , 0 , 0 , 149 ,
Jacob Lopez , 126 , 156 , 16 , 4.14 , 0.57 , 1.29 , 0.27 , 6 , 4 , 0 , 0 , 150 ,
Sandy Alcantara , 178 , 147 , 12 , 4.8 , 0.49 , 1.25 , 0.28 , 9 , 5 , 0 , 0 , 151 ,
Isaac Mattson , 64 , 61 , 7 , 2.53 , 0.6 , 1.09 , 0.29 , 1 , 4 , 0 , 0 , 152 ,
Jose Quintana , 133 , 98 , 9 , 3.72 , 0.5 , 1.26 , 0.18 , 8 , 4 , 0 , 0 , 153 ,
Alek Manoah , 95 , 94 , 12 , 3.88 , 0.95 , 1.18 , 0.26 , 2 , 4 , 0 , 0 , 154 ,
Jacob Latz , 102 , 94 , 11 , 3.18 , 0.53 , 1.29 , 0.37 , 5 , 4 , 0 , 0 , 155 ,
Johan Oviedo , 107 , 108 , 10 , 3.79 , 0.76 , 1.26 , 0.3 , 5 , 4 , 0 , 0 , 156 ,
Michael Lorenzen , 142 , 119 , 10 , 4.06 , 0.63 , 1.26 , 0.17 , 8 , 4 , 0 , 0 , 157 ,
Grant Holmes , 113 , 118 , 10 , 3.82 , 0.55 , 1.28 , 0.21 , 5 , 4 , 0 , 0 , 158 ,
Jimmy Herget , 76 , 72 , 8 , 3.08 , 1.3 , 1.2 , 0.2 , 2 , 4 , 0 , 0 , 159 ,
Yimi Garcia , 58 , 68 , 8 , 3.41 , 0.73 , 1.0 , 0.27 , 1 , 4 , 0 , 0 , 160 ,
Bryce Miller , 142 , 125 , 11 , 4.5 , 0.53 , 1.23 , 0.2 , 7 , 4 , 0 , 0 , 161 ,
Cole Winn , 63 , 54 , 9 , 1.71 , 1.86 , 0.97 , 0.38 , 2 , 12 , 0 , 0 , 162 ,
Justin Verlander , 138 , 123 , 11 , 4.04 , 0.51 , 1.28 , 0.15 , 8 , 4 , 0 , 0 , 163 ,
Steven Matz , 126 , 102 , 10 , 3.93 , 0.53 , 1.25 , 0.24 , 7 , 4 , 0 , 0 , 164 ,
Matt Brash , 61 , 78 , 8 , 2.8 , 0.74 , 1.25 , 0.26 , 1 , 4 , 0 , 0 , 165 ,
Ryan Walker , 64 , 70 , 8 , 3.23 , 0.67 , 1.14 , 0.22 , 1 , 4 , 0 , 0 , 166 ,
Max Scherzer , 110 , 110 , 10 , 4.25 , 1.31 , 1.2 , 0.27 , 4 , 4 , 0 , 0 , 167 ,
Luis Severino , 175 , 147 , 12 , 4.53 , 0.48 , 1.31 , 0.15 , 10 , 5 , 0 , 0 , 168 ,
Will Vest , 67 , 69 , 8 , 3.09 , 0.81 , 1.18 , 0.25 , 1 , 4 , 0 , 0 , 169 ,
A.J. Minter , 54 , 60 , 7 , 2.83 , 0.69 , 1.04 , 0.23 , 1 , 4 , 0 , 0 , 170 ,
Bryan Baker , 65 , 77 , 8 , 3.74 , 1.11 , 1.14 , 0.25 , 1 , 4 , 0 , 0 , 171 ,
Braxton Garrett , 123 , 114 , 21 , 4.54 , 0.59 , 1.21 , 0.34 , 5 , 4 , 0 , 0 , 172 ,
Gabe Speier , 58 , 76 , 9 , 3.72 , 0.76 , 1.09 , 0.22 , 1 , 4 , 0 , 0 , 173 ,
Jared Jones , 87 , 93 , 13 , 4.03 , 0.72 , 1.2 , 0.23 , 2 , 4 , 0 , 0 , 174 ,
Luis Gil , 101 , 88 , 9 , 3.39 , 0.55 , 1.3 , 0.36 , 5 , 4 , 0 , 0 , 175 ,
Orion Kerkering , 64 , 70 , 8 , 2.95 , 0.7 , 1.22 , 0.27 , 1 , 4 , 0 , 0 , 176 ,
Casey Mize , 145 , 127 , 11 , 4.1 , 0.5 , 1.33 , 0.22 , 8 , 4 , 0 , 0 , 177 ,
Caleb Thielbar , 64 , 68 , 8 , 3.52 , 0.7 , 1.11 , 0.21 , 1 , 4 , 0 , 0 , 178 ,
Bennett Sousa , 49 , 58 , 7 , 2.76 , 0.71 , 1.04 , 0.24 , 1 , 4 , 0 , 0 , 180 ,
Cristian Javier , 142 , 129 , 11 , 4.37 , 0.95 , 1.3 , 0.22 , 8 , 4 , 0 , 0 , 180 ,
Jason Adam , 49 , 55 , 7 , 2.2 , 1.1 , 1.0 , 0.23 , 1 , 5 , 0 , 0 , 180 ,
Tommy Nance , 56 , 59 , 7 , 2.57 , 2.09 , 1.11 , 0.35 , 1 , 24 , 0 , 0 , 182 ,
Brad Lord , 135 , 110 , 14 , 4.13 , 1.2 , 1.27 , 0.17 , 7 , 4 , 0 , 0 , 183 ,
Tyler Rogers , 72 , 50 , 8 , 2.62 , 1.62 , 1.04 , 0.43 , 2 , 5 , 0 , 0 , 184 ,
Jared Koenig , 66 , 64 , 8 , 3.0 , 1.09 , 1.2 , 0.23 , 1 , 4 , 0 , 0 , 185 ,
Simeon Woods Richard , 118 , 112 , 14 , 4.04 , 0.56 , 1.29 , 0.19 , 5 , 4 , 0 , 0 , 185 ,
Brandon Pfaadt , 166 , 150 , 13 , 4.99 , 1.14 , 1.31 , 0.25 , 8 , 4 , 0 , 0 , 187 ,
JoJo Romero , 64 , 59 , 7 , 2.67 , 0.61 , 1.16 , 0.3 , 1 , 4 , 0 , 0 , 188 ,
Luke Weaver , 68 , 76 , 8 , 3.97 , 0.72 , 1.13 , 0.25 , 1 , 4 , 0 , 0 , 189 ,
Tanner Scott , 64 , 73 , 8 , 3.52 , 0.7 , 1.19 , 0.27 , 1 , 4 , 0 , 0 , 190 ,
Ryan Weathers , 122 , 113 , 10 , 4.2 , 0.56 , 1.29 , 0.2 , 6 , 4 , 0 , 0 , 191 ,
Kade Strowd , 58 , 54 , 7 , 1.86 , 1.55 , 1.09 , 0.5 , 1 , 9 , 0 , 0 , 192 ,
Reid Detmers , 139 , 169 , 13 , 4.79 , 0.56 , 1.39 , 0.16 , 6 , 4 , 0 , 0 , 193 ,
Davis Martin , 148 , 121 , 12 , 4.2 , 0.51 , 1.34 , 0.16 , 9 , 4 , 0 , 0 , 194 ,
Sean Burke , 139 , 139 , 11 , 4.14 , 0.52 , 1.42 , 0.35 , 8 , 4 , 0 , 0 , 195 ,
Zach Eflin , 144 , 114 , 10 , 4.62 , 1.0 , 1.27 , 0.38 , 7 , 4 , 0 , 0 , 196 ,
Slade Cecconi , 151 , 121 , 17 , 4.95 , 0.6 , 1.26 , 0.31 , 7 , 4 , 0 , 0 , 196 ,
Steven Okert , 64 , 72 , 8 , 3.8 , 0.73 , 1.14 , 0.22 , 1 , 4 , 0 , 0 , 198 ,
Aaron Civale , 122 , 110 , 10 , 4.5 , 0.58 , 1.26 , 0.21 , 5 , 4 , 0 , 0 , 199 ,
Kirby Yates , 56 , 74 , 8 , 3.7 , 0.77 , 1.16 , 0.34 , 1 , 4 , 0 , 0 , 200 ,
Quinn Priester , 162 , 124 , 11 , 4.39 , 0.49 , 1.35 , 0.15 , 9 , 5 , 0 , 0 , 201 ,
Dustin May , 141 , 125 , 11 , 4.53 , 0.54 , 1.32 , 0.18 , 7 , 4 , 0 , 0 , 202 ,
Jose Alvarado , 60 , 73 , 8 , 3.45 , 0.72 , 1.22 , 0.32 , 1 , 4 , 0 , 0 , 203 ,
Landen Roupp , 121 , 118 , 18 , 3.87 , 1.26 , 1.43 , 0.22 , 6 , 4 , 0 , 0 , 204 ,
Anthony Bender , 61 , 58 , 7 , 2.95 , 1.03 , 1.15 , 0.27 , 1 , 4 , 0 , 0 , 205 ,
Cole Sands , 68 , 69 , 8 , 3.97 , 0.93 , 1.13 , 0.23 , 1 , 4 , 0 , 0 , 206 ,
Fernando Cruz , 60 , 91 , 15 , 4.05 , 0.9 , 1.22 , 0.23 , 1 , 4 , 0 , 0 , 207 ,
Kutter Crawford , 79 , 78 , 8 , 4.33 , 0.8 , 1.16 , 0.33 , 1 , 4 , 0 , 0 , 208 ,
Taj Bradley , 121 , 123 , 11 , 4.76 , 0.6 , 1.3 , 0.17 , 5 , 4 , 0 , 0 , 209 ,
Lucas Erceg , 63 , 61 , 7 , 3.14 , 0.67 , 1.19 , 0.26 , 1 , 4 , 0 , 0 , 210 ,
Michael Soroka , 106 , 109 , 10 , 4.67 , 1.27 , 1.26 , 0.22 , 3 , 4 , 0 , 0 , 211 ,
Matthew Liberatore , 147 , 121 , 11 , 4.53 , 0.53 , 1.35 , 0.15 , 8 , 4 , 0 , 0 , 212 ,
Tanner Banks , 63 , 59 , 7 , 3.43 , 0.7 , 1.11 , 0.22 , 1 , 4 , 0 , 0 , 213 ,
Bryan Hudson , 44 , 44 , 6 , 1.84 , 1.43 , 0.77 , 0.52 , 1 , 16 , 0 , 0 , 214 ,
Danny Coulombe , 45 , 47 , 6 , 2.4 , 0.69 , 1.0 , 0.24 , 1 , 4 , 0 , 0 , 215 ,
Jakob Junis , 65 , 55 , 7 , 3.18 , 0.66 , 1.12 , 0.27 , 1 , 4 , 0 , 0 , 216 ,
Carmen Mlodzinski , 69 , 64 , 8 , 3.39 , 0.67 , 1.25 , 0.24 , 1 , 4 , 0 , 0 , 217 ,
Michael McGreevy , 140 , 89 , 26 , 4.5 , 0.54 , 1.29 , 0.25 , 7 , 4 , 0 , 0 , 218 ,
Adrian Houser , 143 , 103 , 10 , 4.34 , 0.52 , 1.36 , 0.19 , 8 , 4 , 0 , 0 , 219 ,
Randy Vasquez , 131 , 88 , 28 , 3.98 , 0.52 , 1.36 , 0.18 , 7 , 4 , 0 , 0 , 220 ,
Chris Martin , 53 , 56 , 7 , 3.06 , 1.02 , 1.15 , 0.4 , 1 , 4 , 0 , 0 , 221 ,
Alexis Diaz , 57 , 64 , 8 , 3.47 , 0.74 , 1.21 , 0.24 , 1 , 4 , 0 , 0 , 221 ,
Mark Leiter Jr. , 64 , 78 , 8 , 4.5 , 0.8 , 1.38 , 0.24 , 1 , 4 , 19 , 8 , 223 ,
Rhett Lowder , 72 , 53 , 7 , 1.62 , 3.5 , 1.26 , 0.5 , 2 , 49 , 0 , 0 , 224 ,
Greg Weissert , 65 , 56 , 7 , 3.05 , 0.97 , 1.22 , 0.22 , 1 , 4 , 0 , 0 , 225 ,
Adbert Alzolay , 43 , 45 , 6 , 2.72 , 1.47 , 1.02 , 0.32 , 0 , 18 , 0 , 0 , 226 ,
Kyle Finnegan , 63 , 61 , 7 , 3.57 , 0.71 , 1.19 , 0.22 , 1 , 4 , 0 , 0 , 227 ,
Jacob Webb , 54 , 52 , 7 , 3.0 , 0.71 , 1.11 , 0.24 , 1 , 4 , 0 , 0 , 228 ,
Matt Festa , 59 , 62 , 7 , 3.97 , 0.78 , 1.1 , 0.22 , 1 , 4 , 0 , 0 , 229 ,
Pierce Johnson , 61 , 69 , 8 , 3.54 , 0.89 , 1.26 , 0.23 , 1 , 4 , 0 , 0 , 230 ,
Victor Vodnik , 64 , 61 , 7 , 3.66 , 1.41 , 1.42 , 0.34 , 1 , 4 , 21 , 9 , 231 ,
John Schreiber , 64 , 63 , 7 , 3.66 , 0.72 , 1.22 , 0.22 , 1 , 4 , 0 , 0 , 232 ,
Miles Mikolas , 141 , 97 , 13 , 4.79 , 0.55 , 1.3 , 0.28 , 7 , 4 , 0 , 0 , 233 ,
Kyle Freeland , 162 , 119 , 10 , 4.94 , 0.61 , 1.41 , 0.22 , 8 , 4 , 0 , 0 , 234 ,
Eduardo Rodriguez , 135 , 128 , 22 , 4.73 , 0.56 , 1.46 , 0.17 , 6 , 4 , 0 , 0 , 235 ,
Griffin Canning , 108 , 97 , 9 , 4.25 , 0.6 , 1.35 , 0.22 , 4 , 4 , 0 , 0 , 236 ,
Paul Sewald , 51 , 59 , 7 , 3.71 , 0.81 , 1.1 , 0.25 , 1 , 4 , 0 , 0 , 237 ,
Taylor Rogers , 60 , 66 , 8 , 3.3 , 0.75 , 1.28 , 0.24 , 1 , 4 , 0 , 0 , 238 ,
Andre Pallante , 143 , 101 , 10 , 4.53 , 0.53 , 1.39 , 0.24 , 7 , 4 , 0 , 0 , 239 ,
Taylor Clarke , 59 , 52 , 9 , 3.66 , 0.76 , 1.02 , 0.31 , 1 , 4 , 0 , 0 , 240 ,
Tyler Anderson , 120 , 94 , 9 , 4.35 , 0.57 , 1.34 , 0.17 , 5 , 4 , 0 , 0 , 241 ,
Jack Leiter , 151 , 144 , 13 , 5.66 , 0.58 , 1.46 , 0.24 , 6 , 4 , 0 , 0 , 242 ,
Keegan Akin , 67 , 71 , 8 , 3.9 , 0.72 , 1.27 , 0.24 , 1 , 4 , 0 , 0 , 243 ,
Cade Cavalli , 135 , 110 , 19 , 4.33 , 0.54 , 1.47 , 0.19 , 7 , 4 , 0 , 0 , 244 ,
Janson Junk , 91 , 64 , 8 , 4.25 , 0.65 , 1.18 , 0.46 , 2 , 4 , 0 , 0 , 245 ,
Josiah Gray , 111 , 105 , 10 , 4.38 , 0.81 , 1.41 , 0.19 , 4 , 4 , 0 , 0 , 246 ,
Juan Mejia , 65 , 72 , 8 , 4.02 , 0.75 , 1.26 , 0.33 , 1 , 4 , 0 , 0 , 247 ,
Colin Rea , 79 , 63 , 7 , 3.99 , 0.91 , 1.23 , 0.21 , 2 , 4 , 0 , 0 , 248 ,
Nick Mears , 61 , 62 , 7 , 4.13 , 1.48 , 1.15 , 0.24 , 1 , 6 , 0 , 0 , 249 ,
Elvis Alvarado , 59 , 68 , 13 , 3.36 , 1.07 , 1.32 , 0.25 , 1 , 4 , 0 , 0 , 250 ,
Camilo Doval , 64 , 77 , 8 , 3.8 , 0.73 , 1.34 , 0.3 , 1 , 4 , 0 , 0 , 251 ,
Corbin Burnes , 42 , 41 , 6 , 2.79 , 0.77 , 1.07 , 0.26 , 0 , 4 , 0 , 0 , 252 ,
Max Meyer , 126 , 122 , 11 , 5.07 , 0.6 , 1.44 , 0.31 , 5 , 4 , 0 , 0 , 253 ,
Eric Lauer , 63 , 61 , 7 , 3.86 , 0.74 , 1.21 , 0.26 , 1 , 4 , 0 , 0 , 254 ,
Ryan Bergert , 64 , 62 , 7 , 3.66 , 0.72 , 1.27 , 0.25 , 1 , 4 , 0 , 0 , 255 ,
JP Sears , 95 , 79 , 8 , 4.64 , 0.66 , 1.28 , 0.3 , 2 , 4 , 0 , 0 , 256 ,
Jake Irvin , 127 , 96 , 9 , 4.96 , 1.13 , 1.35 , 0.21 , 5 , 4 , 0 , 0 , 257 ,
Chris Paddack , 124 , 95 , 9 , 5.08 , 0.87 , 1.33 , 0.26 , 4 , 4 , 0 , 0 , 258 ,
Brad Keller , 67 , 60 , 7 , 3.63 , 0.7 , 1.27 , 0.31 , 1 , 4 , 0 , 0 , 259 ,
Justin Slaten , 60 , 51 , 7 , 3.75 , 0.75 , 1.08 , 0.23 , 1 , 4 , 0 , 0 , 260 ,
Patrick Corbin , 135 , 107 , 15 , 4.93 , 0.57 , 1.44 , 0.17 , 6 , 4 , 0 , 0 , 261 ,
Logan Allen , 120 , 95 , 9 , 4.58 , 0.59 , 1.42 , 0.24 , 5 , 4 , 0 , 0 , 262 ,
Tomoyuki Sugano , 121 , 83 , 11 , 4.61 , 0.59 , 1.33 , 0.32 , 5 , 4 , 0 , 0 , 263 ,
Kyle Harrison , 78 , 80 , 8 , 4.27 , 0.7 , 1.33 , 0.21 , 1 , 4 , 0 , 0 , 264 ,
Roki Sasaki , 119 , 94 , 12 , 4.61 , 1.21 , 1.43 , 0.51 , 5 , 4 , 0 , 0 , 265 ,
Brock Stewart , 33 , 41 , 6 , 2.18 , 0.82 , 1.15 , 0.3 , 0 , 7 , 0 , 0 , 266 ,
Andrew Nardi , 51 , 69 , 8 , 4.24 , 0.86 , 1.22 , 0.25 , 0 , 4 , 0 , 0 , 267 ,
Justin Topa , 64 , 52 , 7 , 3.8 , 1.12 , 1.34 , 0.35 , 1 , 4 , 20 , 8 , 268 ,
Richard Fitts , 102 , 90 , 9 , 5.03 , 0.67 , 1.33 , 0.37 , 3 , 4 , 0 , 0 , 269 ,
Will Warren , 123 , 139 , 23 , 6.59 , 1.02 , 1.59 , 0.2 , 3 , 4 , 0 , 0 , 270 ,
Hoby Milner , 62 , 55 , 7 , 3.77 , 0.74 , 1.19 , 0.25 , 1 , 4 , 0 , 0 , 271 ,
A.J. Puk , 34 , 43 , 6 , 3.18 , 0.92 , 1.09 , 0.29 , 0 , 9 , 0 , 0 , 272 ,
Sam Hentges , 49 , 54 , 7 , 3.31 , 1.65 , 1.22 , 0.32 , 1 , 18 , 0 , 0 , 273 ,
Jose Butto , 63 , 59 , 7 , 3.57 , 1.86 , 1.29 , 0.32 , 1 , 12 , 0 , 0 , 274 ,
Hunter Dobbins , 90 , 66 , 8 , 4.2 , 0.7 , 1.29 , 0.2 , 2 , 4 , 0 , 0 , 275 ,
Zebby Matthews , 112 , 125 , 11 , 5.79 , 1.53 , 1.53 , 0.38 , 3 , 4 , 0 , 0 , 276 ,
Erik Miller , 59 , 56 , 7 , 2.59 , 2.14 , 1.37 , 0.59 , 1 , 22 , 0 , 0 , 277 ,
Hunter Harvey , 51 , 56 , 7 , 3.71 , 0.81 , 1.22 , 0.27 , 1 , 4 , 0 , 0 , 278 ,
Michael Kelly , 60 , 44 , 6 , 3.0 , 0.75 , 1.23 , 0.32 , 1 , 4 , 0 , 0 , 279 ,
Calvin Faucher , 66 , 69 , 8 , 3.95 , 0.82 , 1.36 , 0.23 , 1 , 4 , 0 , 0 , 280 ,
Cody Bradford , 56 , 52 , 7 , 4.02 , 0.8 , 1.09 , 0.33 , 1 , 4 , 0 , 0 , 281 ,
Hogan Harris , 66 , 62 , 7 , 3.68 , 0.71 , 1.36 , 0.24 , 1 , 4 , 0 , 0 , 282 ,
Ryan Thompson , 63 , 53 , 7 , 3.71 , 0.73 , 1.22 , 0.22 , 1 , 4 , 0 , 0 , 283 ,
Ron Marinaccio , 41 , 50 , 7 , 3.29 , 0.85 , 1.2 , 0.28 , 0 , 4 , 0 , 0 , 284 ,
Jose A. Ferrer , 69 , 58 , 11 , 4.17 , 0.74 , 1.23 , 0.32 , 1 , 4 , 0 , 0 , 285 ,
Joe Jimenez , 26 , 33 , 5 , 2.77 , 0.98 , 1.08 , 0.33 , 0 , 25 , 0 , 0 , 286 ,
Brendon Little , 54 , 61 , 7 , 3.5 , 1.17 , 1.33 , 0.39 , 1 , 4 , 0 , 0 , 287 ,
Spencer Bivens , 71 , 53 , 7 , 3.68 , 0.76 , 1.28 , 0.21 , 1 , 4 , 0 , 0 , 288 ,
Spencer Arrighetti , 85 , 85 , 9 , 4.98 , 0.73 , 1.4 , 0.23 , 2 , 4 , 0 , 0 , 289 ,
Brenan Hanifee , 58 , 42 , 6 , 2.79 , 2.33 , 1.26 , 0.35 , 1 , 29 , 0 , 0 , 290 ,
Javier Assad , 65 , 48 , 6 , 3.46 , 0.69 , 1.25 , 0.24 , 1 , 4 , 0 , 0 , 291 ,
Eli Morgan , 28 , 26 , 5 , 2.57 , 0.96 , 1.07 , 0.32 , 0 , 19 , 0 , 0 , 292 ,
Kevin Ginkel , 62 , 67 , 14 , 5.23 , 0.87 , 1.42 , 0.32 , 1 , 4 , 18 , 8 , 293 ,
Sam Moll , 38 , 39 , 6 , 3.08 , 0.85 , 1.16 , 0.29 , 0 , 5 , 0 , 0 , 294 ,
Ryan Feltner , 104 , 86 , 11 , 4.93 , 0.65 , 1.45 , 0.21 , 3 , 4 , 0 , 0 , 295 ,
Bryce Elder , 107 , 89 , 19 , 5.21 , 0.66 , 1.43 , 0.19 , 3 , 4 , 0 , 0 , 296 ,
Huascar Brazoban , 56 , 56 , 7 , 3.7 , 0.77 , 1.27 , 0.26 , 1 , 4 , 0 , 0 , 297 ,
Walker Buehler , 113 , 90 , 12 , 5.02 , 0.63 , 1.49 , 0.22 , 4 , 4 , 0 , 0 , 298 ,
Brock Burke , 63 , 60 , 7 , 4.0 , 0.76 , 1.29 , 0.23 , 1 , 4 , 0 , 0 , 299 ,
Andrew Chafin , 51 , 59 , 7 , 3.18 , 1.41 , 1.39 , 0.28 , 1 , 10 , 0 , 0 , 300 ,
Wandy Peralta , 60 , 49 , 9 , 3.45 , 0.72 , 1.25 , 0.25 , 1 , 4 , 0 , 0 , 301 ,
Chase Dollander , 120 , 100 , 10 , 6.22 , 1.72 , 1.51 , 0.2 , 3 , 4 , 0 , 0 , 302 ,
Lance McCullers Jr. , 104 , 112 , 21 , 6.23 , 1.82 , 1.75 , 0.4 , 2 , 4 , 0 , 0 , 302 ,
Ryan Yarbrough , 65 , 50 , 7 , 4.02 , 0.75 , 1.18 , 0.27 , 1 , 4 , 0 , 0 , 304 ,
Jaden Hill , 50 , 53 , 7 , 3.42 , 0.78 , 1.28 , 0.35 , 1 , 4 , 0 , 0 , 305 ,
Erick Fedde , 102 , 72 , 8 , 4.68 , 0.64 , 1.37 , 0.27 , 3 , 4 , 0 , 0 , 306 ,
Eric Orze , 56 , 55 , 7 , 3.21 , 0.8 , 1.34 , 0.39 , 1 , 4 , 0 , 0 , 307 ,
Blake Treinen , 58 , 76 , 8 , 4.03 , 0.79 , 1.47 , 0.39 , 1 , 4 , 0 , 0 , 308 ,
Tommy Kahnle , 52 , 50 , 7 , 3.63 , 1.04 , 1.23 , 0.35 , 1 , 4 , 0 , 0 , 309 ,
Scott Barlow , 56 , 64 , 8 , 4.02 , 0.8 , 1.32 , 0.28 , 1 , 4 , 0 , 0 , 310 ,
Alex Lange , 47 , 57 , 7 , 3.64 , 0.83 , 1.3 , 0.36 , 0 , 4 , 0 , 0 , 311 ,
Dan Altavilla , 29 , 22 , 10 , 2.48 , 0.88 , 1.1 , 0.5 , 0 , 13 , 0 , 0 , 312 ,
Jose Leclerc , 40 , 51 , 7 , 3.6 , 0.9 , 1.23 , 0.29 , 0 , 5 , 0 , 0 , 313 ,
Enyel De Los Santos , 61 , 60 , 7 , 4.28 , 0.79 , 1.26 , 0.24 , 1 , 4 , 0 , 0 , 314 ,
Jose Urquidy , 87 , 66 , 8 , 4.76 , 0.7 , 1.32 , 0.22 , 2 , 4 , 0 , 0 , 315 ,
Taijuan Walker , 114 , 82 , 9 , 5.05 , 0.63 , 1.47 , 0.21 , 4 , 4 , 0 , 0 , 315 ,
Kumar Rocker , 101 , 87 , 9 , 5.61 , 0.71 , 1.46 , 0.35 , 2 , 4 , 0 , 0 , 317 ,
PJ Poulin , 58 , 64 , 8 , 3.72 , 0.76 , 1.45 , 0.42 , 1 , 4 , 0 , 0 , 318 ,
Jordan Leasure , 66 , 73 , 8 , 4.77 , 0.81 , 1.36 , 0.31 , 1 , 4 , 0 , 0 , 319 ,
Mason Englert , 61 , 57 , 7 , 4.13 , 0.78 , 1.26 , 0.23 , 1 , 4 , 0 , 0 , 320 ,
Stephen Kolek , 80 , 59 , 7 , 4.28 , 0.69 , 1.3 , 0.28 , 2 , 4 , 0 , 0 , 321 ,
Aaron Bummer , 60 , 66 , 8 , 4.05 , 0.78 , 1.37 , 0.31 , 1 , 4 , 0 , 0 , 322 ,
Colin Poche , 31 , 29 , 5 , 3.19 , 0.96 , 1.1 , 0.31 , 0 , 14 , 0 , 0 , 323 ,
Tyler Kinley , 63 , 67 , 8 , 4.71 , 0.82 , 1.3 , 0.24 , 1 , 4 , 0 , 0 , 324 ,
Caleb Ferguson , 57 , 56 , 7 , 3.79 , 0.77 , 1.3 , 0.29 , 1 , 4 , 0 , 0 , 325 ,
Brennan Bernardino , 56 , 53 , 7 , 3.54 , 0.8 , 1.3 , 0.39 , 1 , 4 , 0 , 0 , 326 ,
Nick Sandlin , 36 , 40 , 6 , 3.5 , 0.94 , 1.17 , 0.33 , 0 , 8 , 0 , 0 , 327 ,
Joe Boyle , 72 , 82 , 9 , 5.12 , 1.75 , 1.46 , 0.35 , 1 , 6 , 0 , 0 , 327 ,
Dauri Moreta , 33 , 40 , 6 , 3.82 , 1.64 , 1.09 , 0.3 , 0 , 52 , 0 , 0 , 329 ,
Yariel Rodriguez , 39 , 36 , 6 , 3.46 , 0.89 , 1.15 , 0.28 , 0 , 5 , 0 , 0 , 330 ,
Yuki Matsui , 54 , 56 , 7 , 3.83 , 0.8 , 1.3 , 0.26 , 1 , 4 , 0 , 0 , 331 ,
Chase Shugart , 37 , 26 , 5 , 3.41 , 0.91 , 1.08 , 0.39 , 0 , 7 , 0 , 0 , 332 ,
Charlie Morton , 69 , 73 , 8 , 4.83 , 0.91 , 1.43 , 0.27 , 1 , 4 , 0 , 0 , 333 ,
Brent Suter , 62 , 48 , 6 , 3.92 , 0.75 , 1.24 , 0.23 , 1 , 4 , 0 , 0 , 334 ,
Cole Henry , 64 , 64 , 8 , 4.22 , 0.77 , 1.41 , 0.26 , 1 , 4 , 0 , 0 , 335 ,
Gregory Soto , 61 , 70 , 9 , 4.28 , 0.79 , 1.44 , 0.29 , 1 , 4 , 0 , 0 , 336 ,
German Marquez , 127 , 87 , 9 , 6.45 , 0.68 , 1.65 , 0.18 , 3 , 4 , 0 , 0 , 337 ,
Jonathan Cannon , 92 , 74 , 8 , 5.28 , 0.72 , 1.42 , 0.2 , 2 , 4 , 0 , 0 , 338 ,
Patrick Sandoval , 72 , 71 , 8 , 4.62 , 0.76 , 1.49 , 0.27 , 1 , 4 , 0 , 0 , 339 ,
Jovani Moran , 50 , 61 , 7 , 4.14 , 1.08 , 1.32 , 0.31 , 0 , 4 , 0 , 0 , 340 ,
Mick Abel , 81 , 82 , 9 , 6.0 , 1.78 , 1.51 , 0.28 , 1 , 4 , 0 , 0 , 341 ,
Wade Miley , 36 , 25 , 5 , 3.0 , 0.87 , 1.17 , 0.29 , 0 , 6 , 0 , 0 , 342 ,
Porter Hodge , 49 , 61 , 10 , 4.41 , 1.1 , 1.29 , 0.32 , 0 , 5 , 0 , 0 , 343 ,
Michael Kopech , 40 , 48 , 6 , 3.82 , 1.12 , 1.23 , 0.32 , 0 , 10 , 0 , 0 , 344 ,
Clarke Schmidt , 27 , 27 , 5 , 3.33 , 1.05 , 1.11 , 0.33 , 0 , 27 , 0 , 0 , 345 ,
Ian Hamilton , 49 , 53 , 7 , 3.86 , 0.84 , 1.29 , 0.26 , 0 , 4 , 0 , 0 , 346 ,
Jon Gray , 63 , 55 , 7 , 4.29 , 0.78 , 1.27 , 0.23 , 1 , 4 , 0 , 0 , 347 ,
Steven Cruz , 43 , 36 , 6 , 3.77 , 0.89 , 1.16 , 0.29 , 0 , 4 , 0 , 0 , 348 ,
Tyler Phillips , 70 , 50 , 7 , 4.37 , 0.75 , 1.26 , 0.25 , 1 , 4 , 0 , 0 , 349 ,
Tobias Myers , 56 , 46 , 6 , 3.54 , 1.29 , 1.3 , 0.24 , 1 , 5 , 0 , 0 , 350 ,
Luis Garcia , 57 , 52 , 7 , 3.79 , 0.77 , 1.32 , 0.28 , 1 , 4 , 0 , 0 , 351 ,
Jason Foley , 30 , 23 , 4 , 3.0 , 0.95 , 1.17 , 0.33 , 0 , 15 , 0 , 0 , 352 ,
Joey Lucchesi , 45 , 35 , 5 , 3.6 , 0.85 , 1.2 , 0.26 , 0 , 4 , 0 , 0 , 353 ,
Bailey Falter , 74 , 52 , 8 , 4.38 , 0.73 , 1.28 , 0.21 , 1 , 4 , 0 , 0 , 354 ,
Yennier Cano , 58 , 57 , 7 , 4.03 , 0.79 , 1.34 , 0.24 , 1 , 4 , 0 , 0 , 355 ,
Josh Sborz , 44 , 56 , 7 , 5.32 , 1.43 , 1.16 , 0.42 , 0 , 16 , 0 , 0 , 356 ,
Tim Hill , 66 , 38 , 21 , 3.68 , 1.09 , 1.29 , 0.24 , 1 , 4 , 0 , 0 , 357 ,
Ryan Brasier , 41 , 35 , 5 , 3.95 , 0.93 , 1.12 , 0.34 , 0 , 5 , 0 , 0 , 358 ,
Zack Kelly , 56 , 58 , 7 , 4.34 , 0.84 , 1.3 , 0.25 , 1 , 4 , 0 , 0 , 359 ,
Spencer Turnbull , 43 , 41 , 6 , 3.98 , 0.91 , 1.19 , 0.3 , 0 , 4 , 0 , 0 , 360 ,
Mason Montgomery , 61 , 83 , 9 , 5.46 , 1.77 , 1.57 , 0.44 , 1 , 11 , 0 , 0 , 361 ,
Tim Herrin , 52 , 56 , 7 , 3.98 , 0.83 , 1.35 , 0.35 , 1 , 4 , 0 , 0 , 362 ,
Ben Brown , 54 , 61 , 7 , 4.83 , 1.17 , 1.3 , 0.25 , 0 , 4 , 0 , 0 , 363 ,
Keegan Thompson , 34 , 36 , 6 , 3.44 , 0.95 , 1.24 , 0.33 , 0 , 10 , 0 , 0 , 364 ,
Mason Fluharty , 41 , 44 , 6 , 4.39 , 0.98 , 1.15 , 0.3 , 0 , 6 , 0 , 0 , 365 ,
Ryne Stanek , 59 , 65 , 8 , 4.73 , 0.85 , 1.41 , 0.28 , 1 , 4 , 0 , 0 , 366 ,
Luis Medina , 83 , 70 , 8 , 5.2 , 0.75 , 1.53 , 0.37 , 1 , 4 , 0 , 0 , 367 ,
Marcus Stroman , 91 , 67 , 8 , 5.24 , 0.72 , 1.45 , 0.21 , 2 , 4 , 0 , 0 , 368 ,
Tyler Alexander , 68 , 57 , 7 , 4.9 , 0.81 , 1.32 , 0.23 , 1 , 4 , 0 , 0 , 369 ,
Dylan Dodd , 42 , 33 , 8 , 4.07 , 1.29 , 1.1 , 0.38 , 0 , 13 , 0 , 0 , 370 ,
Tyler Ferguson , 44 , 46 , 6 , 4.09 , 1.02 , 1.23 , 0.3 , 0 , 5 , 0 , 0 , 371 ,
Angel Zerpa , 61 , 55 , 7 , 4.13 , 0.78 , 1.36 , 0.24 , 1 , 4 , 0 , 0 , 372 ,
DL Hall , 53 , 44 , 6 , 4.08 , 0.83 , 1.25 , 0.38 , 1 , 4 , 0 , 0 , 373 ,
Hayden Birdsong , 56 , 62 , 7 , 4.66 , 0.87 , 1.41 , 0.26 , 1 , 4 , 0 , 0 , 374 ,
Steven Wilson , 52 , 51 , 7 , 3.98 , 0.83 , 1.33 , 0.35 , 1 , 4 , 0 , 0 , 375 ,
JT Brubaker , 48 , 39 , 6 , 3.94 , 0.86 , 1.25 , 0.42 , 0 , 4 , 0 , 0 , 376 ,
J.T. Ginn , 60 , 60 , 7 , 4.8 , 0.85 , 1.37 , 0.25 , 1 , 4 , 0 , 0 , 377 ,
Chase Lee , 27 , 26 , 5 , 4.0 , 1.15 , 1.07 , 0.39 , 0 , 35 , 0 , 0 , 377 ,
Kendall Graveman , 36 , 36 , 6 , 3.25 , 1.0 , 1.31 , 0.31 , 0 , 10 , 0 , 0 , 379 ,
Chris Murphy , 37 , 34 , 7 , 3.65 , 0.97 , 1.24 , 0.39 , 0 , 8 , 0 , 0 , 380 ,
Scott Alexander , 31 , 23 , 4 , 3.19 , 0.96 , 1.23 , 0.33 , 0 , 14 , 0 , 0 , 380 ,
Kevin Kelly , 44 , 39 , 6 , 4.3 , 0.94 , 1.18 , 0.47 , 0 , 4 , 0 , 0 , 382 ,
Drew Smith , 38 , 42 , 6 , 3.79 , 0.95 , 1.29 , 0.3 , 0 , 7 , 0 , 0 , 383 ,
Graham Ashcraft , 65 , 57 , 7 , 4.57 , 0.8 , 1.43 , 0.26 , 1 , 4 , 0 , 0 , 384 ,
Jose Fermin , 50 , 56 , 8 , 4.32 , 0.88 , 1.36 , 0.62 , 0 , 4 , 0 , 0 , 385 ,
Martin Perez , 46 , 35 , 5 , 3.91 , 0.87 , 1.24 , 0.27 , 0 , 4 , 0 , 0 , 386 ,
Hayden Wesneski , 25 , 23 , 4 , 3.96 , 1.19 , 1.08 , 0.34 , 0 , 47 , 0 , 0 , 387 ,
Jalen Beeks , 49 , 42 , 6 , 4.04 , 0.86 , 1.27 , 0.26 , 0 , 4 , 0 , 0 , 388 ,
Mitchell Parker , 75 , 56 , 12 , 5.04 , 1.32 , 1.37 , 0.22 , 1 , 4 , 0 , 0 , 389 ,
Alex Cobb , 43 , 39 , 6 , 3.77 , 0.89 , 1.3 , 0.27 , 0 , 4 , 0 , 0 , 390 ,
Brandon Williamson , 46 , 37 , 6 , 4.11 , 1.37 , 1.24 , 0.27 , 0 , 12 , 0 , 0 , 391 ,
Michael Tonkin , 34 , 30 , 5 , 4.24 , 1.32 , 1.15 , 0.3 , 0 , 27 , 0 , 0 , 392 ,
Nate Pearson , 51 , 55 , 7 , 4.59 , 0.9 , 1.33 , 0.3 , 0 , 4 , 0 , 0 , 393 ,
Tyler Gilbert , 31 , 29 , 5 , 3.77 , 1.05 , 1.23 , 0.32 , 0 , 18 , 0 , 0 , 394 ,
Kody Funderburk , 63 , 61 , 7 , 4.86 , 2.0 , 1.56 , 0.32 , 1 , 15 , 0 , 0 , 395 ,
Grant Anderson , 58 , 60 , 7 , 5.12 , 0.89 , 1.4 , 0.39 , 1 , 4 , 0 , 0 , 396 ,
Tayler Saucedo , 31 , 30 , 5 , 3.48 , 1.01 , 1.29 , 0.48 , 0 , 16 , 0 , 0 , 397 ,
Albert Suarez , 30 , 24 , 4 , 3.6 , 1.04 , 1.23 , 0.32 , 0 , 19 , 0 , 0 , 398 ,
Christian Scott , 36 , 29 , 5 , 4.25 , 1.5 , 1.17 , 0.29 , 0 , 33 , 0 , 0 , 399 ,
Yohan Ramirez , 53 , 61 , 7 , 5.26 , 1.02 , 1.43 , 0.26 , 0 , 4 , 0 , 0 , 400 ,
Trent Thornton , 30 , 25 , 5 , 3.9 , 1.08 , 1.2 , 0.32 , 0 , 22 , 0 , 0 , 401 ,
Paul Blackburn , 68 , 57 , 9 , 5.43 , 0.85 , 1.46 , 0.24 , 1 , 4 , 0 , 0 , 402 ,
DJ Herz , 29 , 35 , 5 , 4.03 , 1.12 , 1.24 , 0.34 , 0 , 26 , 0 , 0 , 403 ,
Carlos Vargas , 56 , 39 , 6 , 4.02 , 0.96 , 1.34 , 0.25 , 1 , 4 , 0 , 0 , 404 ,
Joel Payamps , 51 , 47 , 8 , 4.76 , 0.92 , 1.29 , 0.26 , 0 , 4 , 0 , 0 , 405 ,
Pedro Avila , 34 , 35 , 5 , 3.71 , 0.99 , 1.32 , 0.32 , 0 , 11 , 0 , 0 , 406 ,
Justin Wrobleski , 51 , 51 , 7 , 4.94 , 0.93 , 1.31 , 0.32 , 0 , 4 , 0 , 0 , 407 ,
Emerson Hancock , 67 , 46 , 6 , 4.84 , 0.81 , 1.36 , 0.28 , 1 , 4 , 0 , 0 , 408 ,
Jordan Romano , 54 , 60 , 9 , 6.5 , 1.04 , 1.41 , 0.47 , 0 , 4 , 0 , 0 , 409 ,
Keider Montero , 60 , 47 , 6 , 4.5 , 0.82 , 1.37 , 0.25 , 1 , 4 , 0 , 0 , 410 ,
Chad Green , 45 , 38 , 6 , 4.6 , 0.96 , 1.27 , 0.42 , 0 , 4 , 0 , 0 , 411 ,
Chase Silseth , 51 , 51 , 7 , 4.76 , 0.92 , 1.37 , 0.29 , 0 , 4 , 0 , 0 , 412 ,
Justin Wilson , 45 , 52 , 7 , 4.4 , 1.0 , 1.44 , 0.29 , 0 , 5 , 0 , 0 , 413 ,
Craig Kimbrel , 26 , 35 , 5 , 4.5 , 1.25 , 1.23 , 0.36 , 0 , 48 , 0 , 0 , 414 ,
Connor Brogdon , 51 , 50 , 12 , 4.94 , 0.93 , 1.35 , 0.27 , 0 , 4 , 0 , 0 , 415 ,
Luke Jackson , 47 , 45 , 6 , 4.4 , 0.96 , 1.36 , 0.36 , 0 , 4 , 0 , 0 , 416 ,
Seth Halvorsen , 61 , 55 , 7 , 5.02 , 0.86 , 1.52 , 0.3 , 1 , 4 , 0 , 0 , 417 ,
David Festa , 44 , 47 , 6 , 5.11 , 1.02 , 1.3 , 0.33 , 0 , 5 , 0 , 0 , 418 ,
Jake Bird , 55 , 54 , 7 , 4.91 , 0.9 , 1.49 , 0.28 , 0 , 4 , 0 , 0 , 419 ,
Daysbel Hernandez , 36 , 33 , 7 , 3.5 , 0.94 , 1.47 , 0.61 , 0 , 8 , 0 , 0 , 420 ,
Miguel Castro , 26 , 25 , 5 , 4.15 , 1.2 , 1.23 , 0.35 , 0 , 43 , 0 , 0 , 421 ,
Jordan Hicks , 59 , 56 , 7 , 5.64 , 1.22 , 1.56 , 0.34 , 0 , 4 , 0 , 0 , 422 ,
Kyle Hart , 41 , 35 , 5 , 5.71 , 1.12 , 1.22 , 0.46 , 0 , 9 , 0 , 0 , 423 ,
Rafael Montero , 38 , 34 , 5 , 4.26 , 1.0 , 1.32 , 0.31 , 0 , 8 , 0 , 0 , 424 ,
Jordan Montgomery , 60 , 47 , 6 , 5.1 , 0.87 , 1.43 , 0.25 , 1 , 4 , 0 , 0 , 425 ,
Tanner Gordon , 67 , 53 , 9 , 7.12 , 0.98 , 1.6 , 0.49 , 0 , 4 , 0 , 0 , 426 ,
Jackson Rutledge , 59 , 52 , 7 , 5.64 , 0.93 , 1.47 , 0.45 , 0 , 4 , 0 , 0 , 427 ,
Brent Headrick , 46 , 54 , 8 , 6.07 , 2.15 , 1.46 , 0.55 , 0 , 45 , 0 , 0 , 428 ,
Richard Lovelady , 45 , 34 , 5 , 4.4 , 0.94 , 1.33 , 0.29 , 0 , 4 , 0 , 0 , 429 ,
Jason Alexander , 51 , 42 , 6 , 4.94 , 0.93 , 1.39 , 0.33 , 0 , 4 , 0 , 0 , 430 ,
Kyle Nicolas , 41 , 39 , 6 , 4.39 , 0.98 , 1.41 , 0.38 , 0 , 6 , 0 , 0 , 431 ,
Gordon Graceffo , 59 , 52 , 19 , 6.25 , 0.98 , 1.49 , 0.44 , 0 , 4 , 0 , 0 , 432 ,
Yoendrys Gomez , 47 , 43 , 6 , 5.17 , 1.0 , 1.38 , 0.29 , 0 , 4 , 0 , 0 , 433 ,
Ethan Roberts , 36 , 36 , 6 , 4.0 , 1.75 , 1.56 , 0.33 , 0 , 49 , 0 , 0 , 434 ,
John King , 47 , 29 , 10 , 4.02 , 0.88 , 1.45 , 0.38 , 0 , 4 , 0 , 0 , 435 ,
Ryan Gusto , 50 , 49 , 7 , 5.58 , 1.0 , 1.48 , 0.28 , 0 , 4 , 0 , 0 , 436 ,
Drew Thorpe , 51 , 31 , 21 , 5.47 , 0.98 , 1.29 , 0.45 , 0 , 4 , 0 , 0 , 437 ,
Gus Varland , 43 , 44 , 6 , 4.6 , 2.09 , 1.63 , 0.33 , 0 , 49 , 0 , 0 , 438 ,
Zach Pop , 46 , 32 , 10 , 5.09 , 1.0 , 1.3 , 0.3 , 0 , 4 , 0 , 0 , 439 ,
Justin Lawrence , 57 , 50 , 7 , 5.68 , 0.95 , 1.61 , 0.34 , 0 , 4 , 0 , 0 , 440 ,
Jonathan Loaisiga , 42 , 35 , 6 , 4.29 , 0.96 , 1.45 , 0.36 , 0 , 5 , 0 , 0 , 441 ,
Cooper Criswell , 46 , 35 , 5 , 4.7 , 0.96 , 1.41 , 0.28 , 0 , 4 , 0 , 0 , 442 ,
Joey Estes , 27 , 20 , 4 , 5.0 , 1.29 , 1.22 , 0.36 , 0 , 47 , 0 , 0 , 443 ,
Justin Bruihl , 50 , 39 , 6 , 5.22 , 1.26 , 1.4 , 0.34 , 0 , 7 , 0 , 0 , 444 ,
Max Lazar , 38 , 24 , 5 , 4.74 , 1.06 , 1.29 , 0.34 , 0 , 10 , 0 , 0 , 445 ,
Antonio Senzatela , 72 , 43 , 16 , 6.5 , 0.9 , 1.78 , 0.43 , 1 , 4 , 0 , 0 , 446 ,
Joey Wentz , 47 , 47 , 6 , 5.36 , 1.01 , 1.51 , 0.29 , 0 , 4 , 0 , 0 , 447 ,
Beau Brieske , 45 , 38 , 6 , 5.0 , 1.0 , 1.44 , 0.3 , 0 , 5 , 0 , 0 , 448 ,
Jordan Wicks , 45 , 39 , 8 , 5.0 , 1.0 , 1.47 , 0.3 , 0 , 5 , 0 , 0 , 449 ,
Juan Morillo , 35 , 37 , 6 , 4.37 , 1.06 , 1.63 , 0.51 , 0 , 13 , 0 , 0 , 450 ,
Ryan Fernandez , 44 , 48 , 8 , 6.14 , 1.12 , 1.59 , 0.31 , 0 , 7 , 0 , 0 , 451 ,
Trevor Williams , 34 , 28 , 5 , 4.76 , 1.12 , 1.35 , 0.32 , 0 , 17 , 0 , 0 , 452 ,
Colton Gordon , 42 , 34 , 6 , 5.14 , 1.07 , 1.38 , 0.44 , 0 , 7 , 0 , 0 , 453 ,
Keaton Winn , 34 , 29 , 5 , 6.09 , 2.38 , 1.29 , 0.34 , 0 , 123 , 0 , 0 , 454 ,
Cade Povich , 38 , 37 , 6 , 5.21 , 1.11 , 1.45 , 0.32 , 0 , 12 , 0 , 0 , 455 ,
Roddery Munoz , 49 , 42 , 6 , 6.24 , 1.84 , 1.55 , 0.43 , 0 , 24 , 0 , 0 , 456 ,
Chris Flexen , 25 , 16 , 4 , 4.32 , 1.25 , 1.36 , 0.38 , 0 , 53 , 0 , 0 , 457 ,
Kai-Wei Teng , 32 , 43 , 6 , 5.91 , 2.81 , 1.53 , 0.44 , 0 , 209 , 0 , 0 , 458 ,
James McArthur , 35 , 29 , 7 , 4.89 , 1.12 , 1.43 , 0.32 , 0 , 15 , 0 , 0 , 459 ,
Grant Wolfram , 36 , 42 , 6 , 5.25 , 1.15 , 1.81 , 0.78 , 0 , 15 , 0 , 0 , 460 ,
Jorge Lopez , 31 , 25 , 5 , 5.23 , 1.23 , 1.32 , 0.37 , 0 , 29 , 0 , 0 , 461 ,
George Soriano , 43 , 42 , 6 , 7.12 , 1.26 , 1.58 , 0.34 , 0 , 12 , 0 , 0 , 462 ,
Roansy Contreras , 33 , 28 , 5 , 4.91 , 1.16 , 1.42 , 0.34 , 0 , 20 , 0 , 0 , 463 ,
Colin Holderman , 40 , 36 , 6 , 5.4 , 1.1 , 1.62 , 0.33 , 0 , 10 , 0 , 0 , 464 ,
Julian Aguiar , 32 , 21 , 11 , 5.91 , 1.41 , 1.31 , 0.36 , 0 , 38 , 0 , 0 , 465 ,
Kaleb Ort , 28 , 29 , 5 , 5.14 , 1.29 , 1.43 , 0.38 , 0 , 42 , 0 , 0 , 466 ,
Mason Black , 45 , 37 , 10 , 6.4 , 1.13 , 1.67 , 0.31 , 0 , 7 , 0 , 0 , 467 ,
Gavin Stone , 27 , 21 , 4 , 5.0 , 1.29 , 1.37 , 0.36 , 0 , 47 , 0 , 0 , 468 ,
Tim Mayza , 28 , 22 , 4 , 4.82 , 1.24 , 1.43 , 0.37 , 0 , 39 , 0 , 0 , 469 ,
Zach Agnos , 46 , 30 , 16 , 6.46 , 1.96 , 1.5 , 0.34 , 0 , 34 , 0 , 0 , 470 ,
Alek Jacob , 34 , 23 , 4 , 5.03 , 1.15 , 1.44 , 0.41 , 0 , 18 , 0 , 0 , 471 ,
Cole Sulser , 51 , 26 , 5 , 5.29 , 0.97 , 1.65 , 0.29 , 0 , 4 , 0 , 0 , 472 ,
Gunnar Hoglund , 37 , 28 , 7 , 6.32 , 1.7 , 1.49 , 0.48 , 0 , 43 , 0 , 0 , 473 ,
Chris Roycroft , 37 , 32 , 8 , 6.57 , 1.26 , 1.7 , 0.42 , 0 , 19 , 0 , 0 , 474 ,
Carlos Carrasco , 36 , 28 , 5 , 6.25 , 1.25 , 1.56 , 0.34 , 0 , 19 , 0 , 0 , 475 ,
Jesse Scholtens , 30 , 21 , 4 , 5.1 , 1.24 , 1.5 , 0.36 , 0 , 32 , 0 , 0 , 476 ,
Kyle Wright , 25 , 26 , 5 , 5.76 , 1.44 , 1.56 , 0.4 , 0 , 76 , 0 , 0 , 477 ,
McCade Brown , 31 , 29 , 5 , 7.55 , 1.48 , 1.84 , 0.42 , 0 , 47 , 0 , 0 , 478 ,
Bryse Wilson , 26 , 18 , 4 , 5.19 , 1.34 , 1.54 , 0.4 , 0 , 57 , 0 , 0 , 479 ,
Orlando Ribalta , 28 , 29 , 5 , 7.39 , 1.54 , 1.86 , 0.52 , 0 , 68 , 0 , 0 , 480 ,
Adam Mazur , 32 , 21 , 4 , 5.62 , 1.26 , 1.56 , 0.46 , 0 , 28 , 0 , 0 , 481 ,
Angel Chivilli , 29 , 23 , 4 , 6.21 , 1.39 , 1.55 , 0.38 , 0 , 47 , 0 , 0 , 482 ,
Jack Kochanowicz , 29 , 17 , 7 , 5.59 , 1.32 , 1.52 , 0.37 , 0 , 41 , 0 , 0 , 482 ,
Austin Gomber , 30 , 19 , 4 , 6.0 , 1.34 , 1.5 , 0.39 , 0 , 39 , 0 , 0 , 484 ,
Josh Simpson , 25 , 29 , 9 , 7.56 , 1.65 , 1.84 , 0.48 , 0 , 106 , 0 , 0 , 485 ,
Brandon Young , 30 , 24 , 5 , 6.3 , 1.37 , 1.57 , 0.39 , 0 , 42 , 0 , 0 , 486 ,
Luis Peralta , 30 , 26 , 5 , 9.3 , 2.4 , 2.27 , 0.89 , 0 , 168 , 0 , 0 , 487 ,
