Name,Value Cluster 2017,Value Cluster 2018,Value Cluster 2019,Value Cluster 2020
Jose Altuve,10.0,9.0,11.0,10.0
Charlie Blackmon,11.0,10.0,11.0,11.0
Avisail Garcia,11.0,8.0,11.0,2.0
Daniel Murphy,11.0,9.0,11.0,7.0
Justin Turner,6.0,6.0,6.0,6.0
Joey Votto,5.0,2.0,2.0,5.0
Buster Posey,6.0,6.0,4.0,0.0
Bryce Harper,12.0,5.0,5.0,5.0
Eric Hosmer,11.0,7.0,11.0,12.0
Jose Ramirez,11.0,5.0,8.0,12.0
Austin Jackson,6.0,4.0,0.0,0.0
Jorge Alfaro,9.0,7.0,7.0,0.0
Carlos Correa,12.0,5.0,12.0,7.0
Howie Kendrick,9.0,9.0,11.0,0.0
Josh Reddick,11.0,2.0,7.0,6.0
Alex Presley,9.0,0.0,0.0,0.0
Eduardo Nunez,9.0,9.0,7.0,0.0
Adrian Beltre,11.0,6.0,0.0,0.0
Marcell Ozuna,11.0,11.0,12.0,12.0
DJ LeMahieu,9.0,9.0,11.0,11.0
Jose Martinez,11.0,11.0,6.0,0.0
Gerardo Parra,11.0,9.0,8.0,0.0
Nolan Arenado,12.0,12.0,12.0,8.0
Dee Gordon,9.0,4.0,9.0,0.0
Freddie Freeman,12.0,6.0,12.0,12.0
Tommy Pham,10.0,10.0,6.0,2.0
Mike Trout,5.0,5.0,5.0,12.0
Joe Mauer,6.0,6.0,0.0,0.0
Jose Abreu,11.0,8.0,11.0,12.0
Ender Inciarte,9.0,4.0,2.0,2.0
Ryan Zimmerman,11.0,8.0,8.0,0.0
Adam Lind,11.0,0.0,0.0,0.0
Marwin Gonzalez,11.0,6.0,7.0,1.0
J.D. Martinez,12.0,12.0,12.0,3.0
Anthony Rendon,12.0,11.0,12.0,5.0
Daniel Nava,6.0,0.0,0.0,0.0
Starlin Castro,11.0,9.0,7.0,0.0
Lorenzo Cain,9.0,10.0,4.0,0.0
Jean Segura,9.0,9.0,9.0,6.0
Michael Brantley,11.0,9.0,11.0,9.0
Johan Camargo,9.0,6.0,7.0,7.0
Yuli Gurriel,9.0,11.0,11.0,7.0
Albert Almora Jr.,11.0,9.0,7.0,0.0
Jesse Winker,10.0,6.0,6.0,5.0
Paul Goldschmidt,12.0,6.0,12.0,6.0
Elvis Andrus,9.0,4.0,9.0,1.0
Zack Cozart,10.0,2.0,1.0,0.0
Adam Eaton,10.0,10.0,10.0,7.0
Jon Jay,6.0,4.0,4.0,0.0
Kris Bryant,5.0,6.0,5.0,2.0
Scooter Gennett,11.0,11.0,7.0,0.0
Corey Seager,6.0,6.0,11.0,11.0
Cesar Hernandez,4.0,2.0,9.0,9.0
David Peralta,9.0,11.0,6.0,11.0
Dustin Pedroia,6.0,0.0,0.0,0.0
Trey Mancini,11.0,7.0,11.0,0.0
Jonathan Schoop,11.0,7.0,8.0,11.0
Yoenis Cespedes,11.0,8.0,0.0,0.0
Ronald Torreyes,9.0,9.0,0.0,0.0
Miguel Rojas,9.0,7.0,9.0,6.0
Christian Vazquez,9.0,4.0,11.0,11.0
T.J. Rivera,9.0,0.0,0.0,0.0
Eddie Rosario,11.0,11.0,11.0,8.0
Justin Bour,12.0,3.0,3.0,0.0
Austin Barnes,5.0,2.0,2.0,2.0
Jose Pirela,6.0,4.0,0.0,0.0
Lonnie Chisenhall,12.0,0.0,0.0,0.0
Tommy La Stella,5.0,6.0,11.0,6.0
Chris Taylor,10.0,10.0,6.0,12.0
Whit Merrifield,9.0,9.0,9.0,9.0
Nelson Cruz,12.0,8.0,12.0,12.0
Joe Panik,6.0,4.0,4.0,2.0
Nick Williams,11.0,7.0,1.0,0.0
Raimel Tapia,9.0,0.0,9.0,9.0
Didi Gregorius,11.0,12.0,8.0,11.0
Ozzie Albies,10.0,10.0,11.0,11.0
Melky Cabrera,9.0,6.0,9.0,0.0
Paul DeJong,11.0,8.0,5.0,6.0
Kolten Wong,6.0,2.0,6.0,6.0
Brandon Phillips,9.0,0.0,0.0,0.0
Adam Jones,9.0,9.0,7.0,0.0
Alex Bregman,10.0,5.0,5.0,2.0
Aaron Judge,5.0,5.0,5.0,12.0
Trea Turner,10.0,10.0,10.0,11.0
Rafael Devers,11.0,8.0,11.0,11.0
Jeimer Candelario,6.0,2.0,1.0,11.0
George Springer,12.0,10.0,12.0,5.0
Kurt Suzuki,8.0,6.0,8.0,6.0
Kevan Smith,9.0,9.0,7.0,0.0
Christian Yelich,10.0,12.0,12.0,5.0
Corey Dickerson,9.0,9.0,11.0,7.0
Ezequiel Carrera,4.0,0.0,0.0,0.0
Boog Powell,10.0,0.0,0.0,0.0
Austin Slater,9.0,6.0,2.0,10.0
Mitch Haniger,6.0,6.0,5.0,0.0
Welington Castillo,11.0,7.0,8.0,0.0
Giancarlo Stanton,12.0,12.0,0.0,0.0
Odubel Herrera,9.0,7.0,7.0,0.0
Colby Rasmus,8.0,0.0,0.0,0.0
Tyler Flowers,6.0,2.0,2.0,0.0
Robinson Cano,11.0,11.0,7.0,11.0
Asdrubal Cabrera,6.0,7.0,12.0,8.0
Andrew McCutchen,10.0,2.0,5.0,8.0
Michael Conforto,12.0,5.0,5.0,10.0
Manny Pina,9.0,4.0,3.0,0.0
Andrelton Simmons,9.0,9.0,9.0,9.0
J.T. Realmuto,9.0,11.0,11.0,12.0
Gary Sanchez,12.0,3.0,12.0,3.0
Domingo Santana,12.0,4.0,8.0,0.0
Tim Beckham,7.0,7.0,8.0,0.0
Jed Lowrie,6.0,6.0,0.0,0.0
Nori Aoki,9.0,0.0,0.0,0.0
Orlando Arcia,9.0,4.0,7.0,7.0
Omar Narvaez,4.0,6.0,6.0,1.0
Kevin Kiermaier,10.0,4.0,7.0,2.0
Matt Kemp,7.0,11.0,0.0,8.0
Willson Contreras,8.0,6.0,12.0,5.0
Mikie Mahtook,9.0,3.0,0.0,0.0
Adam Frazier,6.0,6.0,9.0,7.0
Lane Adams,10.0,0.0,0.0,0.0
Starling Marte,10.0,10.0,11.0,10.0
Ben Gamel,9.0,4.0,2.0,7.0
Ben Revere,9.0,0.0,0.0,0.0
Nick Markakis,6.0,6.0,6.0,9.0
Ian Desmond,9.0,8.0,8.0,0.0
Matt Adams,8.0,8.0,8.0,0.0
Yunel Escobar,9.0,0.0,0.0,0.0
Yadier Molina,11.0,8.0,9.0,7.0
Chase Headley,6.0,0.0,0.0,0.0
Francisco Lindor,10.0,10.0,10.0,6.0
Travis Shaw,12.0,5.0,1.0,7.0
Xander Bogaerts,10.0,11.0,11.0,10.0
Eric Sogard,2.0,1.0,6.0,1.0
Javier Baez,11.0,11.0,11.0,7.0
Justin Upton,12.0,8.0,5.0,3.0
Anthony Rizzo,5.0,6.0,5.0,2.0
Jedd Gyorko,8.0,6.0,1.0,5.0
Mike Moustakas,8.0,8.0,8.0,3.0
Nick Castellanos,11.0,11.0,9.0,8.0
Denard Span,4.0,6.0,0.0,0.0
Josh Harrison,4.0,7.0,1.0,0.0
Aaron Altherr,11.0,3.0,0.0,0.0
Wilmer Difo,4.0,4.0,4.0,0.0
Wilmer Flores,8.0,6.0,9.0,8.0
Andrew Toles,11.0,0.0,0.0,0.0
Ryon Healy,7.0,8.0,8.0,0.0
Michael A. Taylor,7.0,4.0,0.0,0.0
Brian Dozier,10.0,2.0,2.0,0.0
Andrew Benintendi,6.0,10.0,6.0,0.0
Carlos Asuaje,4.0,1.0,0.0,0.0
Tucker Barnhart,6.0,6.0,2.0,3.0
Leury Garcia,9.0,9.0,9.0,0.0
Josh Donaldson,5.0,2.0,5.0,5.0
Justin Smoak,8.0,5.0,5.0,3.0
Mallex Smith,4.0,4.0,4.0,0.0
Delino DeShields,10.0,2.0,4.0,4.0
Ryan Braun,10.0,8.0,11.0,8.0
Chris Owings,7.0,4.0,1.0,0.0
Salvador Perez,8.0,8.0,0.0,11.0
Brandon Drury,7.0,0.0,7.0,0.0
Ryan Hanigan,6.0,0.0,0.0,0.0
Mark Reynolds,12.0,8.0,3.0,0.0
Cody Bellinger,12.0,10.0,12.0,3.0
Yolmer Sanchez,6.0,4.0,4.0,0.0
Yonder Alonso,5.0,8.0,3.0,0.0
John Hicks,6.0,7.0,7.0,0.0
A.J. Pollock,10.0,8.0,8.0,8.0
Aaron Hicks,5.0,5.0,5.0,5.0
Jaycob Brugman,4.0,0.0,0.0,0.0
Ehire Adrianza,10.0,7.0,6.0,1.0
Jesus Aguilar,8.0,12.0,5.0,12.0
Neil Walker,6.0,2.0,6.0,0.0
Jonathan Lucroy,6.0,7.0,7.0,0.0
Mookie Betts,10.0,10.0,10.0,12.0
Brett Gardner,10.0,10.0,8.0,5.0
Dexter Fowler,5.0,2.0,2.0,8.0
Miguel Sano,12.0,3.0,12.0,3.0
Jacoby Ellsbury,10.0,0.0,0.0,0.0
Alex Avila,5.0,3.0,5.0,0.0
Eric Young Jr.,10.0,4.0,0.0,0.0
Cory Spangenberg,4.0,4.0,7.0,0.0
Evan Gattis,11.0,8.0,0.0,0.0
David Freese,2.0,11.0,12.0,0.0
Manuel Margot,4.0,7.0,10.0,4.0
Yandy Diaz,6.0,9.0,10.0,6.0
Yasiel Puig,8.0,8.0,8.0,0.0
Nicky Delmonico,5.0,1.0,0.0,0.0
Carlos Gonzalez,6.0,11.0,2.0,0.0
Shin-Soo Choo,5.0,2.0,2.0,2.0
Evan Longoria,7.0,7.0,8.0,8.0
Adeiny Hechavarria,9.0,7.0,8.0,0.0
Eugenio Suarez,5.0,12.0,12.0,3.0
Ketel Marte,2.0,6.0,11.0,9.0
Kevin Plawecki,2.0,2.0,7.0,0.0
Brandon Nimmo,2.0,5.0,5.0,2.0
Hunter Pence,7.0,7.0,12.0,0.0
Wilson Ramos,8.0,11.0,6.0,7.0
Devon Travis,7.0,7.0,0.0,0.0
Jason Heyward,6.0,6.0,2.0,5.0
Hernan Perez,7.0,4.0,7.0,0.0
Matt Olson,12.0,8.0,12.0,3.0
Carlos Santana,2.0,5.0,5.0,5.0
Dixon Machado,4.0,7.0,0.0,0.0
Rhys Hoskins,12.0,5.0,5.0,5.0
Aledmys Diaz,4.0,7.0,12.0,0.0
Manny Machado,8.0,11.0,8.0,12.0
Jose Peraza,4.0,9.0,4.0,4.0
Pat Valaika,8.0,1.0,0.0,11.0
Edwin Encarnacion,5.0,12.0,12.0,3.0
Kelby Tomlinson,4.0,1.0,0.0,0.0
Seth Smith,2.0,0.0,0.0,0.0
Craig Gentry,10.0,4.0,0.0,0.0
Andrew Knapp,2.0,1.0,1.0,0.0
Tim Anderson,9.0,7.0,9.0,9.0
Jorge Polanco,6.0,9.0,6.0,4.0
Caleb Joseph,7.0,4.0,0.0,0.0
Jesus Sucre,8.0,1.0,0.0,0.0
Danny Valencia,6.0,7.0,0.0,0.0
Kevin Pillar,4.0,7.0,11.0,9.0
Carlos Gomez,2.0,2.0,0.0,0.0
Yangervis Solarte,7.0,7.0,0.0,0.0
Jorge Bonifacio,7.0,2.0,0.0,0.0
Victor Martinez,7.0,7.0,0.0,0.0
Ichiro Suzuki,7.0,0.0,0.0,0.0
Josh Bell,8.0,6.0,12.0,2.0
Jordy Mercer,7.0,4.0,7.0,0.0
Freddy Galvis,4.0,7.0,7.0,3.0
Jose Iglesias,9.0,9.0,9.0,9.0
Gorkys Hernandez,4.0,7.0,0.0,0.0
Robinson Chirinos,5.0,5.0,5.0,0.0
Erik Gonzalez,9.0,9.0,4.0,7.0
Jay Bruce,8.0,2.0,8.0,3.0
Eduardo Escobar,8.0,6.0,8.0,7.0
Chris Iannetta,5.0,2.0,3.0,0.0
Byron Buxton,10.0,0.0,11.0,8.0
Greg Garcia,2.0,1.0,2.0,0.0
Kennys Vargas,8.0,0.0,0.0,0.0
Brandon Crawford,7.0,6.0,7.0,8.0
James McCann,7.0,7.0,11.0,12.0
Ian Happ,12.0,2.0,12.0,5.0
Nomar Mazara,8.0,8.0,11.0,7.0
Stephen Drew,6.0,0.0,0.0,0.0
Cliff Pennington,6.0,0.0,0.0,0.0
Steve Pearce,7.0,12.0,0.0,0.0
Rene Rivera,8.0,0.0,0.0,0.0
Nick Ahmed,7.0,7.0,6.0,11.0
Jarrod Dyson,10.0,2.0,10.0,0.0
Brian Goodwin,10.0,8.0,10.0,3.0
Gregory Polanco,7.0,12.0,7.0,3.0
Mike Zunino,8.0,3.0,3.0,0.0
Alcides Escobar,9.0,4.0,0.0,0.0
Martin Prado,4.0,4.0,4.0,0.0
Juan Lagares,4.0,0.0,7.0,0.0
JT Riddle,7.0,7.0,7.0,0.0
Kendrys Morales,8.0,2.0,1.0,0.0
Miguel Cabrera,6.0,6.0,6.0,8.0
Kyle Seager,8.0,7.0,8.0,5.0
Francisco Cervelli,6.0,5.0,1.0,0.0
Troy Tulowitzki,7.0,0.0,0.0,0.0
Derek Dietrich,6.0,4.0,5.0,0.0
Adam Duvall,8.0,3.0,8.0,12.0
Guillermo Heredia,4.0,2.0,2.0,0.0
Marcus Semien,10.0,6.0,10.0,2.0
Amed Rosario,4.0,9.0,9.0,9.0
Jake Lamb,5.0,5.0,5.0,0.0
C.J. Cron,8.0,8.0,8.0,0.0
Billy Hamilton,4.0,4.0,4.0,0.0
Khris Davis,12.0,12.0,8.0,0.0
Eric Thames,5.0,3.0,5.0,1.0
Jarrett Parker,7.0,0.0,0.0,0.0
Yasmani Grandal,7.0,5.0,5.0,5.0
Logan Morrison,5.0,3.0,0.0,0.0
Robbie Grossman,2.0,6.0,2.0,2.0
Mitch Moreland,8.0,8.0,12.0,12.0
Luke Voit,8.0,12.0,5.0,12.0
Gregor Blanco,10.0,4.0,0.0,0.0
Jose Reyes,10.0,1.0,0.0,0.0
Jackie Bradley Jr.,6.0,10.0,2.0,10.0
Kole Calhoun,2.0,3.0,5.0,5.0
Travis d'Arnaud,8.0,0.0,8.0,11.0
Nick Hundley,7.0,7.0,0.0,0.0
Jake Marisnick,12.0,8.0,10.0,0.0
Wil Myers,2.0,7.0,2.0,12.0
Matt Joyce,5.0,2.0,6.0,2.0
Max Kepler,8.0,2.0,12.0,3.0
Adrian Gonzalez,7.0,8.0,0.0,0.0
Hanley Ramirez,7.0,8.0,0.0,0.0
Jason Castro,6.0,0.0,5.0,0.0
Matt Carpenter,5.0,5.0,2.0,5.0
Joey Rickard,4.0,7.0,1.0,0.0
Albert Pujols,8.0,7.0,8.0,8.0
Yasmany Tomas,8.0,0.0,0.0,0.0
Brandon Belt,5.0,2.0,2.0,12.0
Bradley Zimmer,10.0,4.0,0.0,0.0
Jonathan Villar,4.0,4.0,10.0,4.0
Brian McCann,8.0,3.0,8.0,0.0
Tommy Joseph,7.0,0.0,0.0,0.0
Tomas Telis,4.0,0.0,0.0,0.0
Tony Wolters,2.0,3.0,6.0,4.0
Steven Souza Jr.,5.0,1.0,0.0,0.0
Addison Russell,7.0,4.0,2.0,0.0
Trevor Story,8.0,11.0,10.0,10.0
Alexi Amarista,7.0,0.0,0.0,0.0
Willy Garcia,6.0,0.0,0.0,0.0
Randal Grichuk,8.0,8.0,8.0,11.0
Chad Pinder,8.0,2.0,8.0,0.0
Bruce Maxwell,2.0,0.0,0.0,0.0
Adonis Garcia,7.0,0.0,0.0,0.0
Ryan Goins,7.0,4.0,4.0,0.0
Zack Granite,6.0,0.0,0.0,0.0
Brandon Guyer,2.0,3.0,0.0,0.0
Chase Utley,2.0,2.0,0.0,0.0
Ian Kinsler,10.0,4.0,1.0,0.0
Rey Fuentes,4.0,0.0,0.0,0.0
Rajai Davis,4.0,4.0,0.0,0.0
Stephen Piscotty,2.0,8.0,7.0,8.0
Chris Young,2.0,3.0,0.0,0.0
Matt Chapman,8.0,10.0,5.0,8.0
Mark Trumbo,7.0,7.0,0.0,0.0
Erick Aybar,4.0,0.0,0.0,0.0
Stephen Vogt,7.0,0.0,8.0,0.0
Andrew Romine,4.0,4.0,0.0,0.0
Abraham Almonte,2.0,1.0,0.0,0.0
Daniel Descalso,2.0,5.0,2.0,0.0
Scott Schebler,3.0,6.0,0.0,0.0
Jose Osuna,7.0,7.0,11.0,0.0
Ben Zobrist,2.0,6.0,6.0,0.0
Darwin Barney,4.0,0.0,0.0,0.0
Jason Kipnis,7.0,2.0,8.0,2.0
Yan Gomes,8.0,7.0,3.0,9.0
Dansby Swanson,6.0,7.0,10.0,10.0
Hunter Renfroe,8.0,8.0,3.0,3.0
Clint Frazier,7.0,0.0,8.0,5.0
Carlos Beltran,7.0,0.0,0.0,0.0
Yoan Moncada,2.0,2.0,11.0,2.0
Hyun Soo Kim,4.0,0.0,0.0,0.0
Cheslor Cuthbert,7.0,1.0,7.0,0.0
Matt Holliday,3.0,0.0,0.0,0.0
Ruben Tejada,4.0,0.0,0.0,0.0
Matt Reynolds,1.0,0.0,0.0,0.0
Tyler Moore,8.0,0.0,0.0,0.0
Maikel Franco,7.0,8.0,8.0,11.0
Cameron Maybin,10.0,4.0,10.0,4.0
Drew Butera,7.0,1.0,0.0,0.0
Jayson Werth,2.0,0.0,0.0,0.0
Matt Szczur,2.0,0.0,0.0,0.0
Kaleb Cowart,10.0,1.0,0.0,0.0
Matt Wieters,7.0,2.0,3.0,0.0
Sandy Leon,8.0,1.0,1.0,0.0
Adam Rosales,7.0,0.0,0.0,0.0
Logan Forsythe,2.0,4.0,2.0,0.0
Gio Urshela,7.0,0.0,11.0,11.0
Josh Rutledge,4.0,0.0,0.0,0.0
Drew Robinson,3.0,2.0,0.0,0.0
Peter Bourjos,4.0,0.0,0.0,0.0
Elias Diaz,7.0,6.0,4.0,0.0
Russell Martin,2.0,2.0,2.0,0.0
Martin Maldonado,1.0,7.0,2.0,5.0
Alen Hanson,4.0,7.0,0.0,0.0
Chris Gimenez,2.0,0.0,0.0,0.0
Pablo Sandoval,7.0,8.0,11.0,0.0
Matt Davidson,8.0,3.0,0.0,0.0
Keon Broxton,10.0,0.0,1.0,0.0
Hector Sanchez,8.0,0.0,0.0,0.0
Austin Romine,1.0,8.0,11.0,7.0
Lucas Duda,3.0,8.0,3.0,0.0
Ryan Rua,2.0,7.0,0.0,0.0
Cameron Rupp,3.0,0.0,0.0,0.0
J.J. Hardy,7.0,0.0,0.0,0.0
Rickie Weeks Jr.,2.0,0.0,0.0,0.0
Miguel Montero,2.0,0.0,0.0,0.0
Carlos Ruiz,2.0,0.0,0.0,0.0
Enrique Hernandez,2.0,2.0,8.0,8.0
Jeff Mathis,1.0,1.0,1.0,0.0
Jace Peterson,1.0,2.0,7.0,0.0
Chris Davis,3.0,1.0,3.0,0.0
Austin Hedges,8.0,7.0,3.0,0.0
Jabari Blash,2.0,0.0,0.0,0.0
Todd Frazier,5.0,3.0,8.0,4.0
Devin Mesoraco,2.0,3.0,0.0,0.0
Joc Pederson,5.0,8.0,12.0,3.0
Derek Fisher,2.0,0.0,3.0,0.0
Curtis Granderson,5.0,2.0,3.0,0.0
John Jaso,3.0,0.0,0.0,0.0
Kyle Schwarber,3.0,5.0,5.0,3.0
Deven Marrero,8.0,0.0,0.0,0.0
A.J. Ellis,2.0,2.0,0.0,0.0
Joey Gallo,5.0,3.0,5.0,3.0
Mark Canha,1.0,8.0,5.0,5.0
Alex Gordon,2.0,6.0,6.0,1.0
Allen Cordoba,1.0,0.0,0.0,0.0
Patrick Kivlehan,3.0,0.0,0.0,0.0
Roberto Perez,3.0,1.0,3.0,1.0
Brandon Moss,3.0,0.0,0.0,0.0
Jett Bandy,1.0,0.0,0.0,0.0
Daniel Robertson,2.0,2.0,2.0,0.0
Rougned Odor,8.0,10.0,3.0,3.0
Jose Bautista,2.0,5.0,0.0,0.0
Danny Santana,7.0,0.0,11.0,0.0
Michael Saunders,7.0,0.0,0.0,0.0
Josh Phegley,1.0,8.0,8.0,0.0
Brad Miller,2.0,7.0,8.0,5.0
Derek Norris,3.0,0.0,0.0,0.0
Chris Carter,3.0,0.0,0.0,0.0
Brock Holt,2.0,6.0,6.0,4.0
Max Moroff,5.0,0.0,0.0,0.0
Luis Valbuena,3.0,7.0,0.0,0.0
Trevor Plouffe,1.0,0.0,0.0,0.0
Taylor Motter,7.0,0.0,0.0,0.0
Dominic Smith,3.0,7.0,10.0,11.0
Tyler Collins,1.0,0.0,0.0,0.0
Rio Ruiz,3.0,0.0,7.0,8.0
Mike Napoli,3.0,0.0,0.0,0.0
Andres Blanco,1.0,0.0,0.0,0.0
Christian Arroyo,1.0,0.0,0.0,0.0
Ty Kelly,3.0,0.0,0.0,0.0
Greg Bird,3.0,3.0,0.0,0.0
Dustin Garneau,1.0,0.0,5.0,0.0
Chris Stewart,1.0,0.0,0.0,0.0
Chris Herrmann,3.0,0.0,0.0,0.0
Nick Franklin,1.0,0.0,0.0,0.0
Tyler Saladino,1.0,7.0,0.0,0.0
Ryder Jones,1.0,0.0,0.0,0.0
Jefry Marte,1.0,7.0,0.0,0.0
Danny Espinosa,3.0,0.0,0.0,0.0
Leonys Martin,1.0,10.0,1.0,0.0
Arismendy Alcantara,7.0,0.0,0.0,0.0
Jose Lobaton,1.0,0.0,0.0,0.0
JaCoby Jones,1.0,4.0,2.0,10.0
Sean Rodriguez,1.0,3.0,5.0,0.0
Adam Engel,1.0,4.0,7.0,0.0
Luis Torrens,1.0,0.0,0.0,0.0
Ryan Schimpf,3.0,0.0,0.0,0.0
Luke Maile,1.0,6.0,1.0,0.0
Jorge Soler,1.0,6.0,12.0,3.0
Jeff McNeil,0.0,9.0,11.0,6.0
Joey Wendle,0.0,9.0,4.0,9.0
Miguel Andujar,0.0,11.0,0.0,0.0
Nick Martini,0.0,6.0,2.0,0.0
Matt Duffy,0.0,9.0,4.0,0.0
Ronald Acuna Jr.,0.0,10.0,10.0,5.0
Richard Urena,0.0,4.0,0.0,0.0
Curt Casali,0.0,6.0,6.0,0.0
Mason Williams,0.0,4.0,0.0,0.0
Juan Soto,0.0,5.0,5.0,12.0
Ramon Laureano,0.0,10.0,11.0,5.0
Austin Meadows,0.0,9.0,11.0,2.0
Shohei Ohtani,0.0,12.0,11.0,3.0
Lourdes Gurriel Jr.,0.0,11.0,11.0,11.0
Franmil Reyes,0.0,7.0,8.0,6.0
Ryan LaMarre,0.0,9.0,0.0,0.0
Willy Adames,0.0,6.0,7.0,10.0
Colin Moran,0.0,6.0,11.0,8.0
Yairo Munoz,0.0,6.0,9.0,0.0
Adalberto Mondesi,0.0,10.0,10.0,10.0
Tyler White,0.0,8.0,1.0,0.0
David Fletcher,0.0,9.0,9.0,9.0
David Dahl,0.0,8.0,11.0,0.0
Brian Anderson,0.0,6.0,6.0,8.0
Gleyber Torres,0.0,8.0,12.0,2.0
Charlie Culberson,0.0,11.0,7.0,0.0
Mitch Garver,0.0,6.0,12.0,0.0
Jose Fernandez,0.0,9.0,0.0,0.0
Jim Adduci,0.0,9.0,0.0,0.0
Jake Cave,0.0,11.0,2.0,8.0
Tyler Naquin,0.0,9.0,9.0,8.0
Charlie Tilson,0.0,6.0,4.0,0.0
Harrison Bader,0.0,10.0,2.0,5.0
Max Muncy,0.0,5.0,5.0,5.0
Ji-Man Choi,0.0,5.0,5.0,2.0
Tony Kemp,0.0,6.0,2.0,2.0
Ryan O'Hearn,0.0,12.0,3.0,3.0
Isiah Kiner-Falefa,0.0,4.0,4.0,4.0
Roman Quinn,0.0,4.0,10.0,4.0
Travis Jankowski,0.0,4.0,0.0,0.0
Renato Nunez,0.0,7.0,8.0,8.0
Greg Allen,0.0,4.0,7.0,0.0
Steven Duggar,0.0,9.0,7.0,0.0
Austin Wynns,0.0,7.0,0.0,0.0
Tyler O'Neill,0.0,12.0,7.0,3.0
Jurickson Profar,0.0,6.0,3.0,10.0
Phillip Ervin,0.0,6.0,4.0,0.0
Billy McKinney,0.0,7.0,3.0,0.0
Niko Goodrum,0.0,7.0,10.0,3.0
Daniel Palka,0.0,8.0,0.0,0.0
Teoscar Hernandez,0.0,7.0,8.0,12.0
Jose Briceno,0.0,7.0,0.0,0.0
David Bote,0.0,8.0,2.0,3.0
Franchy Cordero,0.0,8.0,0.0,0.0
Christian Villanueva,0.0,8.0,0.0,0.0
Erik Kratz,0.0,7.0,0.0,0.0
Cedric Mullins II,0.0,4.0,0.0,4.0
Ronald Guzman,0.0,8.0,3.0,0.0
Alex Blandino,0.0,2.0,0.0,0.0
Rosell Herrera,0.0,4.0,1.0,0.0
Rafael Ortega,0.0,4.0,0.0,0.0
Noel Cuevas,0.0,4.0,0.0,0.0
Brandon Lowe,0.0,8.0,8.0,12.0
Victor Caratini,0.0,7.0,6.0,6.0
Ryan McMahon,0.0,7.0,8.0,3.0
Spencer Kieboom,0.0,2.0,0.0,0.0
Jose Rondon,0.0,8.0,1.0,0.0
Tyler Austin,0.0,8.0,5.0,0.0
Hunter Dozier,0.0,7.0,8.0,2.0
Blake Swihart,0.0,4.0,0.0,0.0
Preston Tucker,0.0,8.0,0.0,0.0
Max Stassi,0.0,2.0,1.0,12.0
Scott Kingery,0.0,4.0,7.0,1.0
Carlos Tocci,0.0,4.0,0.0,0.0
Dustin Fowler,0.0,7.0,0.0,0.0
Willie Calhoun,0.0,7.0,8.0,1.0
Johnny Field,0.0,7.0,0.0,0.0
Victor Reyes,0.0,4.0,9.0,9.0
Austin Dean,0.0,7.0,7.0,0.0
Ronny Rodriguez,0.0,7.0,8.0,0.0
Grayson Greiner,0.0,2.0,1.0,0.0
Ryan Flaherty,0.0,1.0,0.0,0.0
David Freitas,0.0,1.0,0.0,0.0
J.P. Crawford,0.0,2.0,2.0,10.0
Mac Williamson,0.0,3.0,3.0,0.0
Dawel Lugo,0.0,7.0,7.0,0.0
Daniel Vogelbach,0.0,3.0,5.0,3.0
Bryan Holaday,0.0,1.0,6.0,0.0
Francisco Arcia,0.0,8.0,0.0,0.0
Francisco Pena,0.0,1.0,0.0,0.0
John Ryan Murphy,0.0,7.0,0.0,0.0
Jake Bauers,0.0,5.0,2.0,0.0
Lewis Brinson,0.0,7.0,1.0,7.0
Anthony Santander,0.0,1.0,8.0,8.0
JB Shuck,0.0,1.0,0.0,0.0
Magneuris Sierra,0.0,1.0,0.0,0.0
Brett Phillips,0.0,1.0,0.0,0.0
Jordan Luplow,0.0,2.0,12.0,0.0
Chance Sisco,0.0,1.0,5.0,2.0
Pedro Alvarez,0.0,3.0,0.0,0.0
Brandon Dixon,0.0,1.0,7.0,0.0
Bobby Wilson,0.0,1.0,0.0,0.0
Taylor Ward,0.0,3.0,0.0,9.0
Raffy Lopez,0.0,3.0,0.0,0.0
J.D. Davis,0.0,1.0,11.0,2.0
Yadiel Rivera,0.0,1.0,0.0,0.0
Pedro Severino,0.0,1.0,8.0,7.0
Rob Refsnyder,0.0,2.0,0.0,0.0
Trayce Thompson,0.0,1.0,0.0,0.0
Luis Arraez,0.0,0.0,9.0,9.0
Donovan Solano,0.0,0.0,9.0,9.0
Fernando Tatis Jr.,0.0,0.0,11.0,12.0
Bryan Reynolds,0.0,0.0,11.0,3.0
Yordan Alvarez,0.0,0.0,12.0,0.0
Bo Bichette,0.0,0.0,9.0,11.0
Kevin Newman,0.0,0.0,9.0,1.0
Hanser Alberto,0.0,0.0,9.0,9.0
Tommy Edman,0.0,0.0,9.0,6.0
Keston Hiura,0.0,0.0,11.0,3.0
Reese McGuire,0.0,0.0,9.0,0.0
Alex Verdugo,0.0,0.0,9.0,9.0
Nick Solak,0.0,0.0,6.0,6.0
Harold Castro,0.0,0.0,9.0,0.0
Garrett Cooper,0.0,0.0,6.0,11.0
Mike Tauchman,0.0,0.0,12.0,10.0
Mike Freeman,0.0,0.0,6.0,0.0
Alex Dickerson,0.0,0.0,11.0,12.0
Harold Ramirez,0.0,0.0,9.0,0.0
Mauricio Dubon,0.0,0.0,9.0,6.0
Jon Berti,0.0,0.0,10.0,2.0
Tom Murphy,0.0,0.0,8.0,0.0
Mike Brosseau,0.0,0.0,7.0,0.0
Mike Yastrzemski,0.0,0.0,8.0,12.0
Vladimir Guerrero Jr.,0.0,0.0,6.0,11.0
Tim Lopes,0.0,0.0,6.0,7.0
Oscar Mercado,0.0,0.0,10.0,0.0
Austin Nola,0.0,0.0,6.0,8.0
Ildemaro Vargas,0.0,0.0,9.0,0.0
Myles Straw,0.0,0.0,10.0,0.0
Willians Astudillo,0.0,0.0,9.0,0.0
Eloy Jimenez,0.0,0.0,8.0,11.0
Adam Haseley,0.0,0.0,9.0,0.0
Francisco Mejia,0.0,0.0,7.0,0.0
Matt Beaty,0.0,0.0,11.0,0.0
Shed Long Jr.,0.0,0.0,4.0,1.0
Nathaniel Lowe,0.0,0.0,6.0,0.0
Jacob Stallings,0.0,0.0,4.0,6.0
Pete Alonso,0.0,0.0,12.0,3.0
Christian Walker,0.0,0.0,10.0,11.0
Mike Ford,0.0,0.0,12.0,0.0
Aristides Aquino,0.0,0.0,12.0,0.0
Jose Trevino,0.0,0.0,9.0,0.0
Nick Senzel,0.0,0.0,10.0,0.0
Victor Robles,0.0,0.0,10.0,2.0
Michael Chavis,0.0,0.0,8.0,7.0
Will Smith,0.0,0.0,12.0,12.0
Marco Hernandez,0.0,0.0,4.0,0.0
Tim Locastro,0.0,0.0,10.0,0.0
Josh Naylor,0.0,0.0,7.0,4.0
Cesar Puello,0.0,0.0,2.0,0.0
Garrett Hampson,0.0,0.0,4.0,4.0
Carson Kelly,0.0,0.0,5.0,8.0
Tyler Wade,0.0,0.0,10.0,5.0
Dwight Smith Jr.,0.0,0.0,8.0,0.0
Nicky Lopez,0.0,0.0,4.0,1.0
Cam Gallagher,0.0,0.0,2.0,0.0
D.J. Stewart,0.0,0.0,2.0,5.0
Luis Rengifo,0.0,0.0,2.0,1.0
Josh VanMeter,0.0,0.0,2.0,0.0
Cavan Biggio,0.0,0.0,5.0,5.0
Ty France,0.0,0.0,7.0,11.0
Christin Stewart,0.0,0.0,1.0,0.0
Trent Grisham,0.0,0.0,5.0,10.0
Willi Castro,0.0,0.0,4.0,11.0
Kyle Farmer,0.0,0.0,8.0,0.0
Rowdy Tellez,0.0,0.0,8.0,12.0
Austin Riley,0.0,0.0,8.0,8.0
Stevie Wilkerson,0.0,0.0,7.0,0.0
Travis Demeritte,0.0,0.0,4.0,0.0
Luis Urias,0.0,0.0,2.0,4.0
Ryan Cordell,0.0,0.0,2.0,0.0
Josh Rojas,0.0,0.0,2.0,0.0
Sam Travis,0.0,0.0,7.0,0.0
Gordon Beckham,0.0,0.0,4.0,0.0
Bubba Starling,0.0,0.0,4.0,0.0
Cole Tucker,0.0,0.0,7.0,4.0
Matt Thaiss,0.0,0.0,3.0,0.0
Meibrys Viloria,0.0,0.0,1.0,0.0
Richie Martin,0.0,0.0,1.0,0.0
Danny Jansen,0.0,0.0,3.0,5.0
Dylan Moore,0.0,0.0,2.0,10.0
Yonathan Daza,0.0,0.0,1.0,0.0
Pablo Reyes,0.0,0.0,7.0,0.0
Humberto Arteaga,0.0,0.0,1.0,0.0
Tomas Nido,0.0,0.0,1.0,0.0
Zack Collins,0.0,0.0,3.0,0.0
Isan Diaz,0.0,0.0,3.0,0.0
Jung Ho Kang,0.0,0.0,3.0,0.0
Jake Rogers,0.0,0.0,1.0,0.0
Nick Madrigal,0.0,0.0,0.0,9.0
Alec Bohm,0.0,0.0,0.0,9.0
Ryan Mountcastle,0.0,0.0,0.0,11.0
Joshua Fuentes,0.0,0.0,0.0,11.0
Jared Walsh,0.0,0.0,0.0,12.0
Jake Cronenworth,0.0,0.0,0.0,6.0
Austin Hays,0.0,0.0,0.0,4.0
Luis Garcia,0.0,0.0,0.0,9.0
Kyle Tucker,0.0,0.0,0.0,11.0
Andres Gimenez,0.0,0.0,0.0,10.0
Kyle Lewis,0.0,0.0,0.0,5.0
Phil Gosselin,0.0,0.0,0.0,6.0
Shogo Akiyama,0.0,0.0,0.0,2.0
Danny Mendick,0.0,0.0,0.0,4.0
Edward Olivares,0.0,0.0,0.0,7.0
Joey Bart,0.0,0.0,0.0,4.0
Sean Murphy,0.0,0.0,0.0,5.0
Luis Robert,0.0,0.0,0.0,8.0
Leody Taveras,0.0,0.0,0.0,10.0
Nico Hoerner,0.0,0.0,0.0,2.0
Isaac Paredes,0.0,0.0,0.0,1.0
Sam Hilliard,0.0,0.0,0.0,3.0
Jose Marmolejos,0.0,0.0,0.0,8.0
Carter Kieboom,0.0,0.0,0.0,2.0
Dylan Carlson,0.0,0.0,0.0,7.0
Yoshi Tsutsugo,0.0,0.0,0.0,5.0
Daulton Varsho,0.0,0.0,0.0,2.0
Evan White,0.0,0.0,0.0,3.0
Jo Adell,0.0,0.0,0.0,1.0
