Name,PA,AVG,eAVG,HR,eHR,R,eR,RBI,eRBI,SB,eSB,Rank,Value,
Shohei Ohtani , 600 , 0.277 , 0.039 , 37 , 15 , 92 , 23 , 92 , 23 , 15 , 9 , 1 , 3526 ,
Kyle Tucker , 600 , 0.275 , 0.038 , 28 , 13 , 83 , 22 , 101 , 24 , 20 , 12 , 2 , 3512 ,
Ronald Acuna Jr. , 600 , 0.293 , 0.043 , 27 , 12 , 105 , 25 , 74 , 21 , 43 , 16 , 3 , 3508 ,
Mookie Betts , 600 , 0.284 , 0.04 , 32 , 14 , 105 , 25 , 86 , 22 , 11 , 8 , 4 , 3483 ,
Luis Robert , 600 , 0.277 , 0.038 , 28 , 13 , 85 , 22 , 82 , 22 , 16 , 9 , 5 , 3479 ,
Jose Ramirez , 600 , 0.278 , 0.039 , 25 , 12 , 82 , 22 , 87 , 22 , 19 , 11 , 6 , 3457 ,
Aaron Judge , 600 , 0.28 , 0.041 , 46 , 16 , 103 , 24 , 102 , 24 , 7 , 6 , 7 , 3424 ,
Francisco Lindor , 600 , 0.258 , 0.036 , 25 , 12 , 88 , 22 , 85 , 22 , 17 , 10 , 8 , 3408 ,
Ozzie Albies , 600 , 0.266 , 0.036 , 25 , 12 , 84 , 22 , 90 , 23 , 10 , 7 , 9 , 3402 ,
Freddie Freeman , 600 , 0.315 , 0.05 , 21 , 11 , 100 , 24 , 82 , 22 , 13 , 8 , 10 , 3397 ,
Bryce Harper , 600 , 0.287 , 0.041 , 24 , 12 , 91 , 23 , 81 , 22 , 12 , 8 , 11 , 3390 ,
Manny Machado , 600 , 0.274 , 0.038 , 29 , 13 , 83 , 22 , 95 , 23 , 6 , 6 , 12 , 3389 ,
Cody Bellinger , 600 , 0.252 , 0.035 , 24 , 12 , 85 , 22 , 87 , 22 , 14 , 9 , 13 , 3378 ,
Jazz Chisholm Jr. , 600 , 0.254 , 0.037 , 27 , 12 , 79 , 21 , 82 , 22 , 26 , 14 , 14 , 3354 ,
Trea Turner , 600 , 0.284 , 0.04 , 20 , 11 , 88 , 23 , 71 , 20 , 25 , 12 , 15 , 3348 ,
Paul Goldschmidt , 600 , 0.285 , 0.041 , 25 , 12 , 85 , 22 , 81 , 22 , 8 , 7 , 16 , 3341 ,
Jose Altuve , 600 , 0.291 , 0.042 , 23 , 11 , 101 , 24 , 67 , 20 , 15 , 9 , 17 , 3335 ,
Adolis Garcia , 600 , 0.251 , 0.037 , 30 , 13 , 84 , 22 , 90 , 23 , 12 , 8 , 18 , 3327 ,
Rafael Devers , 600 , 0.277 , 0.038 , 29 , 13 , 82 , 22 , 92 , 23 , 4 , 6 , 19 , 3317 ,
Juan Soto , 600 , 0.272 , 0.039 , 29 , 13 , 88 , 23 , 83 , 22 , 8 , 7 , 20 , 3310 ,
J.T. Realmuto , 600 , 0.259 , 0.035 , 23 , 11 , 78 , 21 , 79 , 21 , 16 , 9 , 21 , 3306 ,
Byron Buxton , 600 , 0.226 , 0.035 , 36 , 14 , 88 , 23 , 79 , 21 , 12 , 8 , 22 , 3299 ,
Marcus Semien , 600 , 0.261 , 0.036 , 23 , 11 , 88 , 22 , 74 , 21 , 12 , 8 , 23 , 3298 ,
George Springer , 600 , 0.264 , 0.036 , 23 , 11 , 85 , 22 , 73 , 20 , 13 , 8 , 24 , 3298 ,
Corey Seager , 600 , 0.29 , 0.042 , 31 , 13 , 88 , 23 , 92 , 23 , 3 , 6 , 25 , 3291 ,
Teoscar Hernandez , 600 , 0.266 , 0.036 , 26 , 12 , 73 , 20 , 88 , 22 , 7 , 6 , 26 , 3291 ,
Nick Castellanos , 600 , 0.268 , 0.036 , 24 , 12 , 73 , 20 , 86 , 22 , 7 , 6 , 27 , 3257 ,
Mike Trout , 600 , 0.273 , 0.039 , 34 , 14 , 92 , 23 , 82 , 22 , 4 , 6 , 28 , 3256 ,
Bo Bichette , 600 , 0.297 , 0.044 , 19 , 10 , 77 , 21 , 77 , 21 , 10 , 7 , 29 , 3236 ,
Vladimir Guerrero Jr , 600 , 0.269 , 0.037 , 26 , 12 , 76 , 21 , 84 , 22 , 5 , 6 , 30 , 3223 ,
Austin Riley , 600 , 0.276 , 0.038 , 30 , 13 , 86 , 22 , 85 , 22 , 2 , 6 , 31 , 3217 ,
Dansby Swanson , 600 , 0.254 , 0.035 , 21 , 11 , 78 , 21 , 78 , 21 , 9 , 7 , 32 , 3204 ,
Christian Walker , 600 , 0.251 , 0.036 , 27 , 12 , 77 , 21 , 86 , 22 , 5 , 6 , 33 , 3202 ,
Pete Alonso , 600 , 0.238 , 0.036 , 37 , 14 , 81 , 22 , 102 , 24 , 4 , 6 , 34 , 3180 ,
Adam Duvall , 600 , 0.237 , 0.035 , 31 , 13 , 76 , 21 , 91 , 23 , 4 , 6 , 35 , 3178 ,
Nolan Arenado , 600 , 0.271 , 0.037 , 27 , 12 , 72 , 20 , 93 , 23 , 4 , 6 , 36 , 3177 ,
Cedric Mullins II , 600 , 0.252 , 0.034 , 18 , 10 , 74 , 21 , 75 , 21 , 26 , 12 , 37 , 3173 ,
Josh Naylor , 600 , 0.277 , 0.038 , 21 , 11 , 65 , 19 , 94 , 23 , 8 , 7 , 38 , 3167 ,
Matt Olson , 600 , 0.259 , 0.038 , 37 , 14 , 90 , 23 , 102 , 24 , 2 , 6 , 39 , 3155 ,
Chas McCormick , 600 , 0.261 , 0.037 , 24 , 12 , 71 , 20 , 78 , 21 , 13 , 8 , 40 , 3153 ,
Justin Turner , 600 , 0.277 , 0.038 , 20 , 11 , 79 , 21 , 88 , 23 , 4 , 6 , 41 , 3152 ,
Chris Taylor , 600 , 0.241 , 0.034 , 20 , 11 , 76 , 21 , 78 , 21 , 16 , 9 , 42 , 3150 ,
Tyrone Taylor , 600 , 0.24 , 0.035 , 23 , 11 , 74 , 21 , 78 , 21 , 12 , 8 , 43 , 3144 ,
Yordan Alvarez , 600 , 0.29 , 0.042 , 34 , 14 , 88 , 23 , 101 , 24 , 1 , 6 , 44 , 3143 ,
Bryan Reynolds , 600 , 0.261 , 0.036 , 22 , 11 , 77 , 21 , 71 , 20 , 8 , 7 , 45 , 3141 ,
J.D. Martinez , 600 , 0.269 , 0.037 , 29 , 13 , 77 , 21 , 97 , 24 , 2 , 6 , 46 , 3141 ,
Brandon Lowe , 600 , 0.231 , 0.035 , 27 , 12 , 78 , 21 , 82 , 22 , 6 , 6 , 47 , 3140 ,
Ryan Mountcastle , 600 , 0.265 , 0.036 , 24 , 12 , 73 , 21 , 86 , 22 , 4 , 6 , 48 , 3136 ,
Gleyber Torres , 600 , 0.264 , 0.036 , 20 , 11 , 75 , 21 , 67 , 20 , 10 , 8 , 49 , 3119 ,
Jake Fraley , 600 , 0.254 , 0.037 , 23 , 11 , 66 , 19 , 81 , 22 , 19 , 11 , 50 , 3101 ,
Willy Adames , 600 , 0.233 , 0.035 , 26 , 12 , 75 , 21 , 82 , 22 , 5 , 6 , 51 , 3094 ,
Will Smith , 600 , 0.26 , 0.037 , 24 , 12 , 82 , 22 , 86 , 22 , 3 , 6 , 52 , 3091 ,
Xander Bogaerts , 600 , 0.293 , 0.043 , 16 , 10 , 79 , 21 , 62 , 19 , 12 , 8 , 53 , 3087 ,
Christian Yelich , 600 , 0.262 , 0.036 , 16 , 9 , 92 , 23 , 64 , 19 , 18 , 10 , 54 , 3087 ,
Anthony Santander , 600 , 0.251 , 0.035 , 27 , 12 , 74 , 21 , 85 , 22 , 3 , 6 , 55 , 3079 ,
Tyler O'Neill , 600 , 0.233 , 0.034 , 23 , 11 , 74 , 21 , 68 , 20 , 13 , 9 , 56 , 3076 ,
Marcell Ozuna , 600 , 0.255 , 0.036 , 32 , 13 , 76 , 21 , 88 , 23 , 1 , 6 , 57 , 3062 ,
Ketel Marte , 600 , 0.272 , 0.037 , 18 , 10 , 80 , 21 , 68 , 20 , 6 , 6 , 58 , 3053 ,
Taylor Ward , 600 , 0.265 , 0.036 , 19 , 10 , 84 , 22 , 68 , 20 , 6 , 6 , 59 , 3053 ,
Julio Rodriguez , 600 , 0.277 , 0.041 , 22 , 11 , 69 , 20 , 69 , 20 , 20 , 13 , 60 , 3039 ,
Tommy Pham , 600 , 0.243 , 0.034 , 17 , 10 , 74 , 21 , 70 , 20 , 17 , 10 , 61 , 3035 ,
Max Kepler , 600 , 0.242 , 0.035 , 23 , 11 , 80 , 21 , 73 , 21 , 4 , 6 , 62 , 3035 ,
Randy Arozarena , 600 , 0.257 , 0.037 , 18 , 10 , 74 , 21 , 70 , 20 , 18 , 12 , 63 , 3031 ,
Jorge Polanco , 600 , 0.248 , 0.035 , 22 , 11 , 70 , 20 , 78 , 21 , 6 , 6 , 64 , 3028 ,
Dylan Moore , 600 , 0.212 , 0.033 , 22 , 11 , 76 , 21 , 66 , 20 , 29 , 21 , 65 , 3024 ,
Patrick Wisdom , 600 , 0.208 , 0.035 , 35 , 14 , 74 , 21 , 79 , 21 , 6 , 6 , 66 , 3018 ,
Kyle Schwarber , 600 , 0.212 , 0.035 , 37 , 15 , 87 , 22 , 84 , 22 , 3 , 6 , 67 , 3017 ,
Willson Contreras , 600 , 0.248 , 0.036 , 23 , 11 , 73 , 21 , 73 , 21 , 6 , 6 , 68 , 3016 ,
Eddie Rosario , 600 , 0.246 , 0.034 , 20 , 11 , 69 , 20 , 78 , 21 , 6 , 6 , 69 , 3011 ,
Max Muncy , 600 , 0.22 , 0.036 , 31 , 13 , 89 , 23 , 92 , 23 , 2 , 6 , 70 , 3007 ,
Andres Gimenez , 600 , 0.26 , 0.034 , 15 , 9 , 75 , 21 , 61 , 19 , 28 , 13 , 71 , 3006 ,
Alec Bohm , 600 , 0.276 , 0.038 , 16 , 10 , 73 , 21 , 81 , 22 , 4 , 6 , 72 , 3005 ,
Lane Thomas , 600 , 0.254 , 0.036 , 20 , 11 , 74 , 21 , 66 , 19 , 11 , 8 , 73 , 3001 ,
Austin Slater , 600 , 0.265 , 0.035 , 16 , 9 , 79 , 21 , 60 , 19 , 15 , 9 , 74 , 2999 ,
Danny Jansen , 600 , 0.232 , 0.035 , 33 , 14 , 79 , 21 , 97 , 24 , 1 , 6 , 75 , 2996 ,
Daulton Varsho , 600 , 0.226 , 0.033 , 21 , 11 , 71 , 20 , 66 , 20 , 13 , 9 , 76 , 2993 ,
Ian Happ , 600 , 0.25 , 0.035 , 19 , 10 , 73 , 20 , 70 , 20 , 9 , 7 , 77 , 2991 ,
Austin Hays , 600 , 0.267 , 0.036 , 17 , 10 , 76 , 21 , 67 , 20 , 5 , 6 , 78 , 2978 ,
Starling Marte , 600 , 0.27 , 0.036 , 12 , 8 , 79 , 21 , 59 , 18 , 35 , 14 , 79 , 2978 ,
Wander Franco , 600 , 0.278 , 0.039 , 14 , 9 , 76 , 21 , 60 , 19 , 23 , 11 , 80 , 2976 ,
Joc Pederson , 600 , 0.243 , 0.036 , 24 , 12 , 80 , 21 , 79 , 21 , 2 , 6 , 81 , 2973 ,
Lourdes Gurriel Jr. , 600 , 0.274 , 0.037 , 18 , 10 , 67 , 20 , 77 , 21 , 5 , 6 , 82 , 2970 ,
Harrison Bader , 600 , 0.243 , 0.033 , 13 , 9 , 76 , 21 , 63 , 19 , 30 , 13 , 83 , 2958 ,
Edward Olivares , 600 , 0.264 , 0.035 , 17 , 10 , 73 , 21 , 58 , 18 , 11 , 8 , 84 , 2957 ,
Thairo Estrada , 600 , 0.27 , 0.037 , 16 , 9 , 71 , 20 , 61 , 19 , 18 , 10 , 85 , 2954 ,
Salvador Perez , 600 , 0.262 , 0.035 , 27 , 12 , 66 , 19 , 91 , 23 , 1 , 6 , 86 , 2951 ,
Randal Grichuk , 600 , 0.26 , 0.034 , 20 , 11 , 74 , 21 , 70 , 20 , 3 , 6 , 87 , 2950 ,
Alex Bregman , 600 , 0.26 , 0.036 , 19 , 10 , 82 , 22 , 79 , 21 , 3 , 6 , 88 , 2948 ,
Mike Yastrzemski , 600 , 0.231 , 0.035 , 22 , 11 , 83 , 22 , 69 , 20 , 4 , 6 , 89 , 2941 ,
William Contreras , 600 , 0.272 , 0.038 , 20 , 11 , 74 , 21 , 68 , 20 , 4 , 6 , 90 , 2936 ,
Tommy Edman , 600 , 0.255 , 0.033 , 13 , 8 , 81 , 22 , 54 , 18 , 29 , 13 , 91 , 2932 ,
Ryan McMahon , 600 , 0.24 , 0.034 , 21 , 11 , 72 , 20 , 71 , 20 , 5 , 6 , 92 , 2931 ,
Ryan O'Hearn , 600 , 0.258 , 0.034 , 17 , 10 , 67 , 20 , 83 , 22 , 4 , 6 , 93 , 2929 ,
Whit Merrifield , 600 , 0.269 , 0.036 , 11 , 8 , 72 , 20 , 65 , 19 , 21 , 11 , 94 , 2925 ,
Nelson Velazquez , 600 , 0.23 , 0.039 , 31 , 13 , 74 , 21 , 78 , 21 , 4 , 6 , 95 , 2923 ,
Jeimer Candelario , 600 , 0.249 , 0.035 , 19 , 10 , 74 , 21 , 69 , 20 , 5 , 6 , 96 , 2918 ,
Trevor Story , 600 , 0.225 , 0.032 , 17 , 10 , 64 , 19 , 68 , 20 , 24 , 15 , 97 , 2916 ,
Andrew McCutchen , 600 , 0.243 , 0.035 , 18 , 10 , 72 , 20 , 66 , 19 , 10 , 7 , 98 , 2903 ,
Kevin Kiermaier , 600 , 0.254 , 0.033 , 13 , 8 , 78 , 21 , 59 , 18 , 17 , 10 , 99 , 2902 ,
Eloy Jimenez , 600 , 0.274 , 0.037 , 25 , 12 , 66 , 20 , 87 , 22 , 1 , 6 , 100 , 2901 ,
Yandy Diaz , 600 , 0.301 , 0.045 , 16 , 9 , 83 , 22 , 69 , 20 , 2 , 6 , 101 , 2898 ,
Jose Siri , 600 , 0.227 , 0.038 , 23 , 11 , 74 , 21 , 60 , 19 , 17 , 10 , 102 , 2894 ,
Sean Murphy , 600 , 0.245 , 0.036 , 25 , 12 , 79 , 21 , 81 , 22 , 1 , 6 , 103 , 2893 ,
C.J. Cron , 600 , 0.258 , 0.037 , 25 , 12 , 74 , 21 , 83 , 22 , 1 , 6 , 104 , 2890 ,
Charlie Blackmon , 600 , 0.273 , 0.037 , 14 , 9 , 75 , 21 , 70 , 20 , 5 , 6 , 105 , 2890 ,
Willi Castro , 600 , 0.252 , 0.033 , 12 , 8 , 79 , 21 , 52 , 17 , 28 , 13 , 106 , 2869 ,
Brandon Nimmo , 600 , 0.275 , 0.038 , 17 , 10 , 82 , 22 , 58 , 18 , 4 , 6 , 107 , 2868 ,
Michael Harris II , 600 , 0.292 , 0.043 , 17 , 10 , 70 , 20 , 58 , 18 , 17 , 10 , 108 , 2867 ,
Javier Baez , 600 , 0.234 , 0.032 , 16 , 9 , 67 , 20 , 70 , 20 , 11 , 8 , 109 , 2867 ,
Mark Canha , 600 , 0.259 , 0.035 , 14 , 9 , 72 , 20 , 69 , 20 , 9 , 7 , 110 , 2858 ,
Luis Rengifo , 600 , 0.249 , 0.034 , 18 , 10 , 67 , 20 , 62 , 19 , 7 , 6 , 111 , 2857 ,
Hunter Renfroe , 600 , 0.237 , 0.034 , 26 , 12 , 71 , 20 , 76 , 21 , 1 , 6 , 112 , 2852 ,
Jose Abreu , 600 , 0.264 , 0.035 , 19 , 10 , 71 , 20 , 85 , 22 , 1 , 6 , 113 , 2838 ,
Aaron Hicks , 600 , 0.235 , 0.034 , 15 , 9 , 77 , 21 , 64 , 19 , 10 , 7 , 114 , 2833 ,
Lars Nootbaar , 600 , 0.248 , 0.037 , 18 , 10 , 79 , 21 , 58 , 18 , 9 , 7 , 115 , 2829 ,
Amed Rosario , 600 , 0.274 , 0.037 , 9 , 7 , 77 , 21 , 62 , 19 , 14 , 9 , 116 , 2826 ,
Michael A. Taylor , 600 , 0.231 , 0.035 , 21 , 11 , 64 , 19 , 63 , 19 , 12 , 8 , 117 , 2825 ,
Wilmer Flores , 600 , 0.258 , 0.036 , 25 , 12 , 70 , 20 , 75 , 21 , 1 , 6 , 118 , 2825 ,
Raimel Tapia , 600 , 0.257 , 0.033 , 10 , 7 , 82 , 22 , 56 , 18 , 25 , 12 , 119 , 2821 ,
Mitch Garver , 600 , 0.247 , 0.038 , 29 , 13 , 70 , 20 , 76 , 21 , 2 , 6 , 120 , 2820 ,
Nelson Cruz , 600 , 0.248 , 0.034 , 20 , 11 , 55 , 18 , 84 , 22 , 4 , 6 , 121 , 2817 ,
Anthony Rizzo , 600 , 0.234 , 0.035 , 23 , 11 , 71 , 20 , 67 , 20 , 3 , 6 , 122 , 2815 ,
Leody Taveras , 600 , 0.249 , 0.033 , 13 , 8 , 68 , 20 , 60 , 19 , 18 , 10 , 123 , 2811 ,
Christopher Morel , 600 , 0.245 , 0.04 , 24 , 12 , 65 , 19 , 68 , 20 , 7 , 6 , 124 , 2808 ,
Matt Carpenter , 600 , 0.22 , 0.035 , 25 , 12 , 69 , 20 , 90 , 23 , 2 , 6 , 125 , 2807 ,
Joey Gallo , 600 , 0.181 , 0.032 , 32 , 14 , 72 , 20 , 72 , 20 , 3 , 6 , 126 , 2806 ,
Harold Ramirez , 600 , 0.299 , 0.045 , 12 , 8 , 66 , 20 , 75 , 21 , 6 , 6 , 127 , 2806 ,
Mauricio Dubon , 600 , 0.256 , 0.033 , 12 , 8 , 78 , 21 , 59 , 18 , 7 , 6 , 128 , 2804 ,
Nico Hoerner , 600 , 0.278 , 0.039 , 8 , 7 , 76 , 21 , 59 , 18 , 28 , 13 , 129 , 2799 ,
Matt Chapman , 600 , 0.232 , 0.034 , 22 , 11 , 73 , 20 , 66 , 20 , 3 , 6 , 130 , 2794 ,
Brandon Belt , 600 , 0.244 , 0.036 , 25 , 12 , 74 , 21 , 65 , 19 , 2 , 6 , 131 , 2793 ,
Travis d'Arnaud , 600 , 0.244 , 0.034 , 23 , 11 , 69 , 20 , 81 , 22 , 1 , 6 , 132 , 2785 ,
Bobby Witt Jr. , 600 , 0.264 , 0.039 , 17 , 10 , 64 , 19 , 60 , 19 , 28 , 13 , 133 , 2779 ,
Ramon Laureano , 600 , 0.224 , 0.033 , 17 , 10 , 70 , 20 , 57 , 18 , 14 , 9 , 134 , 2774 ,
Corbin Carroll , 600 , 0.269 , 0.04 , 16 , 10 , 71 , 20 , 55 , 18 , 27 , 12 , 135 , 2770 ,
Rougned Odor , 600 , 0.206 , 0.032 , 19 , 10 , 71 , 20 , 71 , 20 , 5 , 6 , 136 , 2761 ,
Alex Verdugo , 600 , 0.278 , 0.039 , 12 , 8 , 78 , 21 , 59 , 18 , 5 , 6 , 137 , 2761 ,
Jonah Heim , 600 , 0.24 , 0.035 , 20 , 11 , 63 , 19 , 83 , 22 , 3 , 6 , 138 , 2758 ,
Gary Sanchez , 600 , 0.208 , 0.033 , 32 , 13 , 67 , 20 , 88 , 23 , 1 , 6 , 139 , 2755 ,
Jorge Soler , 600 , 0.227 , 0.035 , 31 , 13 , 72 , 20 , 74 , 21 , 1 , 6 , 140 , 2753 ,
Trent Grisham , 600 , 0.207 , 0.033 , 18 , 10 , 72 , 20 , 61 , 19 , 12 , 8 , 141 , 2750 ,
Jonathan India , 600 , 0.247 , 0.036 , 16 , 9 , 74 , 21 , 59 , 18 , 9 , 7 , 142 , 2747 ,
Cavan Biggio , 600 , 0.225 , 0.033 , 15 , 9 , 84 , 22 , 61 , 19 , 7 , 6 , 143 , 2746 ,
Luis Garcia , 600 , 0.268 , 0.036 , 11 , 8 , 67 , 20 , 64 , 19 , 7 , 6 , 144 , 2744 ,
Carlos Santana , 600 , 0.222 , 0.034 , 21 , 11 , 69 , 20 , 74 , 21 , 3 , 6 , 145 , 2743 ,
Yu Chang , 600 , 0.19 , 0.032 , 22 , 11 , 60 , 19 , 72 , 20 , 9 , 7 , 146 , 2743 ,
Manuel Margot , 600 , 0.269 , 0.036 , 8 , 7 , 68 , 20 , 68 , 20 , 16 , 9 , 147 , 2738 ,
Seth Brown , 600 , 0.224 , 0.035 , 23 , 11 , 56 , 18 , 74 , 21 , 6 , 6 , 148 , 2737 ,
Evan Longoria , 600 , 0.237 , 0.035 , 26 , 12 , 68 , 20 , 77 , 21 , 1 , 6 , 149 , 2734 ,
Eugenio Suarez , 600 , 0.225 , 0.034 , 25 , 12 , 66 , 19 , 82 , 22 , 1 , 6 , 150 , 2731 ,
Yan Gomes , 600 , 0.256 , 0.034 , 16 , 10 , 61 , 19 , 78 , 21 , 2 , 6 , 151 , 2717 ,
A.J. Pollock , 600 , 0.216 , 0.032 , 21 , 11 , 66 , 19 , 69 , 20 , 3 , 6 , 152 , 2715 ,
Brandon Crawford , 600 , 0.226 , 0.033 , 16 , 9 , 66 , 19 , 74 , 21 , 5 , 6 , 153 , 2705 ,
Ryan Jeffers , 600 , 0.243 , 0.036 , 20 , 11 , 68 , 20 , 67 , 20 , 3 , 6 , 154 , 2703 ,
Adam Frazier , 600 , 0.246 , 0.033 , 11 , 8 , 69 , 20 , 61 , 19 , 10 , 8 , 155 , 2697 ,
Kolten Wong , 600 , 0.226 , 0.032 , 13 , 9 , 70 , 20 , 62 , 19 , 11 , 8 , 156 , 2697 ,
Kris Bryant , 600 , 0.256 , 0.035 , 17 , 10 , 75 , 21 , 56 , 18 , 2 , 6 , 157 , 2686 ,
Nick Senzel , 600 , 0.24 , 0.034 , 15 , 9 , 73 , 20 , 56 , 18 , 9 , 7 , 157 , 2686 ,
Jon Berti , 600 , 0.265 , 0.035 , 9 , 7 , 74 , 21 , 47 , 16 , 31 , 13 , 159 , 2685 ,
Gio Urshela , 600 , 0.289 , 0.042 , 11 , 8 , 64 , 19 , 67 , 20 , 5 , 6 , 160 , 2681 ,
J.D. Davis , 600 , 0.252 , 0.035 , 18 , 10 , 68 , 20 , 67 , 20 , 2 , 6 , 161 , 2677 ,
Brandon Marsh , 600 , 0.262 , 0.036 , 12 , 8 , 64 , 19 , 63 , 19 , 11 , 8 , 162 , 2665 ,
Tyler Stephenson , 600 , 0.269 , 0.036 , 16 , 9 , 68 , 20 , 75 , 21 , 2 , 6 , 163 , 2658 ,
Jason Heyward , 600 , 0.243 , 0.034 , 15 , 9 , 73 , 21 , 56 , 18 , 5 , 6 , 164 , 2656 ,
Elvis Andrus , 600 , 0.245 , 0.032 , 12 , 8 , 62 , 19 , 60 , 18 , 15 , 9 , 165 , 2654 ,
James McCann , 600 , 0.22 , 0.032 , 16 , 9 , 63 , 19 , 65 , 19 , 7 , 6 , 166 , 2650 ,
Josh Lowe , 600 , 0.264 , 0.039 , 14 , 9 , 63 , 19 , 61 , 19 , 18 , 12 , 167 , 2650 ,
Carlos Correa , 600 , 0.255 , 0.035 , 19 , 10 , 69 , 20 , 69 , 20 , 1 , 6 , 168 , 2649 ,
Jarred Kelenic , 600 , 0.209 , 0.033 , 18 , 10 , 60 , 19 , 62 , 19 , 13 , 8 , 169 , 2649 ,
Josh Rojas , 600 , 0.258 , 0.035 , 9 , 7 , 73 , 21 , 60 , 19 , 17 , 10 , 170 , 2648 ,
Jorge Mateo , 600 , 0.227 , 0.033 , 11 , 8 , 77 , 21 , 50 , 17 , 41 , 15 , 171 , 2644 ,
Nolan Gorman , 600 , 0.228 , 0.039 , 24 , 12 , 61 , 19 , 67 , 20 , 4 , 6 , 172 , 2642 ,
Ha-seong Kim , 600 , 0.248 , 0.035 , 13 , 8 , 65 , 19 , 54 , 18 , 23 , 11 , 173 , 2642 ,
Joey Votto , 600 , 0.212 , 0.034 , 28 , 13 , 65 , 19 , 82 , 22 , 1 , 6 , 174 , 2640 ,
Jarren Duran , 600 , 0.261 , 0.034 , 10 , 7 , 67 , 20 , 53 , 17 , 23 , 14 , 175 , 2638 ,
Trevor Larnach , 600 , 0.226 , 0.035 , 19 , 10 , 68 , 20 , 80 , 22 , 2 , 6 , 176 , 2637 ,
Nathaniel Lowe , 600 , 0.273 , 0.037 , 16 , 9 , 67 , 20 , 63 , 19 , 3 , 6 , 177 , 2634 ,
Robbie Grossman , 600 , 0.228 , 0.033 , 14 , 9 , 70 , 20 , 63 , 19 , 7 , 6 , 178 , 2634 ,
Rowdy Tellez , 600 , 0.225 , 0.034 , 26 , 12 , 59 , 18 , 81 , 22 , 1 , 6 , 179 , 2633 ,
Garrett Hampson , 600 , 0.25 , 0.033 , 9 , 7 , 76 , 21 , 49 , 17 , 20 , 11 , 180 , 2630 ,
Yoan Moncada , 600 , 0.244 , 0.033 , 17 , 10 , 64 , 19 , 67 , 20 , 2 , 6 , 181 , 2630 ,
Gunnar Henderson , 600 , 0.256 , 0.04 , 19 , 10 , 63 , 19 , 65 , 19 , 6 , 6 , 182 , 2628 ,
Eduardo Escobar , 600 , 0.235 , 0.033 , 17 , 10 , 64 , 19 , 69 , 20 , 2 , 6 , 183 , 2625 ,
Edmundo Sosa , 600 , 0.248 , 0.034 , 13 , 9 , 66 , 19 , 58 , 18 , 9 , 7 , 184 , 2625 ,
Ty France , 600 , 0.267 , 0.036 , 14 , 9 , 71 , 20 , 66 , 19 , 2 , 6 , 185 , 2623 ,
Jeff McNeil , 600 , 0.287 , 0.041 , 9 , 7 , 70 , 20 , 56 , 18 , 7 , 6 , 186 , 2622 ,
Rob Refsnyder , 600 , 0.268 , 0.036 , 9 , 7 , 74 , 21 , 62 , 19 , 9 , 7 , 187 , 2621 ,
Josh Donaldson , 600 , 0.195 , 0.033 , 30 , 13 , 65 , 19 , 76 , 21 , 1 , 6 , 188 , 2618 ,
Wil Myers , 600 , 0.224 , 0.032 , 16 , 9 , 57 , 18 , 67 , 20 , 6 , 6 , 189 , 2618 ,
Kyle Farmer , 600 , 0.255 , 0.035 , 15 , 9 , 65 , 19 , 69 , 20 , 3 , 6 , 190 , 2617 ,
Jake Cronenworth , 600 , 0.238 , 0.033 , 13 , 9 , 70 , 20 , 62 , 19 , 5 , 6 , 191 , 2616 ,
Mitch Haniger , 600 , 0.228 , 0.034 , 20 , 10 , 68 , 20 , 71 , 20 , 2 , 6 , 192 , 2615 ,
Enrique Hernandez , 600 , 0.236 , 0.033 , 14 , 9 , 70 , 20 , 69 , 20 , 3 , 6 , 193 , 2609 ,
Daniel Vogelbach , 600 , 0.228 , 0.035 , 24 , 12 , 65 , 19 , 78 , 21 , 1 , 6 , 194 , 2608 ,
Isaac Paredes , 600 , 0.235 , 0.038 , 26 , 12 , 64 , 19 , 75 , 21 , 1 , 6 , 195 , 2608 ,
Tim Anderson , 600 , 0.274 , 0.037 , 8 , 7 , 75 , 21 , 42 , 15 , 16 , 9 , 196 , 2602 ,
David Peralta , 600 , 0.257 , 0.033 , 12 , 8 , 60 , 19 , 75 , 21 , 4 , 6 , 197 , 2598 ,
Jesus Sanchez , 600 , 0.238 , 0.035 , 20 , 11 , 60 , 19 , 68 , 20 , 3 , 6 , 198 , 2593 ,
Brandon Drury , 600 , 0.264 , 0.04 , 23 , 11 , 63 , 19 , 75 , 21 , 1 , 6 , 199 , 2593 ,
Anthony Rendon , 600 , 0.236 , 0.034 , 13 , 8 , 66 , 19 , 73 , 20 , 5 , 6 , 200 , 2591 ,
Isiah Kiner-Falefa , 600 , 0.256 , 0.033 , 8 , 6 , 68 , 20 , 54 , 18 , 20 , 11 , 201 , 2589 ,
Bryan De La Cruz , 600 , 0.259 , 0.035 , 16 , 10 , 54 , 18 , 65 , 19 , 4 , 6 , 202 , 2587 ,
Josh Bell , 600 , 0.251 , 0.035 , 20 , 11 , 63 , 19 , 71 , 20 , 1 , 6 , 203 , 2587 ,
DJ LeMahieu , 600 , 0.259 , 0.034 , 14 , 9 , 71 , 20 , 51 , 17 , 4 , 6 , 204 , 2585 ,
Luis Arraez , 600 , 0.324 , 0.053 , 8 , 7 , 75 , 21 , 59 , 18 , 4 , 7 , 205 , 2584 ,
Garrett Cooper , 600 , 0.258 , 0.035 , 18 , 10 , 58 , 18 , 73 , 21 , 1 , 6 , 206 , 2584 ,
Kerry Carpenter , 600 , 0.265 , 0.04 , 22 , 11 , 62 , 19 , 60 , 18 , 4 , 6 , 207 , 2584 ,
Ke'Bryan Hayes , 600 , 0.259 , 0.034 , 11 , 8 , 63 , 19 , 55 , 18 , 12 , 8 , 207 , 2584 ,
Giancarlo Stanton , 600 , 0.209 , 0.035 , 33 , 14 , 62 , 19 , 85 , 22 , 0 , 6 , 209 , 2578 ,
Jack Suwinski , 600 , 0.216 , 0.039 , 22 , 11 , 57 , 18 , 59 , 18 , 8 , 7 , 210 , 2567 ,
Kole Calhoun , 600 , 0.215 , 0.032 , 19 , 10 , 60 , 19 , 75 , 21 , 2 , 6 , 211 , 2562 ,
LaMonte Wade Jr. , 600 , 0.239 , 0.036 , 19 , 10 , 69 , 20 , 58 , 18 , 3 , 6 , 212 , 2554 ,
Cal Raleigh , 600 , 0.214 , 0.035 , 28 , 12 , 64 , 19 , 73 , 20 , 1 , 6 , 213 , 2551 ,
T.J. Friedl , 600 , 0.266 , 0.04 , 14 , 9 , 63 , 19 , 53 , 17 , 17 , 10 , 214 , 2550 ,
J.P. Crawford , 600 , 0.254 , 0.034 , 12 , 8 , 76 , 21 , 54 , 18 , 4 , 6 , 215 , 2549 ,
Christian Arroyo , 600 , 0.26 , 0.034 , 11 , 8 , 62 , 19 , 67 , 20 , 5 , 6 , 216 , 2548 ,
Josh Jung , 600 , 0.241 , 0.038 , 21 , 11 , 58 , 18 , 65 , 19 , 4 , 6 , 217 , 2546 ,
Mike Moustakas , 600 , 0.231 , 0.033 , 17 , 10 , 63 , 19 , 67 , 20 , 2 , 6 , 218 , 2537 ,
Alex Kirilloff , 600 , 0.261 , 0.036 , 16 , 9 , 59 , 18 , 72 , 20 , 2 , 6 , 219 , 2527 ,
Jake Cave , 600 , 0.213 , 0.031 , 15 , 9 , 57 , 18 , 63 , 19 , 6 , 6 , 220 , 2508 ,
Drew Waters , 600 , 0.237 , 0.038 , 15 , 9 , 60 , 19 , 57 , 18 , 16 , 9 , 221 , 2495 ,
Paul DeJong , 600 , 0.193 , 0.031 , 19 , 10 , 57 , 18 , 61 , 19 , 6 , 6 , 222 , 2493 ,
Jake Burger , 600 , 0.251 , 0.04 , 25 , 12 , 59 , 18 , 69 , 20 , 1 , 6 , 223 , 2489 ,
Jared Walsh , 600 , 0.189 , 0.031 , 24 , 12 , 60 , 19 , 70 , 20 , 1 , 6 , 224 , 2486 ,
Ryan McKenna , 600 , 0.241 , 0.033 , 8 , 6 , 78 , 21 , 55 , 18 , 12 , 8 , 225 , 2485 ,
Brian Anderson , 600 , 0.229 , 0.033 , 15 , 9 , 63 , 19 , 62 , 19 , 3 , 6 , 226 , 2482 ,
Jean Segura , 600 , 0.251 , 0.032 , 10 , 7 , 61 , 19 , 48 , 17 , 12 , 8 , 227 , 2480 ,
Jake Meyers , 600 , 0.233 , 0.033 , 13 , 8 , 61 , 19 , 59 , 18 , 7 , 6 , 228 , 2479 ,
Avisail Garcia , 600 , 0.211 , 0.031 , 15 , 9 , 50 , 17 , 61 , 19 , 8 , 6 , 229 , 2479 ,
Kevin Pillar , 600 , 0.241 , 0.04 , 17 , 10 , 57 , 18 , 61 , 19 , 7 , 6 , 230 , 2470 ,
Seiya Suzuki , 600 , 0.275 , 0.04 , 15 , 9 , 61 , 19 , 56 , 18 , 6 , 6 , 231 , 2468 ,
Kevin Newman , 600 , 0.257 , 0.033 , 7 , 6 , 64 , 19 , 56 , 18 , 13 , 9 , 232 , 2465 ,
Andrew Vaughn , 600 , 0.257 , 0.036 , 17 , 10 , 61 , 19 , 70 , 20 , 1 , 6 , 233 , 2462 ,
Akil Baddoo , 600 , 0.22 , 0.033 , 12 , 8 , 66 , 20 , 45 , 16 , 21 , 11 , 234 , 2461 ,
Ji-Man Choi , 600 , 0.2 , 0.033 , 24 , 12 , 63 , 19 , 72 , 20 , 1 , 6 , 235 , 2460 ,
Ramon Urias , 600 , 0.262 , 0.035 , 11 , 8 , 64 , 19 , 62 , 19 , 4 , 6 , 236 , 2456 ,
Jurickson Profar , 600 , 0.243 , 0.033 , 11 , 8 , 68 , 20 , 53 , 17 , 5 , 6 , 237 , 2455 ,
Richie Palacios , 600 , 0.25 , 0.039 , 17 , 10 , 40 , 17 , 61 , 19 , 8 , 7 , 238 , 2437 ,
Dylan Carlson , 600 , 0.228 , 0.032 , 11 , 8 , 65 , 19 , 58 , 18 , 6 , 6 , 239 , 2433 ,
Jesus Aguilar , 600 , 0.23 , 0.034 , 22 , 11 , 50 , 17 , 63 , 19 , 1 , 6 , 240 , 2425 ,
Connor Joe , 600 , 0.249 , 0.035 , 12 , 8 , 69 , 20 , 51 , 17 , 4 , 6 , 241 , 2423 ,
Victor Caratini , 600 , 0.233 , 0.033 , 16 , 9 , 57 , 18 , 65 , 19 , 2 , 6 , 242 , 2422 ,
Luis Urias , 600 , 0.221 , 0.033 , 15 , 9 , 67 , 20 , 63 , 19 , 2 , 6 , 243 , 2417 ,
Taylor Walls , 600 , 0.2 , 0.032 , 10 , 7 , 69 , 20 , 49 , 17 , 24 , 12 , 244 , 2401 ,
Kyle Higashioka , 600 , 0.228 , 0.034 , 21 , 11 , 55 , 18 , 71 , 20 , 0 , 6 , 245 , 2399 ,
Zach McKinstry , 600 , 0.221 , 0.033 , 12 , 8 , 62 , 19 , 47 , 16 , 14 , 9 , 246 , 2396 ,
Christian Vazquez , 600 , 0.247 , 0.032 , 11 , 8 , 59 , 18 , 60 , 19 , 4 , 6 , 247 , 2396 ,
Eric Haase , 600 , 0.221 , 0.033 , 15 , 9 , 53 , 17 , 61 , 19 , 4 , 6 , 248 , 2391 ,
Pavin Smith , 600 , 0.216 , 0.034 , 16 , 10 , 61 , 19 , 66 , 20 , 3 , 6 , 249 , 2390 ,
Gavin Sheets , 600 , 0.226 , 0.034 , 19 , 10 , 49 , 17 , 74 , 21 , 1 , 6 , 250 , 2385 ,
Ezequiel Duran , 600 , 0.264 , 0.038 , 13 , 8 , 57 , 18 , 51 , 17 , 8 , 7 , 251 , 2382 ,
Elias Diaz , 600 , 0.251 , 0.035 , 15 , 9 , 53 , 17 , 72 , 20 , 1 , 6 , 252 , 2380 ,
Corey Dickerson , 600 , 0.258 , 0.033 , 11 , 8 , 56 , 18 , 65 , 19 , 2 , 6 , 253 , 2375 ,
Royce Lewis , 600 , 0.301 , 0.055 , 18 , 10 , 44 , 16 , 61 , 19 , 6 , 6 , 254 , 2370 ,
Trayce Thompson , 600 , 0.204 , 0.037 , 18 , 10 , 54 , 18 , 56 , 18 , 6 , 6 , 255 , 2369 ,
Andy Ibanez , 600 , 0.251 , 0.034 , 11 , 8 , 59 , 18 , 52 , 17 , 5 , 6 , 256 , 2366 ,
Mickey Moniak , 600 , 0.237 , 0.037 , 16 , 10 , 52 , 17 , 53 , 17 , 6 , 6 , 257 , 2365 ,
Orlando Arcia , 600 , 0.255 , 0.037 , 17 , 10 , 60 , 19 , 63 , 19 , 1 , 6 , 258 , 2359 ,
Yuli Gurriel , 600 , 0.25 , 0.032 , 9 , 7 , 61 , 19 , 54 , 18 , 6 , 6 , 259 , 2359 ,
Miguel Rojas , 600 , 0.245 , 0.031 , 8 , 7 , 62 , 19 , 47 , 16 , 11 , 8 , 260 , 2352 ,
Bryson Stott , 600 , 0.266 , 0.038 , 10 , 8 , 58 , 18 , 48 , 17 , 16 , 10 , 261 , 2347 ,
Francisco Mejia , 600 , 0.239 , 0.034 , 14 , 9 , 67 , 20 , 64 , 19 , 1 , 6 , 262 , 2345 ,
Jace Peterson , 600 , 0.226 , 0.033 , 10 , 7 , 58 , 18 , 52 , 17 , 17 , 10 , 263 , 2334 ,
Joey Meneses , 600 , 0.288 , 0.041 , 14 , 9 , 56 , 18 , 63 , 19 , 1 , 6 , 264 , 2328 ,
Victor Robles , 600 , 0.253 , 0.032 , 5 , 6 , 67 , 20 , 42 , 15 , 27 , 12 , 265 , 2321 ,
Nick Madrigal , 600 , 0.271 , 0.037 , 4 , 6 , 65 , 19 , 48 , 16 , 13 , 8 , 266 , 2320 ,
Andrew Benintendi , 600 , 0.273 , 0.037 , 7 , 6 , 61 , 19 , 49 , 17 , 9 , 7 , 267 , 2312 ,
Stuart Fairchild , 600 , 0.232 , 0.038 , 13 , 9 , 61 , 19 , 43 , 16 , 10 , 7 , 268 , 2309 ,
Austin Barnes , 600 , 0.201 , 0.031 , 12 , 8 , 64 , 19 , 51 , 17 , 6 , 6 , 269 , 2306 ,
Shea Langeliers , 600 , 0.211 , 0.036 , 20 , 11 , 49 , 17 , 63 , 19 , 2 , 6 , 270 , 2300 ,
Owen Miller , 600 , 0.243 , 0.033 , 9 , 7 , 54 , 18 , 51 , 17 , 12 , 8 , 271 , 2298 ,
Jeremy Pena , 600 , 0.263 , 0.038 , 11 , 8 , 60 , 19 , 46 , 16 , 9 , 7 , 272 , 2294 ,
Brendan Rodgers , 600 , 0.262 , 0.035 , 13 , 8 , 63 , 19 , 61 , 19 , 1 , 6 , 273 , 2293 ,
Andrew Knizner , 600 , 0.225 , 0.033 , 14 , 9 , 60 , 19 , 57 , 18 , 3 , 6 , 274 , 2277 ,
Tony Kemp , 600 , 0.227 , 0.031 , 7 , 6 , 64 , 19 , 44 , 16 , 15 , 9 , 275 , 2270 ,
Joey Wendle , 600 , 0.24 , 0.03 , 6 , 6 , 61 , 19 , 46 , 16 , 14 , 9 , 276 , 2267 ,
CJ Abrams , 600 , 0.245 , 0.036 , 9 , 7 , 59 , 18 , 43 , 16 , 26 , 12 , 277 , 2266 ,
Alan Trejo , 600 , 0.248 , 0.037 , 11 , 8 , 52 , 17 , 58 , 18 , 7 , 6 , 278 , 2261 ,
Christian Bethancour , 600 , 0.238 , 0.037 , 15 , 9 , 62 , 19 , 49 , 17 , 3 , 6 , 279 , 2260 ,
Carson Kelly , 600 , 0.212 , 0.031 , 12 , 8 , 58 , 18 , 59 , 18 , 3 , 6 , 280 , 2255 ,
Brendan Donovan , 600 , 0.281 , 0.04 , 11 , 8 , 63 , 19 , 46 , 16 , 5 , 6 , 281 , 2247 ,
Martin Maldonado , 600 , 0.19 , 0.031 , 21 , 11 , 56 , 18 , 60 , 19 , 1 , 6 , 282 , 2238 ,
Santiago Espinal , 600 , 0.263 , 0.035 , 6 , 6 , 63 , 19 , 52 , 17 , 6 , 6 , 283 , 2237 ,
Spencer Steer , 600 , 0.248 , 0.038 , 13 , 8 , 54 , 18 , 51 , 17 , 6 , 6 , 284 , 2236 ,
Garrett Stubbs , 600 , 0.23 , 0.036 , 10 , 8 , 62 , 19 , 53 , 17 , 7 , 6 , 285 , 2233 ,
Rafael Ortega , 600 , 0.232 , 0.033 , 8 , 7 , 61 , 19 , 42 , 16 , 18 , 12 , 286 , 2226 ,
Nicky Lopez , 600 , 0.241 , 0.034 , 3 , 8 , 70 , 20 , 47 , 16 , 13 , 9 , 287 , 2216 ,
Seby Zavala , 600 , 0.206 , 0.033 , 16 , 9 , 57 , 18 , 57 , 18 , 2 , 6 , 288 , 2214 ,
Adley Rutschman , 600 , 0.266 , 0.04 , 13 , 9 , 63 , 19 , 51 , 17 , 2 , 6 , 289 , 2206 ,
D.J. Stewart , 600 , 0.227 , 0.042 , 22 , 11 , 49 , 17 , 55 , 18 , 2 , 6 , 290 , 2200 ,
Kyle Isbel , 600 , 0.232 , 0.035 , 9 , 7 , 61 , 19 , 51 , 17 , 10 , 8 , 291 , 2200 ,
David Villar , 600 , 0.182 , 0.035 , 20 , 11 , 53 , 17 , 52 , 17 , 2 , 6 , 292 , 2195 ,
Sam Haggerty , 600 , 0.253 , 0.037 , 7 , 6 , 62 , 19 , 36 , 14 , 38 , 15 , 293 , 2180 ,
Jake McCarthy , 600 , 0.256 , 0.036 , 6 , 6 , 63 , 19 , 38 , 15 , 36 , 14 , 294 , 2175 ,
Trey Mancini , 600 , 0.237 , 0.034 , 13 , 9 , 61 , 19 , 61 , 19 , 0 , 6 , 295 , 2165 ,
Alek Thomas , 600 , 0.235 , 0.036 , 10 , 8 , 56 , 18 , 48 , 17 , 7 , 6 , 296 , 2161 ,
Jesse Winker , 600 , 0.22 , 0.033 , 12 , 8 , 60 , 18 , 65 , 19 , 1 , 6 , 297 , 2160 ,
Alejandro Kirk , 600 , 0.257 , 0.036 , 13 , 8 , 53 , 17 , 59 , 18 , 1 , 6 , 298 , 2156 ,
Jose Trevino , 600 , 0.224 , 0.033 , 14 , 9 , 52 , 17 , 56 , 18 , 2 , 6 , 299 , 2156 ,
Nick Fortes , 600 , 0.214 , 0.035 , 12 , 8 , 59 , 18 , 42 , 16 , 7 , 6 , 300 , 2154 ,
Alex Call , 600 , 0.213 , 0.036 , 12 , 8 , 53 , 17 , 43 , 16 , 9 , 7 , 301 , 2148 ,
Yasmani Grandal , 600 , 0.226 , 0.033 , 14 , 9 , 52 , 17 , 55 , 18 , 1 , 6 , 302 , 2139 ,
Riley Greene , 600 , 0.274 , 0.038 , 9 , 7 , 56 , 18 , 44 , 16 , 6 , 6 , 303 , 2132 ,
Spencer Torkelson , 600 , 0.217 , 0.037 , 17 , 10 , 54 , 18 , 53 , 17 , 1 , 6 , 304 , 2131 ,
Dominic Smith , 600 , 0.238 , 0.032 , 10 , 7 , 55 , 18 , 59 , 18 , 2 , 6 , 305 , 2129 ,
Michael Massey , 600 , 0.236 , 0.037 , 12 , 8 , 43 , 16 , 51 , 17 , 6 , 6 , 306 , 2127 ,
Jose Azocar , 600 , 0.242 , 0.035 , 6 , 6 , 65 , 19 , 35 , 14 , 26 , 12 , 307 , 2127 ,
Oswaldo Cabrera , 600 , 0.227 , 0.036 , 10 , 7 , 52 , 17 , 45 , 16 , 9 , 7 , 308 , 2120 ,
MJ Melendez , 600 , 0.229 , 0.037 , 14 , 9 , 52 , 17 , 50 , 17 , 3 , 6 , 309 , 2119 ,
J.J. Bleday , 600 , 0.191 , 0.035 , 13 , 9 , 51 , 17 , 40 , 15 , 7 , 6 , 310 , 2117 ,
Steven Kwan , 600 , 0.282 , 0.04 , 4 , 6 , 63 , 19 , 39 , 15 , 13 , 8 , 311 , 2095 ,
Aledmys Diaz , 600 , 0.239 , 0.033 , 11 , 8 , 49 , 17 , 52 , 17 , 2 , 6 , 311 , 2095 ,
Miguel Cabrera , 600 , 0.252 , 0.032 , 9 , 7 , 43 , 16 , 60 , 19 , 1 , 6 , 313 , 2095 ,
Nolan Jones , 600 , 0.292 , 0.054 , 12 , 8 , 42 , 15 , 41 , 15 , 12 , 8 , 314 , 2094 ,
Mike Ford , 600 , 0.216 , 0.038 , 21 , 11 , 49 , 17 , 52 , 17 , 0 , 6 , 315 , 2087 ,
Harold Castro , 600 , 0.261 , 0.034 , 6 , 7 , 51 , 17 , 62 , 19 , 2 , 6 , 316 , 2077 ,
Michael Conforto , 600 , 0.244 , 0.042 , 13 , 9 , 53 , 17 , 50 , 17 , 3 , 6 , 317 , 2076 ,
Donovan Solano , 600 , 0.277 , 0.038 , 7 , 6 , 54 , 18 , 51 , 17 , 1 , 6 , 318 , 2074 ,
Elehuris Montero , 600 , 0.242 , 0.037 , 15 , 9 , 57 , 18 , 57 , 18 , 0 , 6 , 319 , 2067 ,
Mike Zunino , 600 , 0.177 , 0.031 , 19 , 10 , 48 , 17 , 57 , 18 , 1 , 6 , 320 , 2066 ,
Mike Tauchman , 600 , 0.242 , 0.04 , 8 , 7 , 61 , 19 , 46 , 16 , 8 , 7 , 321 , 2063 ,
Jake Rogers , 600 , 0.221 , 0.043 , 20 , 11 , 48 , 16 , 50 , 17 , 1 , 6 , 322 , 2060 ,
Brent Rooker , 600 , 0.23 , 0.044 , 19 , 10 , 43 , 16 , 45 , 16 , 2 , 6 , 323 , 2054 ,
Keibert Ruiz , 600 , 0.255 , 0.037 , 12 , 8 , 44 , 16 , 50 , 17 , 3 , 6 , 324 , 2048 ,
Jonathan Schoop , 600 , 0.223 , 0.03 , 9 , 7 , 61 , 19 , 44 , 16 , 2 , 6 , 325 , 2045 ,
Geraldo Perdomo , 600 , 0.225 , 0.036 , 7 , 6 , 62 , 19 , 43 , 16 , 11 , 8 , 326 , 2042 ,
Kody Clemens , 600 , 0.206 , 0.035 , 15 , 9 , 49 , 17 , 52 , 17 , 1 , 6 , 327 , 2029 ,
Riley Adams , 600 , 0.233 , 0.034 , 14 , 9 , 43 , 16 , 58 , 18 , 1 , 6 , 328 , 2028 ,
Rodolfo Castro , 600 , 0.218 , 0.036 , 13 , 9 , 42 , 15 , 45 , 16 , 4 , 6 , 329 , 2022 ,
Bo Naylor , 600 , 0.244 , 0.051 , 15 , 9 , 44 , 16 , 43 , 16 , 6 , 6 , 330 , 2015 ,
Matt Wallner , 600 , 0.254 , 0.053 , 16 , 10 , 49 , 17 , 48 , 17 , 2 , 6 , 331 , 2005 ,
Davis Schneider , 600 , 0.275 , 0.056 , 17 , 10 , 48 , 17 , 44 , 16 , 2 , 6 , 332 , 1999 ,
Matt McLain , 600 , 0.287 , 0.052 , 11 , 8 , 46 , 16 , 36 , 14 , 9 , 7 , 333 , 1994 ,
Matt Vierling , 600 , 0.252 , 0.036 , 8 , 6 , 54 , 18 , 39 , 15 , 6 , 6 , 334 , 1989 ,
Zack Gelof , 600 , 0.263 , 0.051 , 12 , 8 , 40 , 15 , 30 , 13 , 15 , 9 , 335 , 1980 ,
Emmanuel Rivera , 600 , 0.249 , 0.037 , 10 , 8 , 55 , 18 , 51 , 17 , 2 , 6 , 336 , 1975 ,
Luke Maile , 600 , 0.228 , 0.036 , 11 , 8 , 43 , 16 , 51 , 17 , 3 , 6 , 337 , 1973 ,
Ildemaro Vargas , 600 , 0.255 , 0.036 , 8 , 7 , 49 , 17 , 52 , 17 , 3 , 6 , 338 , 1971 ,
Kevin Smith , 600 , 0.184 , 0.033 , 12 , 8 , 41 , 15 , 38 , 15 , 6 , 6 , 339 , 1968 ,
Alfonso Rivas , 600 , 0.232 , 0.036 , 9 , 7 , 39 , 15 , 51 , 17 , 5 , 6 , 340 , 1967 ,
Luke Raley , 600 , 0.246 , 0.05 , 13 , 8 , 39 , 15 , 35 , 14 , 8 , 7 , 341 , 1959 ,
Jonathan Davis , 600 , 0.229 , 0.041 , 7 , 6 , 73 , 21 , 34 , 14 , 5 , 6 , 342 , 1959 ,
Vinnie Pasquantino , 600 , 0.258 , 0.039 , 15 , 9 , 44 , 16 , 46 , 16 , 1 , 6 , 343 , 1957 ,
Josh Harrison , 600 , 0.228 , 0.032 , 9 , 7 , 50 , 17 , 46 , 16 , 3 , 6 , 344 , 1954 ,
Christian Encarnacio , 600 , 0.27 , 0.052 , 15 , 9 , 37 , 14 , 46 , 16 , 2 , 6 , 345 , 1937 ,
Jake Bauers , 600 , 0.205 , 0.041 , 14 , 9 , 38 , 15 , 39 , 15 , 4 , 6 , 346 , 1930 ,
Nick Pratto , 600 , 0.215 , 0.036 , 14 , 9 , 48 , 16 , 51 , 17 , 1 , 6 , 347 , 1930 ,
Albert Pujols , 600 , 0.257 , 0.052 , 17 , 10 , 35 , 14 , 53 , 17 , 1 , 6 , 348 , 1925 ,
Jose Barrero , 600 , 0.196 , 0.033 , 7 , 6 , 44 , 16 , 45 , 16 , 9 , 7 , 349 , 1920 ,
Myles Straw , 600 , 0.237 , 0.032 , 2 , 6 , 61 , 19 , 34 , 14 , 19 , 10 , 350 , 1918 ,
James Outman , 600 , 0.245 , 0.051 , 11 , 8 , 44 , 16 , 36 , 14 , 7 , 6 , 351 , 1902 ,
Matt Duffy , 600 , 0.254 , 0.033 , 5 , 6 , 47 , 16 , 42 , 15 , 4 , 6 , 352 , 1897 ,
Enmanuel Valdez , 600 , 0.263 , 0.049 , 11 , 8 , 33 , 14 , 37 , 15 , 8 , 7 , 353 , 1897 ,
Will Benson , 600 , 0.27 , 0.051 , 9 , 7 , 45 , 16 , 27 , 12 , 18 , 10 , 354 , 1894 ,
Jackie Bradley Jr. , 600 , 0.173 , 0.027 , 8 , 7 , 54 , 18 , 45 , 16 , 3 , 6 , 355 , 1889 ,
Austin Wynns , 600 , 0.224 , 0.032 , 7 , 6 , 46 , 16 , 49 , 17 , 3 , 6 , 356 , 1887 ,
Elly De La Cruz , 600 , 0.237 , 0.047 , 8 , 7 , 45 , 16 , 30 , 13 , 23 , 11 , 357 , 1883 ,
Billy McKinney , 600 , 0.22 , 0.042 , 13 , 9 , 47 , 16 , 36 , 14 , 2 , 6 , 358 , 1870 ,
Dairon Blanco , 600 , 0.256 , 0.048 , 6 , 6 , 41 , 15 , 36 , 14 , 45 , 24 , 359 , 1869 ,
Yainer Diaz , 600 , 0.279 , 0.052 , 17 , 10 , 40 , 15 , 47 , 16 , 0 , 6 , 360 , 1856 ,
Michael Toglia , 600 , 0.187 , 0.032 , 10 , 7 , 48 , 17 , 36 , 14 , 3 , 6 , 361 , 1850 ,
Reese McGuire , 600 , 0.26 , 0.034 , 4 , 6 , 47 , 16 , 41 , 15 , 4 , 6 , 362 , 1846 ,
Zack Short , 600 , 0.198 , 0.04 , 11 , 8 , 31 , 13 , 47 , 16 , 6 , 6 , 363 , 1842 ,
Austin Nola , 600 , 0.21 , 0.03 , 7 , 6 , 51 , 17 , 53 , 17 , 2 , 6 , 364 , 1839 ,
Tom Murphy , 600 , 0.267 , 0.046 , 16 , 9 , 43 , 16 , 41 , 15 , 0 , 6 , 365 , 1814 ,
Noelvi Marte , 600 , 0.311 , 0.051 , 6 , 6 , 36 , 14 , 35 , 14 , 12 , 8 , 366 , 1813 ,
Tucker Barnhart , 600 , 0.214 , 0.03 , 7 , 6 , 40 , 18 , 46 , 16 , 3 , 6 , 367 , 1805 ,
Johan Rojas , 600 , 0.3 , 0.051 , 4 , 6 , 42 , 16 , 39 , 15 , 21 , 15 , 368 , 1794 ,
Tucupita Marcano , 600 , 0.226 , 0.034 , 6 , 6 , 41 , 15 , 37 , 14 , 8 , 7 , 369 , 1790 ,
Jose Miranda , 600 , 0.228 , 0.035 , 11 , 8 , 41 , 15 , 49 , 17 , 1 , 6 , 370 , 1768 ,
Jacob Stallings , 600 , 0.213 , 0.03 , 8 , 7 , 48 , 17 , 52 , 17 , 1 , 6 , 371 , 1767 ,
Josh Smith , 600 , 0.191 , 0.034 , 9 , 7 , 52 , 17 , 31 , 13 , 4 , 6 , 372 , 1767 ,
Omar Narvaez , 600 , 0.213 , 0.031 , 9 , 7 , 51 , 17 , 41 , 15 , 1 , 6 , 373 , 1765 ,
Austin Hedges , 600 , 0.181 , 0.03 , 8 , 7 , 43 , 16 , 45 , 16 , 3 , 6 , 374 , 1764 ,
Luis Campusano , 600 , 0.309 , 0.053 , 12 , 8 , 45 , 16 , 51 , 17 , 0 , 6 , 375 , 1763 ,
Travis Jankowski , 600 , 0.259 , 0.043 , 2 , 6 , 48 , 17 , 36 , 14 , 22 , 11 , 376 , 1757 ,
Stone Garrett , 600 , 0.27 , 0.051 , 9 , 7 , 43 , 16 , 42 , 15 , 3 , 6 , 377 , 1756 ,
Francisco Alvarez , 600 , 0.208 , 0.047 , 17 , 10 , 36 , 14 , 43 , 16 , 1 , 6 , 378 , 1755 ,
Josh Palacios , 600 , 0.241 , 0.047 , 10 , 8 , 29 , 13 , 43 , 16 , 5 , 6 , 379 , 1751 ,
Tyler Naquin , 600 , 0.244 , 0.048 , 11 , 8 , 38 , 15 , 43 , 16 , 3 , 6 , 380 , 1747 ,
Rhys Hoskins , 600 , 0.246 , 0.051 , 14 , 9 , 40 , 15 , 39 , 15 , 1 , 6 , 381 , 1736 ,
Keston Hiura , 600 , 0.207 , 0.047 , 13 , 8 , 34 , 14 , 34 , 14 , 4 , 6 , 382 , 1734 ,
Logan O'Hoppe , 600 , 0.229 , 0.049 , 19 , 10 , 34 , 14 , 42 , 16 , 0 , 6 , 383 , 1723 ,
Oscar Gonzalez , 600 , 0.247 , 0.035 , 8 , 7 , 44 , 16 , 40 , 15 , 1 , 6 , 384 , 1721 ,
Liover Peguero , 600 , 0.24 , 0.047 , 9 , 7 , 30 , 13 , 36 , 14 , 7 , 6 , 385 , 1715 ,
Anthony Volpe , 600 , 0.213 , 0.046 , 10 , 7 , 31 , 13 , 30 , 13 , 10 , 7 , 386 , 1713 ,
Blake Perkins , 600 , 0.219 , 0.047 , 7 , 6 , 47 , 16 , 35 , 14 , 7 , 6 , 387 , 1712 ,
David Fry , 600 , 0.236 , 0.048 , 10 , 7 , 32 , 13 , 38 , 15 , 4 , 6 , 388 , 1708 ,
Fernando Tatis Jr. , 320 , 0.262 , 0.043 , 10 , 5 , 34 , 10 , 29 , 9 , 10 , 5 , 389 , 1706 ,
Nick Maton , 600 , 0.196 , 0.04 , 10 , 8 , 40 , 15 , 42 , 15 , 2 , 6 , 390 , 1689 ,
Willie Calhoun , 600 , 0.234 , 0.039 , 11 , 8 , 41 , 15 , 44 , 16 , 0 , 6 , 391 , 1687 ,
Jordan Walker , 600 , 0.271 , 0.05 , 9 , 7 , 32 , 14 , 33 , 14 , 4 , 6 , 392 , 1678 ,
Nick Allen , 600 , 0.22 , 0.033 , 5 , 6 , 43 , 16 , 30 , 13 , 6 , 6 , 393 , 1670 ,
Brenton Doyle , 600 , 0.208 , 0.044 , 7 , 6 , 33 , 14 , 33 , 14 , 12 , 10 , 394 , 1666 ,
Tyler Freeman , 600 , 0.244 , 0.047 , 7 , 6 , 34 , 14 , 32 , 14 , 7 , 6 , 395 , 1656 ,
Masataka Yoshida , 600 , 0.289 , 0.05 , 7 , 6 , 37 , 14 , 35 , 14 , 4 , 6 , 396 , 1655 ,
Joey Wiemer , 600 , 0.21 , 0.045 , 9 , 7 , 34 , 14 , 31 , 13 , 6 , 6 , 397 , 1653 ,
Nick Ahmed , 600 , 0.223 , 0.036 , 4 , 6 , 34 , 14 , 35 , 14 , 8 , 7 , 398 , 1651 ,
Ezequiel Tovar , 600 , 0.253 , 0.046 , 7 , 6 , 37 , 14 , 35 , 14 , 4 , 6 , 399 , 1645 ,
Parker Meadows , 600 , 0.235 , 0.047 , 6 , 6 , 39 , 15 , 26 , 12 , 17 , 10 , 400 , 1642 ,
Brad Miller , 600 , 0.219 , 0.047 , 11 , 8 , 31 , 13 , 39 , 15 , 3 , 6 , 401 , 1641 ,
Blake Sabol , 600 , 0.235 , 0.048 , 10 , 8 , 31 , 13 , 37 , 15 , 3 , 6 , 402 , 1640 ,
Luis Guillorme , 600 , 0.244 , 0.033 , 4 , 6 , 53 , 17 , 35 , 14 , 1 , 6 , 403 , 1637 ,
Jared Triolo , 600 , 0.293 , 0.051 , 5 , 6 , 42 , 15 , 30 , 13 , 7 , 6 , 404 , 1635 ,
Corey Julks , 600 , 0.246 , 0.046 , 6 , 6 , 32 , 13 , 31 , 13 , 11 , 8 , 405 , 1629 ,
Ronny Mauricio , 600 , 0.248 , 0.046 , 5 , 6 , 32 , 14 , 25 , 12 , 19 , 10 , 406 , 1625 ,
Pablo Reyes , 600 , 0.288 , 0.05 , 3 , 6 , 42 , 16 , 32 , 13 , 10 , 7 , 407 , 1624 ,
Edouard Julien , 600 , 0.257 , 0.052 , 11 , 8 , 43 , 16 , 28 , 13 , 2 , 6 , 408 , 1616 ,
Rene Pinto , 600 , 0.252 , 0.049 , 15 , 9 , 29 , 13 , 43 , 16 , 0 , 6 , 409 , 1603 ,
Triston Casas , 600 , 0.257 , 0.052 , 13 , 9 , 39 , 15 , 37 , 15 , 0 , 6 , 410 , 1597 ,
Jose Caballero , 600 , 0.227 , 0.047 , 4 , 6 , 39 , 15 , 27 , 12 , 26 , 12 , 411 , 1597 ,
Danny Mendick , 600 , 0.263 , 0.049 , 7 , 6 , 45 , 16 , 37 , 14 , 2 , 6 , 412 , 1583 ,
Sal Frelick , 600 , 0.251 , 0.048 , 4 , 6 , 39 , 15 , 32 , 13 , 8 , 7 , 413 , 1582 ,
Luke Voit , 600 , 0.237 , 0.049 , 13 , 9 , 33 , 14 , 41 , 15 , 0 , 6 , 414 , 1582 ,
Esteury Ruiz , 600 , 0.253 , 0.047 , 3 , 6 , 30 , 13 , 27 , 12 , 36 , 15 , 415 , 1569 ,
Jordan Luplow , 600 , 0.187 , 0.049 , 12 , 8 , 29 , 13 , 33 , 14 , 3 , 6 , 416 , 1568 ,
Connor Wong , 600 , 0.238 , 0.046 , 6 , 6 , 39 , 15 , 28 , 13 , 5 , 6 , 417 , 1554 ,
Sam Hilliard , 600 , 0.196 , 0.044 , 8 , 7 , 36 , 14 , 27 , 12 , 6 , 6 , 418 , 1545 ,
Franmil Reyes , 600 , 0.233 , 0.048 , 11 , 8 , 30 , 13 , 36 , 14 , 1 , 6 , 419 , 1540 ,
Zach Neto , 600 , 0.226 , 0.047 , 8 , 7 , 34 , 14 , 31 , 13 , 4 , 6 , 420 , 1537 ,
Maikel Garcia , 600 , 0.275 , 0.049 , 2 , 6 , 35 , 14 , 29 , 13 , 11 , 8 , 421 , 1522 ,
Tyler Nevin , 600 , 0.199 , 0.034 , 7 , 6 , 46 , 16 , 41 , 15 , 1 , 6 , 422 , 1517 ,
Eli White , 600 , 0.2 , 0.047 , 6 , 6 , 33 , 14 , 21 , 11 , 18 , 10 , 423 , 1510 ,
Dominic Canzone , 600 , 0.226 , 0.045 , 9 , 7 , 36 , 14 , 34 , 14 , 1 , 6 , 424 , 1506 ,
David Bote , 600 , 0.236 , 0.047 , 9 , 7 , 33 , 14 , 34 , 14 , 2 , 6 , 425 , 1503 ,
Ji Hwan Bae , 600 , 0.234 , 0.046 , 2 , 6 , 43 , 16 , 25 , 12 , 19 , 10 , 426 , 1502 ,
Ryan Noda , 600 , 0.229 , 0.049 , 9 , 7 , 38 , 15 , 32 , 14 , 2 , 6 , 427 , 1500 ,
Gabriel Moreno , 600 , 0.278 , 0.049 , 6 , 6 , 27 , 12 , 38 , 15 , 4 , 6 , 428 , 1497 ,
Brice Turang , 600 , 0.224 , 0.045 , 4 , 6 , 32 , 14 , 23 , 11 , 18 , 10 , 429 , 1495 ,
Tyler Wade , 600 , 0.229 , 0.046 , 3 , 6 , 47 , 16 , 17 , 10 , 19 , 10 , 430 , 1492 ,
Miles Mastrobuoni , 600 , 0.242 , 0.047 , 2 , 6 , 46 , 16 , 13 , 13 , 25 , 12 , 430 , 1492 ,
Freddy Fermin , 600 , 0.275 , 0.05 , 10 , 8 , 32 , 14 , 39 , 15 , 0 , 6 , 432 , 1487 ,
Jordan Westburg , 600 , 0.266 , 0.048 , 4 , 6 , 35 , 14 , 30 , 13 , 5 , 6 , 433 , 1468 ,
Jonathan Villar , 600 , 0.225 , 0.045 , 5 , 6 , 32 , 13 , 24 , 12 , 9 , 7 , 434 , 1463 ,
Eric Hosmer , 600 , 0.268 , 0.049 , 7 , 6 , 30 , 13 , 37 , 14 , 1 , 6 , 435 , 1453 ,
Jo Adell , 600 , 0.218 , 0.044 , 8 , 7 , 26 , 12 , 33 , 14 , 3 , 6 , 436 , 1450 ,
Michael Chavis , 600 , 0.235 , 0.046 , 8 , 7 , 31 , 13 , 33 , 14 , 2 , 6 , 437 , 1445 ,
Stephen Piscotty , 600 , 0.202 , 0.044 , 9 , 7 , 25 , 12 , 31 , 13 , 3 , 6 , 438 , 1437 ,
Colin Moran , 600 , 0.226 , 0.048 , 11 , 8 , 29 , 13 , 46 , 16 , 0 , 6 , 439 , 1434 ,
Matthew Batten , 600 , 0.261 , 0.049 , 5 , 6 , 40 , 15 , 25 , 12 , 4 , 6 , 440 , 1433 ,
Will Brennan , 600 , 0.271 , 0.048 , 3 , 6 , 29 , 13 , 27 , 12 , 8 , 6 , 441 , 1428 ,
Brett Phillips , 600 , 0.172 , 0.045 , 7 , 6 , 30 , 13 , 24 , 12 , 8 , 6 , 442 , 1425 ,
Odubel Herrera , 600 , 0.246 , 0.05 , 6 , 6 , 29 , 13 , 27 , 12 , 5 , 6 , 443 , 1414 ,
Adam Engel , 600 , 0.235 , 0.049 , 5 , 6 , 32 , 13 , 21 , 11 , 10 , 7 , 444 , 1411 ,
Zach Remillard , 600 , 0.252 , 0.047 , 3 , 6 , 30 , 13 , 34 , 14 , 6 , 6 , 445 , 1410 ,
Kyle Garlick , 600 , 0.233 , 0.052 , 12 , 8 , 35 , 14 , 27 , 12 , 1 , 6 , 446 , 1405 ,
Miguel Vargas , 600 , 0.202 , 0.045 , 7 , 6 , 36 , 14 , 31 , 13 , 3 , 6 , 447 , 1405 ,
Oscar Mercado , 600 , 0.219 , 0.048 , 7 , 6 , 31 , 13 , 28 , 13 , 4 , 6 , 448 , 1399 ,
Mike Brosseau , 600 , 0.232 , 0.052 , 9 , 7 , 27 , 12 , 33 , 14 , 2 , 6 , 449 , 1398 ,
Bobby Dalbec , 600 , 0.226 , 0.051 , 10 , 7 , 29 , 13 , 33 , 14 , 2 , 6 , 450 , 1394 ,
Jason Delay , 600 , 0.237 , 0.035 , 3 , 6 , 49 , 17 , 39 , 15 , 1 , 6 , 451 , 1392 ,
Alec Burleson , 600 , 0.246 , 0.047 , 7 , 6 , 29 , 13 , 31 , 13 , 2 , 6 , 452 , 1388 ,
Victor Reyes , 600 , 0.258 , 0.046 , 4 , 6 , 30 , 13 , 29 , 13 , 4 , 6 , 453 , 1385 ,
Michael Brantley , 600 , 0.293 , 0.05 , 5 , 6 , 35 , 14 , 29 , 13 , 2 , 6 , 454 , 1382 ,
Hunter Dozier , 600 , 0.231 , 0.046 , 7 , 6 , 32 , 13 , 25 , 12 , 3 , 6 , 455 , 1376 ,
Jacob Young , 600 , 0.252 , 0.049 , 1 , 6 , 26 , 15 , 29 , 13 , 30 , 13 , 456 , 1370 ,
Taylor Trammell , 600 , 0.188 , 0.048 , 9 , 7 , 31 , 13 , 23 , 11 , 3 , 6 , 457 , 1356 ,
Henry Davis , 600 , 0.21 , 0.045 , 7 , 6 , 31 , 13 , 27 , 12 , 3 , 6 , 458 , 1352 ,
Nick Gordon , 600 , 0.26 , 0.051 , 5 , 6 , 25 , 12 , 28 , 13 , 5 , 6 , 459 , 1347 ,
Andruw Monasterio , 600 , 0.255 , 0.048 , 3 , 6 , 34 , 14 , 25 , 12 , 6 , 6 , 460 , 1345 ,
Oscar Colas , 600 , 0.22 , 0.044 , 5 , 6 , 34 , 14 , 21 , 11 , 4 , 6 , 461 , 1334 ,
Darin Ruf , 600 , 0.225 , 0.052 , 9 , 7 , 34 , 14 , 31 , 13 , 1 , 6 , 462 , 1334 ,
Jose Iglesias , 600 , 0.296 , 0.049 , 3 , 6 , 33 , 14 , 31 , 13 , 2 , 6 , 463 , 1330 ,
Dominic Fletcher , 600 , 0.299 , 0.05 , 5 , 6 , 31 , 13 , 39 , 15 , 1 , 6 , 464 , 1323 ,
Miguel Amaya , 600 , 0.217 , 0.048 , 9 , 7 , 34 , 14 , 34 , 14 , 0 , 6 , 465 , 1322 ,
Oneil Cruz , 600 , 0.24 , 0.063 , 8 , 7 , 22 , 11 , 27 , 12 , 4 , 6 , 466 , 1316 ,
Ben Gamel , 600 , 0.234 , 0.046 , 6 , 6 , 30 , 13 , 28 , 13 , 2 , 6 , 467 , 1311 ,
Mark Vientos , 600 , 0.206 , 0.044 , 10 , 8 , 24 , 12 , 27 , 12 , 1 , 6 , 468 , 1308 ,
Gabriel Arias , 600 , 0.205 , 0.044 , 8 , 7 , 30 , 13 , 23 , 11 , 2 , 6 , 469 , 1304 ,
Charlie Culberson , 600 , 0.254 , 0.051 , 4 , 6 , 33 , 14 , 23 , 11 , 4 , 6 , 470 , 1304 ,
Matt Thaiss , 600 , 0.211 , 0.046 , 8 , 6 , 30 , 13 , 28 , 13 , 2 , 6 , 471 , 1302 ,
Luke Williams , 600 , 0.24 , 0.051 , 2 , 6 , 33 , 14 , 14 , 9 , 15 , 9 , 472 , 1292 ,
Aristides Aquino , 600 , 0.194 , 0.048 , 9 , 7 , 25 , 12 , 27 , 12 , 2 , 6 , 473 , 1290 ,
Frank Schwindel , 600 , 0.258 , 0.053 , 9 , 7 , 27 , 12 , 34 , 14 , 1 , 6 , 474 , 1290 ,
Casey Schmitt , 600 , 0.211 , 0.043 , 6 , 6 , 30 , 13 , 32 , 14 , 2 , 6 , 475 , 1286 ,
Jose Herrera , 600 , 0.2 , 0.035 , 1 , 6 , 49 , 17 , 27 , 12 , 3 , 6 , 476 , 1286 ,
Bradley Zimmer , 600 , 0.165 , 0.044 , 5 , 6 , 35 , 14 , 16 , 10 , 6 , 6 , 477 , 1278 ,
Yadiel Hernandez , 600 , 0.266 , 0.052 , 7 , 6 , 25 , 12 , 31 , 13 , 1 , 6 , 478 , 1277 ,
Jake Alu , 600 , 0.229 , 0.045 , 3 , 6 , 24 , 12 , 26 , 12 , 7 , 6 , 479 , 1277 ,
Gavin Lux , 600 , 0.269 , 0.054 , 4 , 6 , 34 , 14 , 25 , 12 , 3 , 6 , 480 , 1276 ,
Miguel Andujar , 600 , 0.243 , 0.049 , 4 , 6 , 26 , 12 , 28 , 13 , 4 , 6 , 481 , 1275 ,
Yadier Molina , 600 , 0.234 , 0.044 , 6 , 6 , 25 , 12 , 32 , 13 , 2 , 6 , 482 , 1274 ,
Marwin Gonzalez , 600 , 0.194 , 0.043 , 7 , 6 , 28 , 12 , 26 , 12 , 3 , 6 , 483 , 1272 ,
Max Stassi , 600 , 0.211 , 0.046 , 9 , 7 , 31 , 13 , 30 , 13 , 0 , 6 , 484 , 1266 ,
Brett Baty , 600 , 0.216 , 0.045 , 7 , 6 , 31 , 13 , 27 , 12 , 1 , 6 , 485 , 1265 ,
Jonathan Aranda , 600 , 0.23 , 0.047 , 6 , 6 , 38 , 15 , 36 , 14 , 0 , 6 , 486 , 1256 ,
Patrick Bailey , 600 , 0.237 , 0.045 , 6 , 6 , 26 , 12 , 39 , 15 , 1 , 6 , 487 , 1244 ,
Maikel Franco , 600 , 0.231 , 0.045 , 7 , 6 , 25 , 12 , 33 , 14 , 1 , 6 , 488 , 1244 ,
Carlos Perez , 600 , 0.227 , 0.047 , 9 , 7 , 28 , 12 , 32 , 13 , 0 , 6 , 489 , 1236 ,
Jorge Alfaro , 600 , 0.247 , 0.05 , 5 , 6 , 23 , 11 , 33 , 14 , 2 , 6 , 490 , 1235 ,
Chad Wallach , 600 , 0.195 , 0.044 , 11 , 8 , 30 , 13 , 26 , 12 , 0 , 6 , 491 , 1226 ,
Cesar Hernandez , 600 , 0.248 , 0.047 , 3 , 6 , 33 , 14 , 21 , 11 , 3 , 6 , 492 , 1223 ,
Didi Gregorius , 600 , 0.224 , 0.044 , 5 , 6 , 26 , 12 , 31 , 13 , 2 , 6 , 493 , 1220 ,
Vaughn Grissom , 600 , 0.291 , 0.067 , 5 , 6 , 26 , 12 , 20 , 11 , 5 , 6 , 494 , 1216 ,
Hanser Alberto , 600 , 0.258 , 0.046 , 4 , 6 , 29 , 13 , 29 , 13 , 1 , 6 , 495 , 1206 ,
Chad Pinder , 600 , 0.24 , 0.05 , 7 , 6 , 27 , 12 , 29 , 13 , 1 , 6 , 496 , 1205 ,
Jonah Bride , 600 , 0.186 , 0.033 , 2 , 6 , 42 , 15 , 27 , 12 , 1 , 6 , 497 , 1189 ,
Abraham Toro , 600 , 0.201 , 0.047 , 7 , 6 , 26 , 12 , 26 , 12 , 2 , 6 , 497 , 1189 ,
Franchy Cordero , 600 , 0.211 , 0.048 , 6 , 6 , 29 , 13 , 24 , 12 , 3 , 6 , 499 , 1186 ,
David Fletcher , 600 , 0.264 , 0.048 , 2 , 6 , 30 , 13 , 22 , 11 , 3 , 6 , 500 , 1172 ,
Lorenzo Cain , 600 , 0.204 , 0.047 , 4 , 6 , 29 , 13 , 21 , 11 , 5 , 6 , 501 , 1168 ,
Austin Meadows , 600 , 0.24 , 0.047 , 5 , 6 , 28 , 12 , 30 , 13 , 1 , 6 , 502 , 1166 ,
Oswald Peraza , 600 , 0.19 , 0.042 , 4 , 6 , 23 , 11 , 22 , 11 , 5 , 6 , 503 , 1162 ,
Stephen Vogt , 600 , 0.177 , 0.046 , 9 , 7 , 25 , 12 , 29 , 13 , 1 , 6 , 504 , 1159 ,
Sergio Alcantara , 600 , 0.216 , 0.048 , 6 , 6 , 29 , 13 , 28 , 13 , 1 , 6 , 505 , 1155 ,
Jordan Diaz , 600 , 0.214 , 0.045 , 9 , 7 , 21 , 11 , 27 , 12 , 0 , 6 , 506 , 1153 ,
Jon Singleton , 600 , 0.172 , 0.043 , 7 , 7 , 32 , 13 , 35 , 14 , 0 , 6 , 507 , 1150 ,
Brett Wisely , 600 , 0.177 , 0.04 , 5 , 6 , 23 , 11 , 19 , 10 , 4 , 6 , 508 , 1145 ,
Skye Bolt , 600 , 0.196 , 0.056 , 5 , 6 , 15 , 9 , 19 , 10 , 6 , 6 , 509 , 1143 ,
Michael Perez , 600 , 0.155 , 0.043 , 9 , 7 , 20 , 11 , 25 , 12 , 1 , 6 , 510 , 1138 ,
Masyn Winn , 600 , 0.175 , 0.041 , 5 , 6 , 19 , 10 , 26 , 12 , 4 , 6 , 511 , 1136 ,
Lenyn Sosa , 600 , 0.198 , 0.043 , 9 , 7 , 21 , 11 , 24 , 12 , 0 , 6 , 512 , 1123 ,
Nate Eaton , 600 , 0.261 , 0.068 , 1 , 6 , 23 , 11 , 17 , 10 , 15 , 9 , 513 , 1118 ,
Adalberto Mondesi , 600 , 0.241 , 0.08 , 4 , 6 , 16 , 10 , 13 , 8 , 12 , 8 , 514 , 1105 ,
Everson Pereira , 600 , 0.158 , 0.04 , 1 , 6 , 19 , 10 , 28 , 13 , 9 , 7 , 515 , 1104 ,
Andrew Velazquez , 600 , 0.194 , 0.057 , 4 , 6 , 18 , 10 , 14 , 9 , 7 , 6 , 516 , 1101 ,
Luis Matos , 600 , 0.247 , 0.047 , 2 , 6 , 28 , 13 , 17 , 10 , 3 , 6 , 517 , 1096 ,
Lawrence Butler , 600 , 0.206 , 0.043 , 8 , 7 , 23 , 11 , 23 , 11 , 0 , 6 , 518 , 1095 ,
Josh VanMeter , 600 , 0.197 , 0.047 , 4 , 6 , 21 , 11 , 22 , 11 , 4 , 6 , 519 , 1094 ,
Tommy La Stella , 600 , 0.247 , 0.046 , 5 , 6 , 30 , 13 , 26 , 12 , 0 , 6 , 520 , 1092 ,
Lewin Diaz , 600 , 0.181 , 0.045 , 9 , 7 , 22 , 11 , 19 , 10 , 1 , 6 , 521 , 1086 ,
Nolan Schanuel , 600 , 0.274 , 0.051 , 3 , 6 , 42 , 16 , 17 , 16 , 0 , 6 , 522 , 1060 ,
Nomar Mazara , 600 , 0.243 , 0.046 , 4 , 6 , 26 , 12 , 31 , 13 , 0 , 6 , 523 , 1044 ,
Nick Gonzales , 600 , 0.213 , 0.044 , 5 , 6 , 29 , 13 , 31 , 13 , 0 , 6 , 524 , 1040 ,
Bubba Thompson , 600 , 0.262 , 0.065 , 1 , 6 , 19 , 10 , 10 , 7 , 16 , 10 , 525 , 1031 ,
Yoshi Tsutsugo , 600 , 0.191 , 0.043 , 6 , 6 , 25 , 12 , 31 , 13 , 0 , 6 , 526 , 1028 ,
Kurt Suzuki , 600 , 0.205 , 0.044 , 6 , 6 , 23 , 11 , 26 , 12 , 0 , 6 , 527 , 1026 ,
Jake Lamb , 600 , 0.21 , 0.05 , 7 , 6 , 31 , 13 , 19 , 10 , 0 , 6 , 528 , 1025 ,
Zack Collins , 600 , 0.176 , 0.046 , 7 , 6 , 23 , 11 , 26 , 12 , 0 , 6 , 529 , 1024 ,
Darick Hall , 600 , 0.25 , 0.064 , 10 , 7 , 23 , 11 , 20 , 11 , 0 , 6 , 530 , 1022 ,
Endy Rodriguez , 600 , 0.224 , 0.045 , 4 , 6 , 37 , 14 , 19 , 10 , 0 , 6 , 531 , 1020 ,
Robinson Chirinos , 600 , 0.193 , 0.047 , 7 , 6 , 18 , 10 , 27 , 12 , 1 , 6 , 532 , 1013 ,
Leury Garcia , 600 , 0.23 , 0.05 , 2 , 6 , 30 , 13 , 20 , 11 , 2 , 6 , 533 , 1010 ,
Greg Allen , 600 , 0.189 , 0.059 , 2 , 6 , 21 , 11 , 11 , 8 , 8 , 7 , 534 , 1009 ,
Joey Bart , 600 , 0.221 , 0.053 , 6 , 6 , 26 , 12 , 19 , 10 , 1 , 6 , 535 , 1005 ,
Jason Vosler , 600 , 0.266 , 0.066 , 6 , 6 , 23 , 11 , 19 , 10 , 1 , 6 , 536 , 1001 ,
Curt Casali , 600 , 0.208 , 0.05 , 6 , 6 , 27 , 12 , 26 , 12 , 0 , 6 , 537 , 996 ,
Ehire Adrianza , 600 , 0.2 , 0.044 , 2 , 6 , 29 , 13 , 23 , 11 , 2 , 6 , 538 , 987 ,
Jed Lowrie , 600 , 0.199 , 0.046 , 5 , 6 , 22 , 11 , 25 , 12 , 1 , 6 , 539 , 958 ,
Vidal Brujan , 600 , 0.168 , 0.055 , 3 , 6 , 14 , 9 , 17 , 10 , 4 , 6 , 540 , 952 ,
Charles Leblanc , 600 , 0.258 , 0.064 , 3 , 6 , 18 , 10 , 12 , 8 , 3 , 6 , 541 , 944 ,
Yonathan Daza , 600 , 0.291 , 0.055 , 1 , 6 , 30 , 13 , 22 , 11 , 1 , 6 , 542 , 940 ,
Luis Torrens , 600 , 0.231 , 0.049 , 6 , 6 , 22 , 11 , 25 , 12 , 0 , 6 , 543 , 934 ,
Albert Almora Jr. , 600 , 0.225 , 0.061 , 4 , 6 , 19 , 10 , 21 , 11 , 2 , 6 , 544 , 923 ,
Peyton Burdick , 600 , 0.202 , 0.058 , 6 , 6 , 14 , 9 , 18 , 10 , 1 , 6 , 545 , 920 ,
Luis Gonzalez , 600 , 0.251 , 0.066 , 2 , 6 , 16 , 9 , 17 , 10 , 4 , 6 , 546 , 906 ,
Alcides Escobar , 600 , 0.241 , 0.051 , 1 , 6 , 28 , 12 , 18 , 10 , 2 , 6 , 547 , 891 ,
Tyler Soderstrom , 600 , 0.165 , 0.039 , 6 , 6 , 20 , 11 , 17 , 10 , 0 , 6 , 548 , 881 ,
Dermis Garcia , 600 , 0.212 , 0.059 , 6 , 6 , 18 , 10 , 27 , 12 , 0 , 6 , 549 , 872 ,
Juan Yepez , 600 , 0.253 , 0.063 , 7 , 6 , 17 , 10 , 20 , 10 , 0 , 6 , 550 , 857 ,
Tomas Nido , 600 , 0.235 , 0.05 , 3 , 6 , 25 , 12 , 21 , 11 , 1 , 6 , 551 , 849 ,
Diego Castillo , 600 , 0.202 , 0.057 , 6 , 6 , 17 , 10 , 17 , 10 , 0 , 6 , 552 , 846 ,
Cooper Hummel , 600 , 0.181 , 0.058 , 2 , 6 , 17 , 10 , 14 , 9 , 3 , 6 , 553 , 842 ,
Sheldon Neuse , 600 , 0.219 , 0.061 , 2 , 6 , 15 , 9 , 15 , 9 , 3 , 6 , 554 , 834 ,
Niko Goodrum , 600 , 0.207 , 0.078 , 3 , 6 , 12 , 8 , 12 , 8 , 4 , 6 , 555 , 830 ,
Calvin Mitchell , 600 , 0.229 , 0.062 , 3 , 6 , 16 , 9 , 13 , 8 , 2 , 6 , 556 , 829 ,
Matt Reynolds , 600 , 0.244 , 0.065 , 2 , 6 , 19 , 10 , 14 , 9 , 3 , 6 , 557 , 819 ,
Kyle Seager , 600 , 0.223 , 0.078 , 5 , 6 , 14 , 9 , 18 , 10 , 1 , 6 , 558 , 800 ,
Sam Huff , 600 , 0.239 , 0.062 , 4 , 6 , 13 , 8 , 13 , 9 , 1 , 6 , 559 , 799 ,
Gregory Polanco , 600 , 0.191 , 0.075 , 3 , 6 , 10 , 8 , 12 , 8 , 3 , 6 , 560 , 773 ,
P.J. Higgins , 600 , 0.229 , 0.062 , 4 , 6 , 18 , 10 , 23 , 11 , 0 , 6 , 561 , 760 ,
Miguel Sano , 600 , 0.214 , 0.076 , 6 , 6 , 15 , 9 , 16 , 9 , 0 , 6 , 562 , 757 ,
Cam Gallagher , 600 , 0.159 , 0.034 , 2 , 6 , 20 , 11 , 21 , 11 , 0 , 6 , 563 , 757 ,
Justin Upton , 600 , 0.207 , 0.075 , 5 , 6 , 15 , 9 , 14 , 9 , 0 , 6 , 564 , 752 ,
Johan Camargo , 600 , 0.229 , 0.054 , 4 , 6 , 15 , 9 , 18 , 10 , 0 , 6 , 565 , 751 ,
Kevin Plawecki , 600 , 0.24 , 0.051 , 2 , 6 , 21 , 11 , 19 , 10 , 0 , 6 , 566 , 749 ,
Alejo Lopez , 600 , 0.257 , 0.065 , 1 , 6 , 17 , 10 , 11 , 8 , 3 , 6 , 567 , 746 ,
Austin Romine , 600 , 0.176 , 0.047 , 4 , 6 , 17 , 10 , 17 , 10 , 0 , 6 , 568 , 737 ,
Kyle Lewis , 600 , 0.243 , 0.083 , 4 , 6 , 14 , 9 , 10 , 8 , 1 , 6 , 569 , 729 ,
Alex Dickerson , 600 , 0.253 , 0.081 , 5 , 6 , 15 , 9 , 16 , 9 , 0 , 6 , 570 , 727 ,
Brian Goodwin , 600 , 0.219 , 0.08 , 4 , 6 , 14 , 9 , 14 , 9 , 1 , 6 , 571 , 714 ,
Romy Gonzalez , 600 , 0.241 , 0.061 , 3 , 6 , 23 , 11 , 18 , 10 , 0 , 6 , 572 , 713 ,
Robinson Cano , 600 , 0.185 , 0.048 , 4 , 6 , 15 , 9 , 15 , 9 , 0 , 6 , 573 , 707 ,
Bligh Madris , 600 , 0.179 , 0.057 , 2 , 6 , 14 , 9 , 11 , 8 , 2 , 6 , 574 , 705 ,
Brian Serven , 600 , 0.2 , 0.057 , 5 , 6 , 16 , 9 , 14 , 9 , 0 , 6 , 575 , 702 ,
JaCoby Jones , 600 , 0.205 , 0.075 , 3 , 6 , 13 , 9 , 12 , 8 , 1 , 6 , 576 , 694 ,
Terrin Vavra , 600 , 0.261 , 0.068 , 2 , 6 , 24 , 12 , 20 , 11 , 0 , 6 , 577 , 692 ,
Lewis Brinson , 600 , 0.231 , 0.078 , 3 , 6 , 11 , 8 , 13 , 9 , 1 , 6 , 578 , 692 ,
Shed Long Jr. , 600 , 0.194 , 0.074 , 3 , 6 , 11 , 8 , 13 , 9 , 1 , 6 , 579 , 692 ,
Mitch Moreland , 600 , 0.241 , 0.079 , 5 , 6 , 14 , 9 , 17 , 10 , 0 , 6 , 580 , 690 ,
Ernie Clement , 600 , 0.206 , 0.048 , 2 , 6 , 27 , 12 , 12 , 8 , 0 , 6 , 581 , 676 ,
Jackson Frazier , 600 , 0.216 , 0.081 , 3 , 6 , 13 , 9 , 12 , 8 , 1 , 6 , 582 , 671 ,
Nick Solak , 600 , 0.251 , 0.084 , 2 , 6 , 13 , 9 , 11 , 8 , 2 , 6 , 583 , 670 ,
Daz Cameron , 600 , 0.196 , 0.101 , 2 , 6 , 10 , 7 , 9 , 7 , 3 , 6 , 584 , 663 ,
Gilberto Celestino , 600 , 0.238 , 0.065 , 1 , 6 , 15 , 9 , 12 , 8 , 2 , 6 , 585 , 658 ,
Freddy Galvis , 600 , 0.233 , 0.08 , 4 , 6 , 14 , 9 , 12 , 8 , 0 , 6 , 586 , 645 ,
Billy Hamilton , 600 , 0.226 , 0.107 , 1 , 6 , 12 , 8 , 6 , 6 , 5 , 6 , 587 , 645 ,
Adam Eaton , 600 , 0.214 , 0.079 , 2 , 6 , 15 , 9 , 12 , 8 , 1 , 6 , 588 , 637 ,
Cristian Pache , 600 , 0.17 , 0.055 , 2 , 6 , 12 , 8 , 13 , 8 , 1 , 6 , 589 , 634 ,
Phil Gosselin , 600 , 0.257 , 0.084 , 2 , 6 , 14 , 9 , 14 , 9 , 0 , 6 , 590 , 621 ,
Alika Williams , 600 , 0.206 , 0.045 , 0 , 6 , 20 , 11 , 17 , 10 , 0 , 6 , 591 , 617 ,
Jose Peraza , 600 , 0.216 , 0.077 , 3 , 6 , 14 , 9 , 12 , 8 , 0 , 6 , 592 , 616 ,
Rio Ruiz , 600 , 0.194 , 0.076 , 3 , 6 , 11 , 8 , 12 , 8 , 1 , 6 , 593 , 612 ,
Brett Gardner , 600 , 0.22 , 0.083 , 2 , 6 , 13 , 8 , 10 , 7 , 1 , 6 , 594 , 602 ,
Joshua Fuentes , 600 , 0.256 , 0.082 , 2 , 6 , 13 , 9 , 15 , 9 , 0 , 6 , 595 , 597 ,
Jose Marmolejos , 600 , 0.182 , 0.072 , 5 , 6 , 11 , 8 , 14 , 9 , 0 , 6 , 596 , 591 ,
Travis Shaw , 600 , 0.214 , 0.077 , 4 , 6 , 10 , 8 , 15 , 9 , 0 , 6 , 597 , 584 ,
Wilson Ramos , 600 , 0.214 , 0.075 , 4 , 6 , 10 , 7 , 12 , 8 , 0 , 6 , 598 , 574 ,
Danny Santana , 600 , 0.185 , 0.097 , 3 , 6 , 9 , 7 , 8 , 7 , 2 , 6 , 599 , 571 ,
Asdrubal Cabrera , 600 , 0.233 , 0.082 , 3 , 6 , 12 , 8 , 15 , 9 , 0 , 6 , 600 , 560 ,
Cole Tucker , 600 , 0.224 , 0.081 , 1 , 6 , 14 , 9 , 10 , 7 , 1 , 6 , 601 , 555 ,
Jarrod Dyson , 600 , 0.216 , 0.109 , 0 , 6 , 9 , 7 , 5 , 6 , 5 , 6 , 602 , 550 ,
Derek Hill , 600 , 0.265 , 0.113 , 1 , 6 , 9 , 7 , 7 , 6 , 2 , 6 , 603 , 548 ,
Pedro Severino , 600 , 0.248 , 0.082 , 3 , 6 , 10 , 7 , 13 , 9 , 0 , 6 , 604 , 540 ,
Steven Duggar , 600 , 0.26 , 0.113 , 2 , 6 , 11 , 8 , 9 , 7 , 1 , 6 , 605 , 540 ,
Pat Valaika , 600 , 0.224 , 0.078 , 3 , 6 , 11 , 8 , 11 , 8 , 0 , 6 , 606 , 536 ,
DJ Peters , 600 , 0.198 , 0.096 , 4 , 6 , 9 , 7 , 11 , 8 , 0 , 6 , 607 , 517 ,
Matt Beaty , 600 , 0.27 , 0.115 , 2 , 6 , 11 , 8 , 13 , 8 , 0 , 6 , 608 , 515 ,
Roberto Perez , 600 , 0.164 , 0.071 , 3 , 6 , 9 , 7 , 10 , 8 , 0 , 6 , 609 , 513 ,
Vimael Machin , 600 , 0.223 , 0.064 , 1 , 6 , 18 , 10 , 10 , 7 , 1 , 6 , 610 , 509 ,
Anthony Alford , 600 , 0.234 , 0.108 , 2 , 6 , 7 , 6 , 5 , 6 , 2 , 6 , 611 , 505 ,
Josh Reddick , 600 , 0.252 , 0.083 , 2 , 6 , 12 , 8 , 14 , 9 , 0 , 6 , 612 , 503 ,
Tyler Heineman , 600 , 0.221 , 0.063 , 0 , 6 , 16 , 9 , 10 , 7 , 1 , 6 , 613 , 499 ,
Erik Gonzalez , 600 , 0.234 , 0.08 , 1 , 6 , 9 , 7 , 12 , 8 , 1 , 6 , 614 , 491 ,
Ryan Zimmerman , 600 , 0.248 , 0.105 , 3 , 6 , 8 , 7 , 13 , 8 , 0 , 6 , 615 , 482 ,
Evan White , 600 , 0.162 , 0.07 , 3 , 6 , 10 , 7 , 12 , 8 , 0 , 6 , 616 , 479 ,
Brock Holt , 600 , 0.215 , 0.081 , 0 , 6 , 11 , 8 , 8 , 7 , 1 , 6 , 617 , 475 ,
Shogo Akiyama , 600 , 0.214 , 0.084 , 0 , 6 , 10 , 7 , 7 , 6 , 2 , 6 , 618 , 474 ,
Jack Mayfield , 600 , 0.221 , 0.104 , 2 , 6 , 8 , 6 , 10 , 7 , 1 , 6 , 619 , 473 ,
Manny Pina , 600 , 0.191 , 0.096 , 4 , 6 , 9 , 7 , 11 , 8 , 0 , 6 , 620 , 466 ,
Yonny Hernandez , 600 , 0.213 , 0.113 , 0 , 6 , 7 , 6 , 3 , 6 , 4 , 6 , 621 , 463 ,
Jason Martin , 600 , 0.204 , 0.1 , 2 , 6 , 6 , 6 , 8 , 7 , 1 , 6 , 622 , 457 ,
Bobby Bradley , 600 , 0.207 , 0.1 , 4 , 6 , 9 , 7 , 11 , 8 , 0 , 6 , 623 , 452 ,
Andy Young , 600 , 0.207 , 0.1 , 4 , 6 , 9 , 7 , 11 , 8 , 0 , 6 , 624 , 447 ,
Jake Marisnick , 600 , 0.219 , 0.107 , 2 , 6 , 8 , 7 , 9 , 7 , 1 , 6 , 625 , 447 ,
Buster Posey , 600 , 0.297 , 0.119 , 2 , 6 , 11 , 8 , 9 , 7 , 0 , 6 , 626 , 436 ,
Eric Sogard , 600 , 0.235 , 0.083 , 0 , 6 , 10 , 7 , 8 , 7 , 1 , 6 , 627 , 432 ,
Seth Beer , 600 , 0.191 , 0.06 , 1 , 6 , 7 , 9 , 13 , 8 , 0 , 6 , 628 , 427 ,
Andrelton Simmons , 600 , 0.251 , 0.085 , 0 , 6 , 12 , 8 , 8 , 7 , 1 , 6 , 629 , 426 ,
Magneuris Sierra , 600 , 0.231 , 0.11 , 0 , 6 , 8 , 7 , 2 , 6 , 3 , 6 , 630 , 425 ,
Aramis Garcia , 600 , 0.218 , 0.061 , 1 , 6 , 10 , 8 , 7 , 6 , 0 , 6 , 631 , 417 ,
Michael Papierski , 600 , 0.154 , 0.055 , 2 , 6 , 13 , 8 , 8 , 7 , 0 , 6 , 632 , 416 ,
Jose Rojas , 600 , 0.213 , 0.103 , 2 , 6 , 10 , 7 , 6 , 6 , 0 , 6 , 633 , 415 ,
Max Schrock , 600 , 0.288 , 0.115 , 1 , 6 , 10 , 8 , 8 , 6 , 0 , 6 , 634 , 410 ,
Carter Kieboom , 600 , 0.206 , 0.082 , 2 , 6 , 13 , 8 , 9 , 7 , 0 , 6 , 635 , 403 ,
Roman Quinn , 600 , 0.22 , 0.165 , 0 , 6 , 5 , 6 , 2 , 6 , 4 , 6 , 636 , 403 ,
Jason Castro , 600 , 0.234 , 0.111 , 3 , 6 , 9 , 7 , 9 , 7 , 0 , 6 , 637 , 400 ,
Joe Panik , 600 , 0.216 , 0.081 , 1 , 6 , 10 , 8 , 7 , 6 , 0 , 6 , 638 , 389 ,
Tim Locastro , 600 , 0.184 , 0.104 , 1 , 6 , 7 , 6 , 3 , 6 , 2 , 6 , 639 , 372 ,
Abraham Almonte , 600 , 0.219 , 0.11 , 2 , 6 , 9 , 7 , 8 , 7 , 0 , 6 , 640 , 362 ,
Dom Nunez , 600 , 0.191 , 0.101 , 3 , 6 , 9 , 7 , 9 , 7 , 0 , 6 , 641 , 356 ,
Yermin Mercedes , 600 , 0.267 , 0.112 , 2 , 6 , 7 , 6 , 10 , 7 , 0 , 6 , 642 , 332 ,
Gerardo Parra , 600 , 0.237 , 0.11 , 1 , 6 , 9 , 7 , 6 , 6 , 0 , 6 , 643 , 330 ,
Andrew Stevenson , 600 , 0.229 , 0.108 , 1 , 6 , 8 , 6 , 8 , 7 , 0 , 6 , 644 , 329 ,
Ronald Torreyes , 600 , 0.244 , 0.109 , 1 , 6 , 7 , 6 , 9 , 7 , 0 , 6 , 645 , 327 ,
Wilmer Difo , 600 , 0.274 , 0.115 , 1 , 6 , 8 , 7 , 7 , 6 , 0 , 6 , 646 , 321 ,
Juan Lagares , 600 , 0.239 , 0.108 , 1 , 6 , 9 , 7 , 9 , 7 , 0 , 6 , 647 , 315 ,
Shin-Soo Choo , 600 , 0.235 , 0.171 , 1 , 6 , 4 , 6 , 4 , 6 , 1 , 6 , 648 , 313 ,
Willians Astudillo , 600 , 0.239 , 0.105 , 2 , 6 , 6 , 6 , 7 , 6 , 0 , 6 , 649 , 307 ,
Taylor Jones , 600 , 0.246 , 0.109 , 1 , 6 , 8 , 6 , 11 , 8 , 0 , 6 , 650 , 303 ,
David Dahl , 600 , 0.205 , 0.103 , 1 , 6 , 6 , 6 , 6 , 6 , 0 , 6 , 651 , 292 ,
Hoy Park , 600 , 0.196 , 0.107 , 1 , 6 , 8 , 6 , 7 , 6 , 0 , 6 , 652 , 282 ,
Ryan Braun , 600 , 0.24 , 0.162 , 2 , 6 , 4 , 6 , 7 , 6 , 0 , 6 , 653 , 255 ,
Khris Davis , 600 , 0.205 , 0.105 , 1 , 6 , 7 , 6 , 6 , 6 , 0 , 6 , 654 , 249 ,
Starlin Castro , 600 , 0.284 , 0.118 , 0 , 6 , 6 , 6 , 8 , 7 , 0 , 6 , 655 , 241 ,
Phillip Evans , 600 , 0.204 , 0.108 , 1 , 6 , 7 , 6 , 5 , 6 , 0 , 6 , 656 , 237 ,
Ka'ai Tom , 600 , 0.152 , 0.102 , 1 , 6 , 6 , 6 , 6 , 6 , 0 , 6 , 657 , 236 ,
Dexter Fowler , 600 , 0.241 , 0.168 , 1 , 6 , 5 , 6 , 6 , 6 , 0 , 6 , 658 , 231 ,
Matt Kemp , 600 , 0.245 , 0.168 , 1 , 6 , 5 , 6 , 6 , 6 , 0 , 6 , 659 , 231 ,
Justin Williams , 600 , 0.168 , 0.099 , 2 , 6 , 6 , 6 , 6 , 6 , 0 , 6 , 660 , 230 ,
Tres Barrera , 600 , 0.251 , 0.117 , 1 , 6 , 6 , 6 , 7 , 6 , 0 , 6 , 661 , 224 ,
Jordy Mercer , 600 , 0.251 , 0.111 , 1 , 6 , 7 , 6 , 5 , 6 , 0 , 6 , 662 , 224 ,
Guillermo Heredia , 600 , 0.216 , 0.11 , 1 , 6 , 9 , 7 , 5 , 6 , 0 , 6 , 663 , 221 ,
Renato Nunez , 600 , 0.259 , 0.168 , 2 , 6 , 5 , 6 , 6 , 6 , 0 , 6 , 664 , 216 ,
Jedd Gyorko , 600 , 0.238 , 0.165 , 2 , 6 , 5 , 6 , 5 , 6 , 0 , 6 , 665 , 212 ,
Tim Lopes , 600 , 0.24 , 0.168 , 0 , 6 , 4 , 6 , 4 , 6 , 1 , 6 , 666 , 204 ,
Isan Diaz , 600 , 0.194 , 0.108 , 1 , 6 , 7 , 6 , 5 , 6 , 0 , 6 , 667 , 202 ,
John Nogowski , 600 , 0.234 , 0.112 , 0 , 6 , 7 , 6 , 7 , 6 , 0 , 6 , 668 , 201 ,
Alex Jackson , 600 , 0.15 , 0.097 , 1 , 6 , 6 , 6 , 6 , 6 , 0 , 6 , 669 , 191 ,
Richie Martin , 600 , 0.235 , 0.11 , 0 , 6 , 6 , 6 , 5 , 6 , 0 , 6 , 670 , 190 ,
Jay Bruce , 600 , 0.199 , 0.155 , 2 , 6 , 4 , 6 , 5 , 6 , 0 , 6 , 671 , 189 ,
Kelvin Gutierrez , 600 , 0.233 , 0.11 , 0 , 6 , 6 , 6 , 5 , 6 , 0 , 6 , 672 , 177 ,
Sandy Leon , 600 , 0.184 , 0.1 , 1 , 6 , 5 , 6 , 5 , 6 , 0 , 6 , 673 , 175 ,
Ender Inciarte , 600 , 0.191 , 0.166 , 0 , 6 , 5 , 6 , 3 , 6 , 1 , 6 , 674 , 174 ,
Cameron Maybin , 600 , 0.245 , 0.173 , 0 , 6 , 3 , 6 , 2 , 6 , 1 , 6 , 675 , 171 ,
Andrew Knapp , 600 , 0.159 , 0.097 , 1 , 6 , 6 , 6 , 5 , 6 , 0 , 6 , 676 , 159 ,
Edwin Encarnacion , 600 , 0.166 , 0.163 , 2 , 6 , 4 , 6 , 4 , 6 , 0 , 6 , 677 , 156 ,
Delino DeShields , 600 , 0.249 , 0.179 , 0 , 6 , 3 , 6 , 2 , 6 , 0 , 6 , 678 , 146 ,
Robel Garcia , 600 , 0.158 , 0.098 , 0 , 6 , 5 , 6 , 5 , 6 , 0 , 6 , 679 , 135 ,
Alex Avila , 600 , 0.193 , 0.112 , 0 , 6 , 4 , 6 , 6 , 6 , 0 , 6 , 680 , 133 ,
Justin Smoak , 600 , 0.181 , 0.159 , 1 , 6 , 4 , 6 , 4 , 6 , 0 , 6 , 681 , 130 ,
Jason Kipnis , 600 , 0.236 , 0.178 , 1 , 6 , 4 , 6 , 4 , 6 , 0 , 6 , 682 , 128 ,
Matt Joyce , 600 , 0.256 , 0.182 , 0 , 6 , 4 , 6 , 4 , 6 , 0 , 6 , 683 , 118 ,
Todd Frazier , 600 , 0.236 , 0.17 , 0 , 6 , 3 , 6 , 2 , 6 , 0 , 6 , 684 , 101 ,
Chance Sisco , 600 , 0.218 , 0.176 , 1 , 6 , 4 , 6 , 3 , 6 , 0 , 6 , 685 , 99 ,
Kevan Smith , 600 , 0.174 , 0.104 , 0 , 6 , 6 , 6 , 2 , 6 , 0 , 6 , 686 , 96 ,
Eric Thames , 600 , 0.202 , 0.167 , 0 , 6 , 3 , 6 , 3 , 6 , 0 , 6 , 687 , 93 ,
Daniel Murphy , 600 , 0.239 , 0.167 , 0 , 6 , 3 , 6 , 5 , 6 , 0 , 6 , 688 , 88 ,
Nick Markakis , 600 , 0.253 , 0.174 , 0 , 6 , 4 , 6 , 4 , 6 , 0 , 6 , 689 , 75 ,
Scott Kingery , 600 , 0.165 , 0.156 , 1 , 6 , 3 , 6 , 2 , 6 , 0 , 6 , 690 , 59 ,
Alex Gordon , 600 , 0.207 , 0.167 , 0 , 6 , 3 , 6 , 2 , 6 , 0 , 6 , 691 , 55 ,
Tony Wolters , 600 , 0.231 , 0.172 , 0 , 6 , 3 , 6 , 3 , 6 , 0 , 6 , 692 , 39 ,
