Name,Value Cluster 2019,Value Cluster 2020,Value Cluster 2021,Value Cluster 2022
Kirby Yates,12.0,0.0,0.0,0.0
Sean Manaea,10.0,7.0,7.0,7.0
Jacob Webb,10.0,0.0,7.0,0.0
Will Harris,10.0,0.0,0.0,0.0
Matt Shoemaker,10.0,10.0,1.0,0.0
Randy Dobnak,8.0,3.0,3.0,0.0
Felipe Vazquez,12.0,0.0,0.0,0.0
Tyler Glasnow,11.0,12.0,11.0,0.0
Liam Hendriks,12.0,0.0,12.0,12.0
Ken Giles,12.0,0.0,0.0,0.0
Brandon Workman,12.0,4.0,4.0,0.0
Adam Ottavino,11.0,0.0,6.0,11.0
Zack Britton,6.0,0.0,0.0,0.0
Keone Kela,11.0,0.0,0.0,0.0
Aaron Bummer,10.0,0.0,9.0,9.0
Casey Sadler,8.0,0.0,10.0,0.0
Aroldis Chapman,12.0,0.0,12.0,5.0
Scott Oberg,10.0,0.0,0.0,0.0
Shane Greene,10.0,8.0,2.0,0.0
Giovanny Gallegos,11.0,0.0,11.0,11.0
Emilio Pagan,11.0,0.0,9.0,9.0
Hyun-Jin Ryu,10.0,10.0,7.0,3.0
Ryan Pressly,11.0,0.0,11.0,11.0
Aaron Civale,10.0,7.0,8.0,7.0
Jacob deGrom,11.0,12.0,12.0,12.0
Rowan Wick,6.0,0.0,0.0,4.0
Rich Hill,11.0,6.0,7.0,7.0
Daniel Hudson,10.0,0.0,12.0,0.0
Hansel Robles,10.0,0.0,6.0,2.0
Rafael Montero,11.0,0.0,4.0,10.0
Julio Urias,10.0,8.0,10.0,10.0
Evan Marshall,6.0,0.0,7.0,0.0
Tyler Duffey,12.0,0.0,6.0,7.0
Gerrit Cole,12.0,11.0,11.0,11.0
Justin Wilson,9.0,0.0,2.0,0.0
Justin Verlander,11.0,0.0,0.0,10.0
Taylor Rogers,11.0,0.0,9.0,9.0
Josh Hader,12.0,0.0,12.0,12.0
Frankie Montas,10.0,9.0,9.0,7.0
Roberto Osuna,10.0,0.0,0.0,0.0
Connor Sadzeck,6.0,0.0,0.0,0.0
Zack Littell,8.0,0.0,10.0,7.0
Mike Soroka,8.0,0.0,0.0,0.0
Brandon Kintzler,10.0,8.0,3.0,0.0
Seth Lugo,11.0,9.0,9.0,10.0
Yusmeiro Petit,10.0,0.0,8.0,0.0
Mike Clevinger,11.0,10.0,0.0,8.0
Alec Mills,9.0,8.0,3.0,0.0
Jack Flaherty,11.0,9.0,10.0,6.0
Will Smith,12.0,0.0,11.0,9.0
Alex Colome,10.0,0.0,7.0,3.0
Nick Wittgren,10.0,0.0,7.0,3.0
Zac Gallen,11.0,11.0,9.0,10.0
Reyes Moronta,11.0,0.0,0.0,6.0
Sonny Gray,11.0,9.0,9.0,10.0
Jimmy Cordero,10.0,4.0,0.0,0.0
Tyler Clippard,10.0,0.0,8.0,0.0
Michael Lorenzen,10.0,6.0,2.0,6.0
Max Scherzer,11.0,9.0,11.0,11.0
Tony Gonsolin,10.0,10.0,6.0,10.0
Hector Neris,11.0,5.0,11.0,9.0
Zack Greinke,10.0,7.0,8.0,3.0
Trevor May,11.0,0.0,9.0,9.0
Luke Weaver,10.0,4.0,7.0,4.0
Ryan Helsley,8.0,0.0,6.0,12.0
Steve Cishek,6.0,0.0,6.0,9.0
Hunter Wood,8.0,0.0,0.0,0.0
Ryan Buchter,6.0,0.0,0.0,0.0
Jarlin Garcia,8.0,0.0,10.0,8.0
Clayton Kershaw,10.0,10.0,9.0,10.0
Michel Baez,6.0,0.0,0.0,0.0
Josh Taylor,9.0,0.0,9.0,0.0
Charlie Morton,9.0,7.0,11.0,9.0
Pedro Baez,10.0,0.0,0.0,0.0
David Hale,8.0,0.0,3.0,0.0
Jordan Hicks,11.0,0.0,0.0,6.0
Ranger Suarez,7.0,0.0,10.0,8.0
Sean Newcomb,6.0,0.0,5.0,1.0
Carlos Martinez,9.0,1.0,3.0,0.0
Oliver Drake,11.0,0.0,0.0,0.0
Amir Garrett,12.0,0.0,5.0,6.0
Marcus Stroman,8.0,0.0,8.0,8.0
Cam Bedrosian,10.0,0.0,2.0,0.0
Cody Stashak,7.0,0.0,0.0,0.0
Patrick Corbin,9.0,4.0,2.0,4.0
Walker Buehler,9.0,11.0,10.0,7.0
Adam Kolarek,8.0,0.0,0.0,0.0
Shane Bieber,9.0,12.0,9.0,10.0
Craig Stammen,7.0,3.0,10.0,7.0
Brad Hand,12.0,0.0,6.0,6.0
Austin Voth,10.0,2.0,2.0,7.0
Stephen Strasburg,11.0,0.0,0.0,0.0
Sam Dyson,10.0,0.0,0.0,0.0
Nick Anderson,12.0,0.0,0.0,0.0
Chris Paddack,10.0,7.0,7.0,0.0
Dakota Hudson,8.0,10.0,0.0,3.0
Jose Alvarez,7.0,0.0,8.0,0.0
Chris Martin,9.0,0.0,3.0,9.0
Luis Castillo,11.0,9.0,7.0,10.0
David Phelps,6.0,0.0,0.0,6.0
Diego Castillo,9.0,0.0,11.0,10.0
Ian Kennedy,9.0,0.0,10.0,2.0
Yoan Lopez,8.0,0.0,0.0,0.0
Lucas Giolito,11.0,11.0,9.0,7.0
Austin Brice,10.0,0.0,0.0,0.0
Sergio Romo,10.0,0.0,7.0,0.0
Kyle Hendricks,8.0,8.0,3.0,8.0
Francisco Liriano,6.0,0.0,0.0,0.0
Ross Stripling,7.0,2.0,7.0,8.0
Gio Gonzalez,6.0,4.0,0.0,0.0
Jake Odorizzi,9.0,0.0,7.0,8.0
Archie Bradley,9.0,0.0,8.0,0.0
Jeff Samardzija,8.0,0.0,0.0,0.0
Nick Goody,11.0,0.0,0.0,0.0
Kyle Ryan,6.0,0.0,0.0,0.0
Junior Guerra,6.0,6.0,2.0,0.0
Zach Davies,8.0,10.0,2.0,8.0
Stefan Crichton,10.0,10.0,1.0,0.0
Anthony Bass,10.0,0.0,6.0,10.0
Alex Young,8.0,7.0,2.0,8.0
Sam Coonrod,6.0,0.0,9.0,0.0
J.B. Wendelken,10.0,11.0,7.0,2.0
Mike Minor,7.0,9.0,7.0,3.0
John Brebbia,9.0,0.0,0.0,8.0
John Means,8.0,10.0,10.0,0.0
Mark Melancon,7.0,0.0,10.0,3.0
Yimi Garcia,10.0,0.0,7.0,10.0
Brandon Woodruff,9.0,11.0,11.0,11.0
Tim Hill,10.0,0.0,10.0,8.0
Dustin May,7.0,8.0,0.0,6.0
Tyler Kinley,6.0,0.0,7.0,0.0
Matt Bowman,8.0,0.0,0.0,0.0
John Gant,6.0,0.0,6.0,0.0
Tommy Kahnle,12.0,0.0,0.0,0.0
Lance Lynn,9.0,10.0,10.0,7.0
Jose Berrios,7.0,9.0,10.0,7.0
Daniel Ponce de Leon,6.0,12.0,2.0,0.0
Hector Rondon,8.0,0.0,0.0,0.0
Kenley Jansen,9.0,11.0,11.0,11.0
Adrian Houser,7.0,3.0,8.0,3.0
Richard Rodriguez,7.0,0.0,8.0,0.0
Buck Farmer,9.0,0.0,2.0,6.0
Josh Tomlin,8.0,7.0,3.0,0.0
Carlos Estevez,9.0,4.0,7.0,10.0
Dallas Keuchel,8.0,8.0,3.0,1.0
Tyler Chatwood,6.0,0.0,5.0,0.0
Robert Stephenson,11.0,0.0,9.0,7.0
Andrew Chafin,9.0,0.0,10.0,9.0
Tyler Webb,10.0,0.0,0.0,0.0
Jake Newberry,6.0,0.0,0.0,0.0
Wei-Chung Wang,8.0,0.0,0.0,0.0
Matt Barnes,12.0,5.0,12.0,6.0
Eduardo Rodriguez,7.0,0.0,9.0,8.0
Marcus Walden,6.0,0.0,0.0,0.0
A.J. Cole,7.0,0.0,0.0,0.0
Ryne Harper,7.0,4.0,6.0,0.0
Cole Hamels,7.0,0.0,0.0,0.0
Chris Bassitt,10.0,10.0,10.0,10.0
Zach Plesac,8.0,10.0,8.0,8.0
Julio Teheran,6.0,1.0,0.0,0.0
James Paxton,9.0,0.0,0.0,0.0
Luke Jackson,9.0,1.0,11.0,0.0
Jon Gray,7.0,3.0,7.0,10.0
Yonny Chirinos,10.0,0.0,0.0,0.0
Anibal Sanchez,8.0,3.0,0.0,8.0
Travis Lakins Sr.,8.0,6.0,2.0,0.0
Heath Hembree,9.0,0.0,12.0,2.0
Devin Smeltzer,8.0,0.0,0.0,8.0
Justin Shafer,6.0,0.0,0.0,0.0
Aaron Nola,9.0,11.0,9.0,10.0
Sandy Alcantara,8.0,10.0,10.0,10.0
Brett Anderson,8.0,8.0,3.0,0.0
Anthony DeSclafani,7.0,1.0,10.0,0.0
Jerry Blevins,9.0,0.0,0.0,0.0
Mike Fiers,8.0,3.0,0.0,0.0
Madison Bumgarner,7.0,3.0,8.0,3.0
Juan Minaya,7.0,0.0,11.0,0.0
Tanner Rainey,12.0,0.0,5.0,9.0
Austin Adams,12.0,0.0,12.0,0.0
Adam Morgan,10.0,0.0,6.0,0.0
Jose Urquidy,7.0,8.0,10.0,8.0
Roenis Elias,7.0,0.0,0.0,0.0
Zack Wheeler,7.0,8.0,10.0,10.0
Ryne Stanek,9.0,0.0,11.0,11.0
Yu Darvish,11.0,11.0,9.0,10.0
Wade Miley,8.0,0.0,8.0,8.0
Ty Buttrey,9.0,3.0,0.0,0.0
Oliver Perez,9.0,0.0,0.0,0.0
Marco Gonzales,8.0,10.0,8.0,8.0
Noe Ramirez,9.0,0.0,10.0,6.0
Michael Feliz,11.0,0.0,0.0,0.0
Luis Perdomo,8.0,0.0,0.0,0.0
Michael Pineda,7.0,7.0,8.0,3.0
Seranthony Dominguez,9.0,0.0,0.0,11.0
Max Fried,7.0,10.0,10.0,10.0
Domingo German,10.0,0.0,7.0,8.0
Jared Hughes,8.0,2.0,0.0,0.0
Kenta Maeda,10.0,11.0,7.0,0.0
Sean Doolittle,7.0,0.0,7.0,0.0
Trevor Richards,7.0,4.0,11.0,5.0
Chaz Roe,5.0,0.0,0.0,0.0
Alex Claudio,8.0,0.0,2.0,0.0
Cory Gearrin,7.0,0.0,0.0,0.0
Nick Ramirez,7.0,0.0,0.0,0.0
Dinelson Lamet,12.0,11.0,9.0,5.0
Matt Magill,9.0,0.0,0.0,0.0
Jameson Taillon,8.0,0.0,7.0,8.0
Luis Cessa,7.0,0.0,8.0,8.0
Colten Brewer,6.0,4.0,0.0,0.0
Brad Peacock,9.0,0.0,0.0,0.0
Ryan Yarbrough,8.0,8.0,3.0,3.0
Zach Eflin,8.0,9.0,7.0,7.0
Jordan Lyles,7.0,3.0,7.0,8.0
Miles Mikolas,8.0,0.0,8.0,8.0
Raisel Iglesias,9.0,0.0,12.0,11.0
Tony Watson,8.0,0.0,8.0,0.0
Andrew Kittredge,9.0,0.0,10.0,0.0
Chad Green,9.0,0.0,11.0,0.0
Joey Lucchesi,7.0,0.0,7.0,0.0
Brad Keller,8.0,8.0,4.0,3.0
Adam Wainwright,7.0,8.0,10.0,8.0
Chase Anderson,7.0,4.0,2.0,2.0
Steven Matz,7.0,1.0,7.0,7.0
Scott Barlow,9.0,9.0,9.0,10.0
Dylan Floro,7.0,0.0,10.0,7.0
Sean Reid-Foley,6.0,0.0,0.0,0.0
David Price,9.0,0.0,8.0,10.0
Noah Syndergaard,7.0,0.0,0.0,8.0
Blake Snell,9.0,11.0,9.0,9.0
Tyler Skaggs,7.0,0.0,0.0,0.0
Mike Leake,3.0,0.0,0.0,0.0
Joakim Soria,9.0,0.0,7.0,0.0
Jalen Beeks,7.0,0.0,0.0,11.0
Jose Leclerc,12.0,0.0,0.0,11.0
Jose Cisnero,9.0,9.0,6.0,6.0
Robbie Ray,9.0,5.0,11.0,9.0
Danny Duffy,7.0,7.0,10.0,0.0
Daniel Stumpf,4.0,0.0,0.0,0.0
Tanner Roark,7.0,2.0,0.0,0.0
Luis Garcia,6.0,0.0,10.0,9.0
Luis Garcia,6.0,0.0,10.0,10.0
Luis Garcia,6.0,0.0,10.0,9.0
Luis Garcia,6.0,0.0,10.0,10.0
Jake McGee,7.0,0.0,10.0,3.0
Joe Jimenez,9.0,2.0,5.0,9.0
Jacob Waguespack,8.0,0.0,0.0,0.0
Chris Sale,12.0,0.0,9.0,0.0
Tyler Olson,4.0,0.0,0.0,0.0
Austin Pruitt,8.0,0.0,0.0,8.0
Jon Duplantier,4.0,0.0,0.0,0.0
Merrill Kelly,7.0,10.0,7.0,10.0
Nick Vincent,7.0,0.0,0.0,0.0
Joe Musgrove,7.0,12.0,10.0,10.0
Trevor Gott,9.0,0.0,0.0,10.0
Andrew Miller,9.0,0.0,4.0,0.0
Adam Cimber,8.0,0.0,8.0,8.0
Eric Lauer,7.0,0.0,10.0,10.0
Masahiro Tanaka,8.0,7.0,0.0,0.0
Jay Jackson,12.0,0.0,0.0,0.0
Darwinzon Hernandez,12.0,0.0,5.0,0.0
Jon Lester,7.0,3.0,3.0,0.0
Jeff Brigham,7.0,0.0,0.0,9.0
Jordan Yamamoto,6.0,0.0,0.0,0.0
Blaine Hardy,8.0,0.0,0.0,0.0
Kevin McCarthy,3.0,0.0,0.0,0.0
Trevor Bauer,9.0,11.0,11.0,0.0
Wilmer Font,9.0,0.0,0.0,0.0
Daniel Norris,7.0,7.0,2.0,6.0
Erick Fedde,3.0,8.0,7.0,3.0
Jason Vargas,8.0,0.0,0.0,0.0
Caleb Smith,9.0,0.0,6.0,6.0
Jairo Diaz,7.0,1.0,0.0,0.0
Mike Foltynewicz,7.0,0.0,8.0,0.0
Greg Holland,6.0,10.0,6.0,0.0
Wander Suero,9.0,9.0,2.0,0.0
Jonathan Loaisiga,9.0,0.0,10.0,8.0
Blake Parker,9.0,0.0,8.0,0.0
Anthony Swarzak,6.0,0.0,0.0,0.0
Joe Kelly,9.0,0.0,11.0,5.0
Brandon Brennan,6.0,0.0,0.0,0.0
Matthew Boyd,9.0,2.0,7.0,0.0
Mychal Givens,11.0,0.0,6.0,9.0
Homer Bailey,7.0,0.0,0.0,0.0
Felix Pena,9.0,7.0,0.0,0.0
Griffin Canning,9.0,7.0,2.0,0.0
Joe Biagini,7.0,0.0,0.0,0.0
Lucas Sims,11.0,11.0,12.0,0.0
Sam Gaviglio,7.0,0.0,0.0,0.0
Spencer Turnbull,7.0,6.0,10.0,0.0
Mike Morin,8.0,0.0,0.0,0.0
Jefry Rodriguez,3.0,0.0,2.0,0.0
Jake Arrieta,3.0,3.0,1.0,0.0
Jake Diekman,5.0,0.0,12.0,5.0
Javy Guerra,7.0,0.0,0.0,0.0
Josh Osich,7.0,0.0,0.0,0.0
Miguel Castro,6.0,5.0,6.0,6.0
Robert Gsellman,7.0,0.0,8.0,0.0
Andrew Cashner,8.0,0.0,0.0,0.0
Jose Quintana,7.0,0.0,5.0,8.0
Josh James,12.0,0.0,0.0,0.0
Collin McHugh,9.0,0.0,10.0,10.0
Colin Poche,12.0,0.0,0.0,9.0
Matt Strahm,7.0,0.0,0.0,9.0
Matt Andriese,9.0,10.0,4.0,0.0
Ivan Nova,3.0,0.0,0.0,0.0
Jace Fry,5.0,0.0,0.0,0.0
Jesus Tinoco,2.0,0.0,0.0,0.0
Juan Nicasio,4.0,0.0,0.0,0.0
Yoshihisa Hirano,9.0,0.0,0.0,0.0
Tommy Milone,8.0,4.0,0.0,0.0
German Marquez,7.0,7.0,7.0,7.0
Michael Wacha,2.0,4.0,7.0,8.0
Brett Martin,4.0,0.0,8.0,8.0
Luke Bard,8.0,0.0,0.0,0.0
Tanner Scott,5.0,0.0,5.0,5.0
Dylan Bundy,7.0,10.0,2.0,3.0
Jose Alvarado,5.0,0.0,5.0,12.0
T.J. McFarland,3.0,0.0,8.0,3.0
Chris Devenski,7.0,0.0,0.0,0.0
Daniel Mengden,3.0,0.0,0.0,0.0
Caleb Ferguson,5.0,0.0,0.0,11.0
Kyle Gibson,7.0,2.0,8.0,7.0
Trent Thornton,7.0,0.0,7.0,8.0
Jesse Chavez,7.0,0.0,10.0,7.0
Drew Pomeranz,9.0,0.0,11.0,0.0
Ryan Brasier,9.0,9.0,0.0,7.0
Victor Alcantara,3.0,0.0,0.0,0.0
Dan Otero,3.0,0.0,0.0,0.0
Adam Plutko,8.0,3.0,2.0,0.0
Tim Melville,8.0,0.0,0.0,0.0
Tyler Alexander,3.0,7.0,8.0,3.0
Derek Law,5.0,0.0,0.0,0.0
Andrew Heaney,9.0,7.0,9.0,12.0
Vince Velasquez,9.0,5.0,2.0,7.0
Dario Agrazal,3.0,0.0,0.0,0.0
J.A. Happ,7.0,10.0,3.0,0.0
Blake Treinen,6.0,7.0,11.0,0.0
Tim Mayza,6.0,0.0,10.0,10.0
Asher Wojciechowski,7.0,2.0,0.0,0.0
Shawn Kelley,7.0,0.0,0.0,0.0
Mike Montgomery,3.0,0.0,0.0,0.0
CC Sabathia,7.0,0.0,0.0,0.0
Kyle Crick,5.0,0.0,6.0,0.0
Kolby Allard,3.0,2.0,7.0,0.0
Pedro Strop,9.0,0.0,0.0,0.0
Zach Duke,2.0,0.0,0.0,0.0
Jeremy Jeffress,7.0,0.0,0.0,0.0
Elieser Hernandez,7.0,11.0,7.0,2.0
Patrick Sandoval,6.0,2.0,9.0,7.0
DJ Johnson,6.0,0.0,0.0,0.0
Luis Avilan,2.0,0.0,0.0,0.0
Tyler Beede,7.0,0.0,0.0,3.0
Ryan Weber,3.0,8.0,0.0,0.0
Pablo Lopez,7.0,7.0,9.0,7.0
Martin Perez,3.0,8.0,3.0,8.0
Matt Albers,2.0,0.0,0.0,0.0
Tyler Mahle,7.0,11.0,9.0,7.0
Brendan McKay,9.0,0.0,0.0,0.0
Cal Quantrill,7.0,10.0,8.0,8.0
Steven Brault,2.0,6.0,3.0,0.0
Chris Archer,9.0,0.0,0.0,6.0
Carlos Rodon,5.0,0.0,11.0,11.0
Jose Urena,3.0,2.0,3.0,3.0
Brian Flynn,4.0,0.0,0.0,0.0
Logan Webb,4.0,4.0,10.0,8.0
Jakob Junis,7.0,3.0,7.0,7.0
Lou Trivino,2.0,0.0,6.0,4.0
Chi Chi Gonzalez,2.0,0.0,3.0,0.0
Carlos Carrasco,9.0,11.0,2.0,7.0
Freddy Peralta,9.0,12.0,11.0,10.0
Taylor Clarke,2.0,6.0,4.0,7.0
Adam Warren,2.0,0.0,0.0,0.0
Paul Fry,2.0,0.0,5.0,0.0
Elvis Luciano,2.0,0.0,0.0,0.0
Richard Bleier,3.0,0.0,8.0,3.0
Robbie Erlin,4.0,1.0,0.0,0.0
Dillon Peters,3.0,0.0,7.0,8.0
Bryan Shaw,2.0,0.0,6.0,2.0
Trevor Williams,3.0,2.0,7.0,7.0
Reynaldo Lopez,7.0,2.0,10.0,10.0
Nick Pivetta,2.0,0.0,9.0,7.0
Brad Boxberger,2.0,0.0,11.0,10.0
Neil Ramirez,2.0,0.0,0.0,0.0
Hector Velazquez,2.0,0.0,0.0,0.0
Shaun Anderson,3.0,0.0,1.0,0.0
Wes Parsons,2.0,0.0,0.0,0.0
Yusei Kikuchi,3.0,7.0,7.0,5.0
Brad Brach,4.0,0.0,5.0,0.0
David McKay,5.0,0.0,0.0,0.0
Joe Ross,4.0,0.0,7.0,0.0
Burch Smith,4.0,0.0,3.0,0.0
Justus Sheffield,4.0,7.0,1.0,0.0
Rick Porcello,3.0,4.0,0.0,0.0
Dominic Leone,5.0,0.0,10.0,4.0
Hunter Strickland,8.0,0.0,10.0,2.0
Justin Anderson,5.0,0.0,0.0,0.0
Yency Almonte,2.0,8.0,2.0,10.0
Chris Stratton,4.0,9.0,9.0,4.0
Clay Holmes,5.0,0.0,9.0,10.0
Edwin Diaz,12.0,12.0,12.0,12.0
Matt Wisler,9.0,11.0,9.0,10.0
Gabriel Ynoa,3.0,0.0,0.0,0.0
Kyle Barraclough,5.0,0.0,0.0,0.0
Touki Toussaint,5.0,5.0,6.0,6.0
Jose Ruiz,4.0,0.0,10.0,6.0
Dereck Rodriguez,3.0,0.0,0.0,0.0
Matthew Festa,2.0,0.0,0.0,9.0
Aaron Brooks,3.0,0.0,0.0,0.0
Trey Wingenter,5.0,0.0,0.0,0.0
Fernando Rodney,2.0,0.0,0.0,0.0
Nestor Cortes,2.0,0.0,10.0,10.0
Wandy Peralta,2.0,10.0,8.0,10.0
Jeurys Familia,5.0,6.0,9.0,4.0
Jerad Eickhoff,2.0,0.0,1.0,0.0
Wade LeBlanc,3.0,3.0,3.0,0.0
Brad Wieck,12.0,0.0,0.0,0.0
Kevin Gausman,4.0,9.0,11.0,9.0
Pedro Payano,2.0,0.0,0.0,0.0
Erik Swanson,7.0,0.0,10.0,11.0
Shawn Armstrong,4.0,0.0,5.0,7.0
Jose Quijada,5.0,0.0,12.0,11.0
Robert Dugger,2.0,0.0,1.0,0.0
Edgar Garcia,5.0,0.0,0.0,0.0
Gregory Soto,4.0,0.0,6.0,6.0
Andrew Suarez,3.0,0.0,0.0,0.0
Dylan Cease,2.0,6.0,9.0,11.0
Wily Peralta,3.0,0.0,8.0,6.0
Corey Kluber,4.0,0.0,7.0,7.0
Alex Wood,7.0,0.0,9.0,7.0
Josh A. Smith,7.0,3.0,0.0,0.0
Taylor Guerrieri,5.0,0.0,0.0,0.0
Ariel Jurado,3.0,0.0,0.0,0.0
Cole Irvin,3.0,0.0,3.0,8.0
Framber Valdez,2.0,7.0,6.0,10.0
Adrian Sampson,3.0,0.0,10.0,8.0
Aaron Sanchez,2.0,0.0,8.0,3.0
Drew VerHagen,4.0,0.0,0.0,2.0
Taylor Cole,4.0,0.0,0.0,0.0
Branden Kline,2.0,0.0,0.0,0.0
Clayton Richard,3.0,0.0,0.0,0.0
Zack Godley,2.0,1.0,0.0,0.0
Trevor Cahill,2.0,11.0,4.0,0.0
Nathan Eovaldi,2.0,7.0,7.0,7.0
Jhoulys Chacin,2.0,0.0,8.0,1.0
Glenn Sparkman,3.0,0.0,0.0,0.0
Brian Johnson,4.0,0.0,0.0,0.0
Tanner Anderson,4.0,0.0,0.0,0.0
Chad Bettis,3.0,0.0,0.0,0.0
Derek Holland,2.0,2.0,4.0,0.0
Tyson Ross,3.0,0.0,0.0,0.0
Kelvin Herrera,4.0,0.0,0.0,0.0
Phil Maton,2.0,0.0,9.0,9.0
Thomas Pannone,2.0,0.0,0.0,0.0
Lewis Thorpe,4.0,0.0,0.0,0.0
Logan Allen,3.0,0.0,3.0,0.0
Chad Sobotka,5.0,0.0,0.0,0.0
Jeremy Hellickson,2.0,0.0,0.0,0.0
Drew Smyly,2.0,12.0,7.0,8.0
Carson Fulmer,2.0,0.0,2.0,0.0
Tayron Guerrero,2.0,0.0,0.0,0.0
Cody Allen,5.0,0.0,0.0,0.0
Jonathan Holder,7.0,3.0,0.0,0.0
Jorge Lopez,2.0,3.0,4.0,10.0
Matt Grace,3.0,0.0,0.0,0.0
Kohl Stewart,3.0,0.0,0.0,0.0
Jeffrey Springs,4.0,0.0,12.0,10.0
Felix Hernandez,3.0,0.0,0.0,0.0
Jaime Barria,2.0,8.0,3.0,8.0
Evan Phillips,5.0,0.0,0.0,11.0
Thomas Eshelman,3.0,8.0,3.0,0.0
Adam Conley,4.0,0.0,0.0,0.0
Jeff Hoffman,2.0,1.0,6.0,6.0
Clay Buchholz,3.0,0.0,0.0,0.0
Wei-Yin Chen,4.0,0.0,0.0,0.0
Ross Detwiler,3.0,0.0,9.0,7.0
Adalberto Mejia,2.0,0.0,0.0,0.0
Hector Santiago,5.0,0.0,9.0,0.0
Antonio Senzatela,3.0,8.0,3.0,3.0
Kyle Freeland,3.0,3.0,7.0,3.0
Nick Margevicius,3.0,7.0,0.0,0.0
Jimmy Yacabonis,2.0,0.0,0.0,0.0
Jake Jewell,2.0,0.0,0.0,0.0
Marco Estrada,3.0,0.0,0.0,0.0
Jordan Zimmermann,3.0,0.0,0.0,0.0
Manny Banuelos,2.0,0.0,0.0,6.0
Stephen Tarpley,5.0,0.0,0.0,0.0
Jimmy Nelson,5.0,0.0,12.0,0.0
Tyler Bashlor,2.0,0.0,0.0,0.0
A.J. Minter,5.0,0.0,9.0,11.0
David Hess,2.0,0.0,1.0,0.0
Matt Harvey,2.0,0.0,3.0,0.0
Jose Suarez,2.0,0.0,8.0,7.0
Mitch Keller,4.0,0.0,4.0,7.0
Peter Lambert,3.0,0.0,0.0,0.0
Kyle Dowdy,1.0,0.0,0.0,0.0
Nick Kingham,1.0,0.0,0.0,0.0
Yefry Ramirez,4.0,0.0,0.0,0.0
Brock Burke,3.0,0.0,0.0,10.0
Jacob Barnes,2.0,0.0,2.0,0.0
Gerardo Reyes,5.0,0.0,0.0,0.0
Matt Hall,5.0,0.0,0.0,0.0
Parker Markel,5.0,0.0,0.0,0.0
Dylan Covey,1.0,0.0,0.0,0.0
Mike Wright Jr.,1.0,0.0,0.0,0.0
David Hernandez,4.0,0.0,0.0,0.0
Heath Fillmyer,1.0,0.0,0.0,0.0
Walker Lockett,1.0,0.0,0.0,0.0
Jesse Biddle,1.0,0.0,0.0,0.0
Drew Gagnon,1.0,0.0,0.0,0.0
Hector Noesi,2.0,0.0,0.0,0.0
Chance Adams,1.0,0.0,0.0,0.0
Shelby Miller,1.0,0.0,0.0,0.0
Wade Davis,1.0,0.0,2.0,0.0
Zac Reininger,1.0,0.0,0.0,0.0
Alex McRae,1.0,0.0,0.0,0.0
Corbin Burnes,5.0,12.0,11.0,11.0
Eric Skoglund,1.0,0.0,0.0,0.0
Geoff Hartlieb,1.0,6.0,0.0,0.0
Ryan Carpenter,1.0,0.0,0.0,0.0
Edwin Jackson,1.0,0.0,0.0,0.0
Michael Shawaryn,5.0,0.0,0.0,0.0
Brock Stewart,1.0,0.0,0.0,0.0
Dan Straily,1.0,0.0,0.0,0.0
Kyle Zimmer,1.0,0.0,6.0,0.0
Tyler Anderson,1.0,8.0,8.0,8.0
Ty Blach,1.0,0.0,0.0,3.0
Kwang-hyun Kim,0.0,8.0,8.0,0.0
Austin Gomber,0.0,6.0,7.0,3.0
Andre Scrubb,0.0,6.0,0.0,0.0
Ian Anderson,0.0,11.0,6.0,2.0
Mike Mayers,0.0,12.0,9.0,2.0
Matt Foster,0.0,11.0,7.0,7.0
Grant Dayton,0.0,11.0,0.0,0.0
Josh Staumont,0.0,12.0,11.0,5.0
James Karinchak,0.0,12.0,12.0,12.0
Taijuan Walker,0.0,10.0,7.0,8.0
Pete Fairbanks,0.0,12.0,9.0,0.0
Thomas Hatch,0.0,6.0,0.0,0.0
Josh Fleming,0.0,8.0,3.0,4.0
Tyler Matzek,0.0,12.0,11.0,6.0
Tejay Antone,0.0,11.0,11.0,0.0
Jonathan Hernandez,0.0,10.0,0.0,6.0
Kyle Finnegan,0.0,6.0,6.0,10.0
Daniel Castano,0.0,8.0,0.0,3.0
Brent Suter,0.0,9.0,7.0,8.0
Triston McKenzie,0.0,11.0,6.0,10.0
Phillips Valdez,0.0,6.0,2.0,0.0
David Peterson,0.0,6.0,2.0,9.0
Aaron Slegers,0.0,8.0,1.0,0.0
Sixto Sanchez,0.0,8.0,0.0,0.0
Cristian Javier,0.0,10.0,11.0,11.0
Daniel Bard,0.0,9.0,5.0,11.0
Lance McCullers Jr.,0.0,10.0,11.0,6.0
Chasen Shreve,0.0,11.0,6.0,2.0
Dane Dunning,0.0,10.0,7.0,7.0
Tommy Hunter,0.0,7.0,0.0,0.0
Garrett Richards,0.0,7.0,4.0,7.0
Brady Singer,0.0,10.0,4.0,10.0
Jesus Luzardo,0.0,7.0,2.0,11.0
Chad Kuhl,0.0,6.0,6.0,2.0
Alex Cobb,0.0,8.0,7.0,7.0
Kris Bubic,0.0,7.0,6.0,4.0
Justin Dunn,0.0,6.0,6.0,2.0
Ryan Thompson,0.0,7.0,10.0,7.0
Tyler Rogers,0.0,7.0,8.0,8.0
Keegan Akin,0.0,9.0,2.0,10.0
Chris Mazza,0.0,4.0,8.0,0.0
JT Brubaker,0.0,7.0,7.0,7.0
Deivi Garcia,0.0,7.0,0.0,0.0
Jordan Montgomery,0.0,7.0,7.0,8.0
Josh Lindblom,0.0,9.0,0.0,0.0
Kyle Wright,0.0,2.0,0.0,10.0
Johnny Cueto,0.0,2.0,7.0,8.0
Johan Oviedo,0.0,3.0,2.0,6.0
Tarik Skubal,0.0,9.0,9.0,7.0
Ryan Castellani,0.0,2.0,0.0,0.0
Spencer Howard,0.0,4.0,2.0,1.0
Trevor Rogers,0.0,5.0,9.0,4.0
Brandon Bielak,0.0,2.0,7.0,0.0
Casey Mize,0.0,2.0,8.0,0.0
Michael King,0.0,2.0,7.0,11.0
Shun Yamaguchi,0.0,2.0,0.0,0.0
Michael Fulmer,0.0,1.0,7.0,7.0
Aaron Loup,0.0,0.0,10.0,7.0
Emmanuel Clase,0.0,0.0,10.0,10.0
Joe Barlow,0.0,0.0,10.0,8.0
Kendall Graveman,0.0,0.0,11.0,7.0
Garrett Whitlock,0.0,0.0,10.0,10.0
Drew Steckenrider,0.0,0.0,10.0,0.0
Jordan Romano,0.0,0.0,11.0,11.0
Chris Ellis,0.0,0.0,6.0,0.0
David Bednar,0.0,0.0,11.0,11.0
Alex Vesia,0.0,0.0,11.0,12.0
Craig Kimbrel,0.0,0.0,12.0,9.0
Louis Head,0.0,0.0,10.0,4.0
Drew Smith,0.0,0.0,10.0,11.0
Corey Knebel,0.0,0.0,11.0,6.0
Ryan Burr,0.0,0.0,6.0,0.0
Kodi Whitley,0.0,0.0,11.0,0.0
Devin Williams,0.0,0.0,12.0,12.0
JT Chargois,0.0,0.0,10.0,0.0
Dillon Maples,0.0,0.0,11.0,0.0
Domingo Tapia,0.0,0.0,8.0,0.0
Jake Cousins,0.0,0.0,12.0,0.0
Cole Sulser,0.0,0.0,11.0,4.0
J.P. Feyereisen,0.0,0.0,6.0,0.0
Lucas Luetge,0.0,0.0,10.0,7.0
Steven Okert,0.0,0.0,11.0,11.0
Anthony Bender,0.0,0.0,11.0,0.0
Ryan Tepera,0.0,0.0,11.0,10.0
Phil Bickford,0.0,0.0,11.0,9.0
Garrett Crochet,0.0,0.0,9.0,0.0
Drew Rasmussen,0.0,0.0,10.0,10.0
Tony Santillan,0.0,0.0,11.0,0.0
Nick Sandlin,0.0,0.0,12.0,6.0
Camilo Doval,0.0,0.0,11.0,9.0
Hirokazu Sawamura,0.0,0.0,6.0,6.0
Paul Sewald,0.0,0.0,12.0,11.0
Luis Gil,0.0,0.0,11.0,0.0
Tyler Gilbert,0.0,0.0,8.0,8.0
Blake Taylor,0.0,0.0,6.0,0.0
Shohei Ohtani,0.0,0.0,11.0,11.0
Pierce Johnson,0.0,0.0,11.0,0.0
Alek Manoah,0.0,0.0,11.0,10.0
Caleb Thielbar,0.0,0.0,9.0,9.0
Alex Reyes,0.0,0.0,11.0,0.0
Zach Thompson,0.0,0.0,8.0,3.0
Josh Rogers,0.0,0.0,8.0,8.0
Jordan Sheffield,0.0,0.0,8.0,0.0
Lucas Gilbreath,0.0,0.0,6.0,6.0
Keegan Thompson,0.0,0.0,6.0,7.0
Joel Payamps,0.0,0.0,8.0,8.0
Joe Mantiply,0.0,0.0,4.0,7.0
Kyle Funkhouser,0.0,0.0,6.0,0.0
Shane McClanahan,0.0,0.0,9.0,11.0
Connor Brogdon,0.0,0.0,10.0,9.0
John Curtiss,0.0,0.0,7.0,0.0
Michael Kopech,0.0,0.0,12.0,6.0
Tanner Houck,0.0,0.0,9.0,10.0
Jharel Cotton,0.0,0.0,6.0,6.0
John King,0.0,0.0,8.0,3.0
Andres Machado,0.0,0.0,6.0,8.0
Ralph Garza,0.0,0.0,6.0,3.0
Victor Gonzalez,0.0,0.0,6.0,0.0
Edgar Santana,0.0,0.0,8.0,0.0
Chris Flexen,0.0,0.0,8.0,8.0
Chris Rodriguez,0.0,0.0,6.0,0.0
Miguel Diaz,0.0,0.0,11.0,0.0
Jake Brentz,0.0,0.0,11.0,0.0
Mitch White,0.0,0.0,10.0,3.0
Danny Coulombe,0.0,0.0,7.0,0.0
Carlos Hernandez,0.0,0.0,6.0,1.0
Genesis Cabrera,0.0,0.0,6.0,8.0
Nabil Crismatt,0.0,0.0,7.0,10.0
Spencer Patton,0.0,0.0,9.0,0.0
Yohan Ramirez,0.0,0.0,11.0,6.0
Jorge Alcala,0.0,0.0,10.0,0.0
Josh Sborz,0.0,0.0,9.0,0.0
Jake Woodford,0.0,0.0,8.0,8.0
Jordan Holloway,0.0,0.0,6.0,0.0
Mason Thompson,0.0,0.0,4.0,8.0
Alex Lange,0.0,0.0,9.0,11.0
Huascar Ynoa,0.0,0.0,9.0,0.0
James Kaprielian,0.0,0.0,7.0,8.0
Tyler Wells,0.0,0.0,11.0,8.0
Deolis Guerra,0.0,0.0,10.0,0.0
Zach Pop,0.0,0.0,7.0,8.0
Miguel Sanchez,0.0,0.0,6.0,0.0
Kyle Muller,0.0,0.0,6.0,0.0
Bailey Ober,0.0,0.0,7.0,10.0
Ashton Goudeau,0.0,0.0,8.0,0.0
Kyle McGowin,0.0,0.0,11.0,0.0
Justin Steele,0.0,0.0,6.0,9.0
Paolo Espino,0.0,0.0,8.0,3.0
Anthony Banda,0.0,0.0,7.0,4.0
Codi Heuer,0.0,0.0,8.0,0.0
Yacksel Rios,0.0,0.0,6.0,0.0
Dennis Santana,0.0,0.0,6.0,2.0
Luis Patino,0.0,0.0,7.0,0.0
Duane Underwood Jr.,0.0,0.0,7.0,4.0
Taylor Widener,0.0,0.0,6.0,0.0
Sean Nolin,0.0,0.0,3.0,0.0
Dillon Tate,0.0,0.0,8.0,8.0
Trevor Stephan,0.0,0.0,9.0,9.0
Marcos Diplan,0.0,0.0,6.0,0.0
Tylor Megill,0.0,0.0,9.0,7.0
Nick Neidert,0.0,0.0,2.0,0.0
Aaron Ashby,0.0,0.0,9.0,9.0
Tayler Saucedo,0.0,0.0,8.0,0.0
Adbert Alzolay,0.0,0.0,7.0,0.0
Brusdar Graterol,0.0,0.0,3.0,10.0
Anthony Misiewicz,0.0,0.0,7.0,7.0
Taylor Hearn,0.0,0.0,7.0,4.0
Joely Rodriguez,0.0,0.0,4.0,9.0
Logan Gilbert,0.0,0.0,7.0,7.0
Ervin Santana,0.0,0.0,8.0,0.0
Justin Garza,0.0,0.0,6.0,0.0
Vladimir Gutierrez,0.0,0.0,8.0,1.0
Luke Farrell,0.0,0.0,4.0,0.0
Anthony Castro,0.0,0.0,9.0,0.0
Brooks Raley,0.0,0.0,9.0,11.0
Matt Peacock,0.0,0.0,3.0,0.0
Humberto Castellanos,0.0,0.0,3.0,3.0
Keynan Middleton,0.0,0.0,2.0,0.0
Andrew Wantz,0.0,0.0,9.0,10.0
Reiss Knehr,0.0,0.0,6.0,0.0
Cody Poteet,0.0,0.0,6.0,8.0
Joe Smith,0.0,0.0,3.0,3.0
Nick Mears,0.0,0.0,2.0,0.0
Braxton Garrett,0.0,0.0,4.0,7.0
Bruce Zimmermann,0.0,0.0,7.0,3.0
Demarcus Evans,0.0,0.0,5.0,0.0
Austin Davis,0.0,0.0,9.0,5.0
Patrick Murphy,0.0,0.0,4.0,0.0
Albert Abreu,0.0,0.0,6.0,6.0
Sean Poppen,0.0,0.0,4.0,8.0
Dan Winkler,0.0,0.0,6.0,0.0
Rex Brothers,0.0,0.0,5.0,0.0
Ryan Weathers,0.0,0.0,3.0,0.0
Eli Morgan,0.0,0.0,7.0,10.0
Bryse Wilson,0.0,0.0,3.0,3.0
Yennsy Diaz,0.0,0.0,2.0,0.0
Josiah Gray,0.0,0.0,6.0,6.0
Wil Crowe,0.0,0.0,2.0,6.0
Jake Faria,0.0,0.0,4.0,0.0
Sammy Long,0.0,0.0,7.0,8.0
Sam Howard,0.0,0.0,5.0,0.0
Sam Clay,0.0,0.0,3.0,0.0
Hyeon-jong Yang,0.0,0.0,3.0,0.0
Anthony Kay,0.0,0.0,5.0,0.0
Bailey Falter,0.0,0.0,7.0,7.0
Rafael Dolis,0.0,0.0,5.0,0.0
Daniel Lynch,0.0,0.0,4.0,4.0
Erasmo Ramirez,0.0,0.0,8.0,8.0
Bryan Abreu,0.0,0.0,2.0,12.0
Sam Selman,0.0,0.0,2.0,0.0
Chase De Jong,0.0,0.0,2.0,10.0
Matt Manning,0.0,0.0,3.0,8.0
Edward Cabrera,0.0,0.0,5.0,11.0
Paul Blackburn,0.0,0.0,3.0,8.0
Cesar Valdez,0.0,0.0,4.0,0.0
Charlie Barnes,0.0,0.0,3.0,0.0
Ryan Hendrix,0.0,0.0,5.0,0.0
Riley Smith,0.0,0.0,3.0,0.0
Sal Romano,0.0,0.0,3.0,0.0
Will Vest,0.0,0.0,3.0,7.0
Tyler Zuber,0.0,0.0,2.0,0.0
Max Kranick,0.0,0.0,4.0,0.0
Matt Moore,0.0,0.0,2.0,11.0
Packy Naughton,0.0,0.0,3.0,4.0
Kevin Ginkel,0.0,0.0,2.0,7.0
Griffin Jax,0.0,0.0,2.0,10.0
Enyel De Los Santos,0.0,0.0,5.0,9.0
Cionel Perez,0.0,0.0,5.0,10.0
Paul Campbell,0.0,0.0,4.0,0.0
Kyle Keller,0.0,0.0,5.0,0.0
Ben Bowden,0.0,0.0,5.0,0.0
Kohei Arihara,0.0,0.0,3.0,1.0
Zac Lowther,0.0,0.0,4.0,0.0
Sam Hentges,0.0,0.0,4.0,11.0
Alex Wells,0.0,0.0,3.0,0.0
Michael Rucker,0.0,0.0,4.0,7.0
Cody Ponce,0.0,0.0,4.0,0.0
Conner Greene,0.0,0.0,4.0,0.0
Tommy Nance,0.0,0.0,2.0,9.0
Humberto Mejia,0.0,0.0,1.0,0.0
Reid Detmers,0.0,0.0,1.0,7.0
Dean Kremer,0.0,0.0,2.0,8.0
Bryan Garcia,0.0,0.0,1.0,0.0
Brett de Geus,0.0,0.0,1.0,0.0
Spenser Watkins,0.0,0.0,1.0,3.0
JC Mejia,0.0,0.0,2.0,0.0
Trevor Megill,0.0,0.0,4.0,4.0
Wes Benjamin,0.0,0.0,1.0,0.0
Luis Oviedo,0.0,0.0,1.0,0.0
Glenn Otto,0.0,0.0,1.0,8.0
Sean Guenther,0.0,0.0,1.0,0.0
Jackson Kowar,0.0,0.0,1.0,0.0
Jason Adam,0.0,0.0,0.0,11.0
Alexis Diaz,0.0,0.0,0.0,11.0
Jhoan Duran,0.0,0.0,0.0,11.0
Ron Marinaccio,0.0,0.0,0.0,11.0
Zack Thompson,0.0,0.0,0.0,10.0
Seth Martinez,0.0,0.0,0.0,10.0
Dylan Lee,0.0,0.0,0.0,10.0
Hayden Wesneski,0.0,0.0,0.0,10.0
Kyle Nelson,0.0,0.0,0.0,10.0
Felix Bautista,0.0,0.0,0.0,11.0
Jovani Moran,0.0,0.0,0.0,11.0
John Schreiber,0.0,0.0,0.0,11.0
Robert Suarez,0.0,0.0,0.0,11.0
David Robertson,0.0,0.0,0.0,11.0
Jimmy Herget,0.0,0.0,0.0,10.0
Andres Munoz,0.0,0.0,0.0,12.0
Hunter Harvey,0.0,0.0,0.0,9.0
Scott Effross,0.0,0.0,0.0,10.0
Spencer Strider,0.0,0.0,0.0,12.0
Connor Overton,0.0,0.0,0.0,8.0
Carl Edwards Jr.,0.0,0.0,0.0,10.0
Dylan Coleman,0.0,0.0,0.0,6.0
Peter Strzelecki,0.0,0.0,0.0,9.0
Sam Moll,0.0,0.0,0.0,6.0
Penn Murfee,0.0,0.0,0.0,10.0
Zach Jackson,0.0,0.0,0.0,12.0
Joey Wentz,0.0,0.0,0.0,10.0
Tanner Banks,0.0,0.0,0.0,10.0
Steven Wilson,0.0,0.0,0.0,10.0
Huascar Brazoban,0.0,0.0,0.0,6.0
Javier Assad,0.0,0.0,0.0,6.0
A.J. Puk,0.0,0.0,0.0,9.0
Clarke Schmidt,0.0,0.0,0.0,10.0
Brandon Hughes,0.0,0.0,0.0,11.0
Bryce Elder,0.0,0.0,0.0,6.0
Andre Pallante,0.0,0.0,0.0,8.0
Luis Severino,0.0,0.0,0.0,10.0
Jimmy Lambert,0.0,0.0,0.0,6.0
Andrew Bellatti,0.0,0.0,0.0,12.0
Domingo Acevedo,0.0,0.0,0.0,10.0
George Kirby,0.0,0.0,0.0,7.0
Dany Jimenez,0.0,0.0,0.0,6.0
Ryan Pepiot,0.0,0.0,0.0,6.0
Matt Bush,0.0,0.0,0.0,11.0
Nick Martinez,0.0,0.0,0.0,7.0
Bryan Baker,0.0,0.0,0.0,9.0
Joe Ryan,0.0,0.0,0.0,10.0
Jose Cuas,0.0,0.0,0.0,6.0
Nick Lodolo,0.0,0.0,0.0,9.0
Jackson Stephens,0.0,0.0,0.0,7.0
Oliver Ortega,0.0,0.0,0.0,6.0
Hoby Milner,0.0,0.0,0.0,7.0
Roansy Contreras,0.0,0.0,0.0,6.0
Louie Varland,0.0,0.0,0.0,8.0
Colin Holderman,0.0,0.0,0.0,6.0
JP Sears,0.0,0.0,0.0,8.0
Jandel Gustave,0.0,0.0,0.0,7.0
Jason Foley,0.0,0.0,0.0,3.0
Konnor Pilkington,0.0,0.0,0.0,6.0
Joey Krehbiel,0.0,0.0,0.0,8.0
Mark Leiter Jr.,0.0,0.0,0.0,9.0
Garrett Hill,0.0,0.0,0.0,8.0
Nick Vespi,0.0,0.0,0.0,7.0
Beau Brieske,0.0,0.0,0.0,8.0
Adrian Morejon,0.0,0.0,0.0,8.0
Rony Garcia,0.0,0.0,0.0,10.0
Hunter Greene,0.0,0.0,0.0,9.0
Matt Brash,0.0,0.0,0.0,5.0
MacKenzie Gore,0.0,0.0,0.0,6.0
Victor Arano,0.0,0.0,0.0,7.0
Ian Gibaut,0.0,0.0,0.0,5.0
Drew Hutchison,0.0,0.0,0.0,3.0
Kirk McCarty,0.0,0.0,0.0,8.0
Michael Grove,0.0,0.0,0.0,7.0
Wyatt Mills,0.0,0.0,0.0,7.0
Erich Uelmen,0.0,0.0,0.0,8.0
Josh Winder,0.0,0.0,0.0,8.0
Brayan Bello,0.0,0.0,0.0,4.0
Mike Baumann,0.0,0.0,0.0,3.0
Davis Martin,0.0,0.0,0.0,8.0
Corbin Martin,0.0,0.0,0.0,4.0
Nick Nelson,0.0,0.0,0.0,4.0
Graham Ashcraft,0.0,0.0,0.0,3.0
Kyle Bradish,0.0,0.0,0.0,7.0
Jake Bird,0.0,0.0,0.0,2.0
Yerry De Los Santos,0.0,0.0,0.0,6.0
Ken Waldichuk,0.0,0.0,0.0,7.0
Cole Ragans,0.0,0.0,0.0,3.0
Shane Baz,0.0,0.0,0.0,9.0
Matt Swarmer,0.0,0.0,0.0,6.0
Tyler Danish,0.0,0.0,0.0,8.0
Jordan Weems,0.0,0.0,0.0,7.0
Cory Abbott,0.0,0.0,0.0,2.0
Jon Heasley,0.0,0.0,0.0,3.0
Tommy Henry,0.0,0.0,0.0,2.0
Jason Alexander,0.0,0.0,0.0,3.0
Dauri Moreta,0.0,0.0,0.0,7.0
Yunior Marte,0.0,0.0,0.0,2.0
Kutter Crawford,0.0,0.0,0.0,7.0
Calvin Faucher,0.0,0.0,0.0,4.0
Alex Faedo,0.0,0.0,0.0,4.0
Cristopher Sanchez,0.0,0.0,0.0,2.0
Eric Stout,0.0,0.0,0.0,5.0
Ryan Borucki,0.0,0.0,0.0,2.0
Justin Lawrence,0.0,0.0,0.0,4.0
Daulton Jefferies,0.0,0.0,0.0,3.0
Jared Koenig,0.0,0.0,0.0,3.0
Sean Hjelle,0.0,0.0,0.0,4.0
Ryan Feltner,0.0,0.0,0.0,2.0
Kirby Snead,0.0,0.0,0.0,4.0
Cole Sands,0.0,0.0,0.0,4.0
Josh Winckowski,0.0,0.0,0.0,3.0
Max Castillo,0.0,0.0,0.0,2.0
Matthew Liberatore,0.0,0.0,0.0,4.0
Trevor Kelley,0.0,0.0,0.0,2.0
Adonis Medina,0.0,0.0,0.0,3.0
Adrian Martinez,0.0,0.0,0.0,4.0
Adam Oller,0.0,0.0,0.0,3.0
Reiver Sanmartin,0.0,0.0,0.0,4.0
Kaleb Ort,0.0,0.0,0.0,4.0
Joel Kuhnel,0.0,0.0,0.0,4.0
Art Warren,0.0,0.0,0.0,5.0
Collin Snider,0.0,0.0,0.0,3.0
Chase Silseth,0.0,0.0,0.0,2.0
Tucker Davidson,0.0,0.0,0.0,2.0
Julian Merryweather,0.0,0.0,0.0,4.0
Zach Logue,0.0,0.0,0.0,3.0
Joan Adon,0.0,0.0,0.0,1.0
Miguel Yajure,0.0,0.0,0.0,1.0
Elvin Rodriguez,0.0,0.0,0.0,1.0
