Name,IP,SO,eSO,ERA,eERA,WHIP,eWHIP,W,eW,S,eS,Rank,Value,
Gerrit Cole , 209 , 246 , 15 , 2.97 , 0.36 , 1.01 , 0.24 , 15 , 10 , 0 , 0 , 1 , 3168 ,
Corbin Burnes , 193 , 224 , 14 , 2.94 , 0.61 , 1.02 , 0.12 , 14 , 4 , 0 , 0 , 2 , 3153 ,
Zac Gallen , 210 , 223 , 14 , 3.26 , 0.37 , 1.09 , 0.14 , 14 , 9 , 0 , 0 , 3 , 3084 ,
Spencer Strider , 186 , 280 , 22 , 3.24 , 1.06 , 1.05 , 0.26 , 13 , 4 , 0 , 0 , 4 , 3074 ,
Zack Wheeler , 192 , 204 , 14 , 3.23 , 0.39 , 1.07 , 0.23 , 13 , 8 , 0 , 0 , 5 , 3071 ,
Luis Castillo , 197 , 218 , 14 , 3.2 , 0.64 , 1.12 , 0.16 , 14 , 4 , 0 , 0 , 6 , 3057 ,
Justin Verlander , 162 , 152 , 15 , 2.72 , 0.5 , 1.02 , 0.15 , 13 , 5 , 0 , 0 , 7 , 3053 ,
Logan Webb , 216 , 190 , 35 , 3.29 , 0.37 , 1.14 , 0.23 , 14 , 10 , 0 , 0 , 8 , 3019 ,
Max Scherzer , 152 , 180 , 13 , 3.02 , 0.65 , 1.03 , 0.23 , 12 , 4 , 0 , 0 , 9 , 2994 ,
George Kirby , 190 , 177 , 25 , 3.36 , 0.4 , 1.11 , 0.38 , 13 , 8 , 0 , 0 , 10 , 2994 ,
Framber Valdez , 198 , 196 , 14 , 3.36 , 1.05 , 1.16 , 0.17 , 13 , 4 , 0 , 0 , 11 , 2969 ,
Blake Snell , 180 , 237 , 15 , 2.95 , 0.6 , 1.2 , 0.19 , 14 , 4 , 0 , 0 , 12 , 2964 ,
Kevin Gausman , 185 , 226 , 22 , 3.26 , 0.68 , 1.17 , 0.28 , 13 , 4 , 0 , 0 , 13 , 2953 ,
Chris Bassitt , 200 , 189 , 17 , 3.46 , 0.76 , 1.16 , 0.12 , 13 , 4 , 0 , 0 , 14 , 2951 ,
Clayton Kershaw , 131 , 142 , 11 , 2.54 , 0.42 , 1.01 , 0.21 , 11 , 4 , 0 , 0 , 15 , 2949 ,
Sonny Gray , 184 , 190 , 13 , 3.28 , 1.17 , 1.16 , 0.19 , 13 , 4 , 0 , 0 , 16 , 2943 ,
Shohei Ohtani , 132 , 171 , 23 , 2.8 , 0.44 , 1.03 , 0.15 , 10 , 4 , 0 , 0 , 17 , 2936 ,
Freddy Peralta , 165 , 206 , 14 , 3.55 , 0.65 , 1.08 , 0.16 , 11 , 4 , 0 , 0 , 18 , 2922 ,
Pablo Lopez , 194 , 216 , 14 , 3.62 , 0.41 , 1.16 , 0.19 , 13 , 8 , 0 , 0 , 19 , 2907 ,
Merrill Kelly , 177 , 170 , 13 , 3.36 , 0.51 , 1.16 , 0.14 , 12 , 5 , 0 , 0 , 20 , 2900 ,
Aaron Nola , 193 , 215 , 14 , 3.92 , 0.89 , 1.09 , 0.24 , 12 , 4 , 0 , 0 , 20 , 2900 ,
Sandy Alcantara , 184 , 159 , 12 , 3.52 , 1.08 , 1.15 , 0.2 , 12 , 4 , 0 , 0 , 22 , 2894 ,
Logan Gilbert , 190 , 188 , 13 , 3.74 , 0.42 , 1.14 , 0.2 , 12 , 7 , 0 , 0 , 23 , 2882 ,
Jordan Montgomery , 188 , 168 , 27 , 3.49 , 0.41 , 1.18 , 0.14 , 13 , 7 , 0 , 0 , 24 , 2879 ,
Kodai Senga , 166 , 203 , 14 , 3.09 , 1.14 , 1.22 , 0.31 , 13 , 4 , 0 , 0 , 25 , 2877 ,
Zach Eflin , 177 , 174 , 13 , 3.76 , 0.44 , 1.11 , 0.29 , 11 , 6 , 0 , 0 , 26 , 2856 ,
Cristian Javier , 162 , 184 , 19 , 3.61 , 0.61 , 1.13 , 0.21 , 11 , 4 , 0 , 0 , 27 , 2848 ,
Kyle Bradish , 168 , 164 , 12 , 3.54 , 0.44 , 1.17 , 0.15 , 11 , 6 , 0 , 0 , 28 , 2823 ,
Bailey Ober , 144 , 140 , 11 , 3.5 , 0.47 , 1.1 , 0.23 , 10 , 4 , 0 , 0 , 29 , 2802 ,
Justin Steele , 173 , 177 , 13 , 3.38 , 0.99 , 1.24 , 0.2 , 12 , 4 , 0 , 0 , 30 , 2798 ,
Tanner Bibee , 142 , 141 , 11 , 3.17 , 1.46 , 1.18 , 0.18 , 10 , 4 , 0 , 0 , 31 , 2775 ,
Tyler Glasnow , 120 , 164 , 13 , 3.38 , 0.5 , 1.07 , 0.22 , 7 , 4 , 0 , 0 , 32 , 2764 ,
Shane McClanahan , 115 , 126 , 11 , 2.97 , 0.48 , 1.09 , 0.16 , 7 , 4 , 0 , 0 , 33 , 2756 ,
Emmanuel Clase , 72 , 69 , 8 , 2.38 , 0.88 , 1.0 , 0.31 , 2 , 4 , 38 , 12 , 34 , 2755 ,
Joe Ryan , 161 , 186 , 13 , 3.97 , 1.23 , 1.14 , 0.3 , 10 , 4 , 0 , 0 , 35 , 2744 ,
Jesus Luzardo , 178 , 204 , 14 , 3.89 , 0.44 , 1.22 , 0.14 , 11 , 6 , 0 , 0 , 36 , 2734 ,
Dylan Cease , 177 , 212 , 14 , 3.66 , 0.46 , 1.27 , 0.21 , 12 , 6 , 0 , 0 , 37 , 2733 ,
Bryce Elder , 174 , 138 , 11 , 3.52 , 0.43 , 1.25 , 0.14 , 12 , 6 , 0 , 0 , 38 , 2719 ,
Shane Bieber , 128 , 127 , 11 , 3.3 , 0.48 , 1.14 , 0.18 , 8 , 4 , 0 , 0 , 39 , 2718 ,
Alexis Diaz , 67 , 88 , 14 , 2.55 , 0.59 , 1.06 , 0.33 , 1 , 4 , 37 , 12 , 40 , 2711 ,
David Bednar , 67 , 83 , 9 , 2.28 , 1.07 , 1.07 , 0.23 , 2 , 4 , 37 , 12 , 41 , 2708 ,
Felix Bautista , 61 , 97 , 17 , 1.92 , 1.33 , 0.93 , 0.26 , 1 , 4 , 36 , 12 , 42 , 2690 ,
Julio Urias , 117 , 115 , 10 , 3.46 , 0.52 , 1.08 , 0.25 , 6 , 4 , 0 , 0 , 43 , 2667 ,
Yu Darvish , 136 , 144 , 12 , 3.77 , 0.66 , 1.14 , 0.17 , 8 , 4 , 0 , 0 , 44 , 2663 ,
Seth Lugo , 146 , 152 , 12 , 3.7 , 0.48 , 1.21 , 0.15 , 10 , 4 , 0 , 0 , 45 , 2661 ,
Jose Berrios , 189 , 181 , 13 , 4.14 , 0.44 , 1.25 , 0.15 , 11 , 7 , 0 , 0 , 46 , 2659 ,
Tyler Wells , 118 , 111 , 10 , 3.66 , 1.6 , 1.03 , 0.31 , 6 , 4 , 0 , 0 , 47 , 2656 ,
Miles Mikolas , 201 , 142 , 11 , 4.25 , 0.45 , 1.23 , 0.25 , 11 , 7 , 0 , 0 , 48 , 2654 ,
Nathan Eovaldi , 144 , 139 , 11 , 3.75 , 0.48 , 1.18 , 0.17 , 9 , 4 , 0 , 0 , 49 , 2649 ,
Erik Swanson , 66 , 76 , 8 , 2.59 , 0.59 , 1.02 , 0.2 , 1 , 4 , 17 , 8 , 50 , 2640 ,
Craig Kimbrel , 69 , 93 , 9 , 3.13 , 0.64 , 1.09 , 0.21 , 1 , 4 , 17 , 8 , 51 , 2638 ,
Taijuan Walker , 172 , 144 , 12 , 3.98 , 0.46 , 1.24 , 0.16 , 11 , 6 , 0 , 0 , 52 , 2622 ,
Eury Perez , 91 , 106 , 13 , 2.97 , 0.79 , 1.09 , 0.23 , 2 , 4 , 0 , 0 , 53 , 2618 ,
Tyler Holton , 85 , 77 , 27 , 2.12 , 0.74 , 0.88 , 0.26 , 2 , 4 , 0 , 0 , 54 , 2616 ,
Michael King , 104 , 125 , 11 , 3.2 , 0.87 , 1.15 , 0.2 , 5 , 4 , 0 , 0 , 55 , 2615 ,
Charlie Morton , 163 , 189 , 17 , 3.81 , 0.46 , 1.3 , 0.18 , 11 , 5 , 0 , 0 , 56 , 2609 ,
Bobby Miller , 124 , 120 , 10 , 3.77 , 0.52 , 1.1 , 0.18 , 7 , 4 , 0 , 0 , 57 , 2607 ,
Ryan Pressly , 65 , 79 , 8 , 3.05 , 0.83 , 0.98 , 0.26 , 1 , 4 , 35 , 11 , 58 , 2604 ,
Braxton Garrett , 159 , 158 , 12 , 3.85 , 0.47 , 1.27 , 0.2 , 10 , 5 , 0 , 0 , 59 , 2603 ,
Evan Phillips , 61 , 68 , 8 , 1.77 , 1.33 , 0.82 , 0.3 , 1 , 4 , 34 , 11 , 60 , 2603 ,
Devin Williams , 58 , 88 , 9 , 1.86 , 1.24 , 0.97 , 0.34 , 1 , 4 , 34 , 11 , 60 , 2603 ,
Jhoan Duran , 62 , 84 , 9 , 2.32 , 0.58 , 1.05 , 0.26 , 1 , 4 , 16 , 8 , 62 , 2599 ,
Wade Miley , 120 , 86 , 11 , 3.15 , 0.49 , 1.18 , 0.21 , 7 , 4 , 0 , 0 , 63 , 2592 ,
Michael Wacha , 134 , 122 , 11 , 3.69 , 0.5 , 1.19 , 0.15 , 8 , 4 , 0 , 0 , 64 , 2583 ,
Eduardo Rodriguez , 152 , 141 , 11 , 3.85 , 0.89 , 1.25 , 0.15 , 10 , 4 , 0 , 0 , 65 , 2582 ,
JP Sears , 172 , 149 , 15 , 4.13 , 0.89 , 1.26 , 0.17 , 10 , 4 , 0 , 0 , 66 , 2579 ,
Joe Musgrove , 97 , 101 , 10 , 3.15 , 1.02 , 1.12 , 0.21 , 3 , 4 , 0 , 0 , 67 , 2573 ,
Camilo Doval , 67 , 85 , 9 , 2.96 , 1.07 , 1.15 , 0.25 , 1 , 4 , 33 , 11 , 68 , 2572 ,
Marcus Stroman , 136 , 116 , 16 , 3.71 , 0.5 , 1.21 , 0.18 , 8 , 4 , 0 , 0 , 69 , 2566 ,
Andrew Heaney , 147 , 174 , 13 , 3.98 , 0.73 , 1.25 , 0.19 , 9 , 4 , 0 , 0 , 70 , 2560 ,
Tanner Scott , 78 , 105 , 10 , 3.35 , 0.62 , 1.24 , 0.31 , 2 , 4 , 16 , 8 , 71 , 2551 ,
Dane Dunning , 172 , 149 , 12 , 4.03 , 0.46 , 1.31 , 0.16 , 11 , 6 , 0 , 0 , 72 , 2536 ,
Paul Sewald , 60 , 78 , 8 , 2.85 , 0.65 , 1.0 , 0.22 , 1 , 4 , 32 , 11 , 73 , 2526 ,
Jon Gray , 157 , 149 , 12 , 4.24 , 0.49 , 1.25 , 0.15 , 9 , 4 , 0 , 0 , 74 , 2522 ,
Lucas Giolito , 184 , 204 , 16 , 4.5 , 0.83 , 1.29 , 0.25 , 10 , 4 , 0 , 0 , 75 , 2521 ,
Nick Pivetta , 142 , 165 , 12 , 4.18 , 0.63 , 1.23 , 0.2 , 8 , 4 , 0 , 0 , 76 , 2507 ,
Lance Lynn , 183 , 189 , 15 , 4.72 , 0.54 , 1.27 , 0.26 , 10 , 5 , 0 , 0 , 77 , 2503 ,
Bryce Miller , 131 , 121 , 20 , 4.19 , 0.54 , 1.15 , 0.25 , 7 , 4 , 0 , 0 , 78 , 2500 ,
Mike Clevinger , 131 , 108 , 10 , 3.85 , 0.51 , 1.21 , 0.16 , 7 , 4 , 0 , 0 , 79 , 2496 ,
Johan Oviedo , 177 , 157 , 12 , 4.07 , 0.45 , 1.37 , 0.19 , 11 , 6 , 0 , 0 , 80 , 2494 ,
Jameson Taillon , 154 , 136 , 17 , 4.38 , 0.51 , 1.22 , 0.22 , 9 , 4 , 0 , 0 , 81 , 2489 ,
Clarke Schmidt , 159 , 148 , 24 , 4.13 , 0.48 , 1.3 , 0.21 , 10 , 5 , 0 , 0 , 82 , 2489 ,
Bryan Abreu , 72 , 98 , 9 , 2.5 , 1.25 , 1.12 , 0.23 , 2 , 4 , 0 , 0 , 83 , 2487 ,
Alex Cobb , 151 , 138 , 11 , 3.93 , 0.77 , 1.3 , 0.28 , 10 , 4 , 0 , 0 , 84 , 2485 ,
Mitch Keller , 194 , 189 , 18 , 4.45 , 0.56 , 1.37 , 0.16 , 11 , 5 , 0 , 0 , 85 , 2481 ,
Clay Holmes , 63 , 70 , 10 , 2.86 , 0.71 , 1.11 , 0.29 , 1 , 4 , 31 , 11 , 86 , 2480 ,
Dean Kremer , 172 , 147 , 21 , 4.24 , 0.47 , 1.31 , 0.16 , 10 , 6 , 0 , 0 , 87 , 2478 ,
David Robertson , 65 , 81 , 9 , 2.91 , 0.69 , 1.17 , 0.23 , 1 , 4 , 15 , 7 , 88 , 2474 ,
Tony Gonsolin , 103 , 93 , 10 , 3.76 , 0.57 , 1.13 , 0.3 , 4 , 4 , 0 , 0 , 89 , 2470 ,
Tarik Skubal , 80 , 91 , 11 , 3.38 , 0.62 , 1.04 , 0.23 , 2 , 4 , 0 , 0 , 89 , 2470 ,
Aaron Civale , 122 , 116 , 10 , 3.98 , 0.54 , 1.17 , 0.18 , 6 , 4 , 0 , 0 , 91 , 2470 ,
Michael Lorenzen , 153 , 122 , 11 , 4.24 , 1.12 , 1.25 , 0.15 , 9 , 4 , 0 , 0 , 92 , 2463 ,
Matt Strahm , 87 , 106 , 10 , 3.52 , 0.6 , 1.13 , 0.25 , 2 , 4 , 0 , 0 , 92 , 2463 ,
Kyle Gibson , 192 , 159 , 12 , 4.69 , 0.47 , 1.32 , 0.14 , 10 , 6 , 0 , 0 , 94 , 2453 ,
Max Fried , 77 , 74 , 8 , 2.81 , 1.64 , 1.09 , 0.26 , 2 , 4 , 0 , 0 , 95 , 2452 ,
Reese Olson , 103 , 103 , 10 , 3.93 , 0.59 , 1.13 , 0.26 , 4 , 4 , 0 , 0 , 96 , 2450 ,
Yusei Kikuchi , 167 , 185 , 13 , 4.37 , 0.49 , 1.34 , 0.18 , 10 , 5 , 0 , 0 , 97 , 2446 ,
Javier Assad , 109 , 91 , 9 , 3.14 , 0.51 , 1.28 , 0.23 , 6 , 4 , 0 , 0 , 98 , 2440 ,
Kyle Hendricks , 137 , 100 , 12 , 4.07 , 0.52 , 1.22 , 0.24 , 8 , 4 , 0 , 0 , 99 , 2440 ,
Brandon Woodruff , 67 , 77 , 8 , 2.55 , 0.59 , 0.94 , 0.3 , 1 , 4 , 0 , 0 , 100 , 2435 ,
Josh Hader , 56 , 87 , 11 , 2.57 , 0.64 , 1.11 , 0.26 , 1 , 4 , 31 , 11 , 101 , 2432 ,
Jordan Romano , 59 , 71 , 8 , 2.59 , 0.92 , 1.12 , 0.22 , 1 , 4 , 30 , 10 , 102 , 2429 ,
Yennier Cano , 72 , 63 , 14 , 2.25 , 1.62 , 1.03 , 0.3 , 2 , 5 , 0 , 0 , 103 , 2428 ,
Domingo German , 108 , 103 , 10 , 4.17 , 0.75 , 1.12 , 0.3 , 4 , 4 , 0 , 0 , 104 , 2426 ,
Nick Martinez , 110 , 104 , 10 , 3.52 , 0.65 , 1.26 , 0.17 , 5 , 4 , 0 , 0 , 105 , 2425 ,
Hayden Wesneski , 89 , 86 , 10 , 3.64 , 0.61 , 1.12 , 0.22 , 2 , 4 , 0 , 0 , 106 , 2420 ,
Kenta Maeda , 104 , 114 , 16 , 4.07 , 0.59 , 1.15 , 0.17 , 4 , 4 , 0 , 0 , 107 , 2411 ,
Chris Sale , 102 , 125 , 11 , 3.97 , 0.59 , 1.18 , 0.25 , 4 , 4 , 0 , 0 , 108 , 2405 ,
Patrick Sandoval , 144 , 136 , 11 , 3.88 , 0.56 , 1.38 , 0.34 , 9 , 4 , 0 , 0 , 109 , 2403 ,
Scott Barlow , 68 , 78 , 8 , 3.44 , 0.67 , 1.22 , 0.22 , 1 , 4 , 29 , 10 , 110 , 2391 ,
Hector Neris , 68 , 80 , 8 , 2.78 , 0.61 , 1.09 , 0.22 , 1 , 4 , 0 , 0 , 111 , 2387 ,
Drew Smyly , 142 , 138 , 11 , 4.25 , 0.89 , 1.29 , 0.19 , 8 , 4 , 0 , 0 , 112 , 2384 ,
Kevin Ginkel , 65 , 69 , 8 , 3.32 , 0.68 , 1.15 , 0.26 , 1 , 4 , 15 , 7 , 113 , 2369 ,
Colin Rea , 124 , 113 , 23 , 4.43 , 0.87 , 1.19 , 0.25 , 5 , 4 , 0 , 0 , 114 , 2361 ,
Jason Adam , 54 , 67 , 8 , 2.5 , 0.65 , 0.91 , 0.25 , 1 , 4 , 15 , 7 , 115 , 2357 ,
Josiah Gray , 159 , 153 , 12 , 4.36 , 0.85 , 1.39 , 0.26 , 9 , 4 , 0 , 0 , 116 , 2356 ,
Raisel Iglesias , 55 , 69 , 8 , 2.62 , 0.82 , 1.07 , 0.32 , 1 , 4 , 29 , 10 , 117 , 2354 ,
Ranger Suarez , 125 , 116 , 11 , 3.82 , 1.51 , 1.34 , 0.19 , 7 , 4 , 0 , 0 , 118 , 2342 ,
Jose Leclerc , 57 , 65 , 8 , 2.68 , 0.65 , 1.11 , 0.39 , 1 , 4 , 28 , 10 , 119 , 2335 ,
Martin Perez , 141 , 107 , 10 , 4.02 , 0.51 , 1.35 , 0.16 , 8 , 4 , 0 , 0 , 119 , 2335 ,
Kutter Crawford , 129 , 132 , 11 , 4.53 , 0.56 , 1.24 , 0.23 , 6 , 4 , 0 , 0 , 121 , 2325 ,
Andrew Abbott , 109 , 118 , 14 , 3.88 , 0.57 , 1.28 , 0.28 , 5 , 4 , 0 , 0 , 122 , 2323 ,
Tyler Anderson , 141 , 113 , 10 , 4.34 , 0.53 , 1.29 , 0.15 , 8 , 4 , 0 , 0 , 123 , 2321 ,
J.P. France , 136 , 102 , 13 , 3.97 , 1.32 , 1.35 , 0.16 , 8 , 4 , 0 , 0 , 124 , 2318 ,
Reid Detmers , 148 , 157 , 19 , 4.56 , 0.67 , 1.35 , 0.17 , 8 , 4 , 0 , 0 , 125 , 2312 ,
Kyle Finnegan , 69 , 68 , 8 , 3.52 , 0.68 , 1.25 , 0.22 , 1 , 4 , 27 , 10 , 125 , 2312 ,
Brady Singer , 159 , 143 , 14 , 4.7 , 0.52 , 1.36 , 0.16 , 8 , 4 , 0 , 0 , 127 , 2303 ,
Kendall Graveman , 66 , 66 , 8 , 3.0 , 1.09 , 1.27 , 0.23 , 1 , 4 , 26 , 10 , 127 , 2303 ,
Sean Manaea , 117 , 120 , 10 , 4.38 , 0.77 , 1.24 , 0.17 , 5 , 4 , 0 , 0 , 129 , 2301 ,
Cristopher Sanchez , 99 , 92 , 9 , 4.18 , 0.62 , 1.17 , 0.21 , 2 , 4 , 0 , 0 , 130 , 2293 ,
Lucas Sims , 61 , 77 , 8 , 3.39 , 1.03 , 1.16 , 0.37 , 1 , 4 , 14 , 7 , 131 , 2290 ,
Joel Payamps , 70 , 65 , 8 , 2.83 , 0.6 , 1.14 , 0.24 , 2 , 4 , 0 , 0 , 132 , 2285 ,
Grayson Rodriguez , 122 , 127 , 11 , 4.2 , 0.56 , 1.3 , 0.2 , 6 , 4 , 0 , 0 , 133 , 2284 ,
Griffin Canning , 127 , 133 , 13 , 4.46 , 0.56 , 1.28 , 0.17 , 6 , 4 , 0 , 0 , 134 , 2276 ,
Jordan Lyles , 177 , 131 , 18 , 5.44 , 1.27 , 1.33 , 0.23 , 8 , 4 , 0 , 0 , 135 , 2275 ,
Justin Topa , 69 , 59 , 12 , 2.61 , 0.91 , 1.13 , 0.23 , 2 , 4 , 0 , 0 , 136 , 2268 ,
MacKenzie Gore , 136 , 144 , 20 , 4.3 , 0.79 , 1.39 , 0.25 , 7 , 4 , 0 , 0 , 137 , 2261 ,
Gavin Williams , 82 , 79 , 8 , 3.29 , 0.77 , 1.27 , 0.21 , 2 , 4 , 0 , 0 , 138 , 2258 ,
Adbert Alzolay , 64 , 67 , 8 , 2.95 , 0.64 , 1.02 , 0.27 , 1 , 4 , 0 , 0 , 139 , 2257 ,
Brusdar Graterol , 67 , 52 , 7 , 2.55 , 1.61 , 1.06 , 0.27 , 1 , 6 , 0 , 0 , 140 , 2251 ,
Hoby Milner , 64 , 62 , 10 , 2.67 , 0.84 , 1.03 , 0.28 , 1 , 4 , 0 , 0 , 141 , 2248 ,
Tanner Houck , 106 , 102 , 10 , 4.16 , 0.59 , 1.27 , 0.21 , 4 , 4 , 0 , 0 , 142 , 2247 ,
Zack Greinke , 142 , 95 , 10 , 4.56 , 1.14 , 1.3 , 0.35 , 7 , 4 , 0 , 0 , 143 , 2244 ,
Rich Hill , 146 , 128 , 11 , 4.62 , 0.53 , 1.38 , 0.16 , 8 , 4 , 0 , 0 , 144 , 2237 ,
Hunter Brown , 155 , 175 , 20 , 5.05 , 0.54 , 1.39 , 0.38 , 7 , 4 , 0 , 0 , 145 , 2236 ,
Hunter Greene , 112 , 148 , 14 , 4.42 , 1.37 , 1.31 , 0.23 , 4 , 4 , 0 , 0 , 146 , 2233 ,
Emilio Pagan , 69 , 75 , 8 , 3.52 , 0.78 , 1.12 , 0.21 , 1 , 4 , 0 , 0 , 147 , 2230 ,
A.J. Minter , 64 , 81 , 9 , 3.23 , 0.67 , 1.11 , 0.25 , 1 , 4 , 0 , 0 , 148 , 2229 ,
Brayan Bello , 157 , 139 , 11 , 4.47 , 0.63 , 1.48 , 0.29 , 9 , 4 , 0 , 0 , 148 , 2229 ,
Kevin Kelly , 67 , 55 , 7 , 3.09 , 0.64 , 1.03 , 0.27 , 1 , 4 , 0 , 0 , 150 , 2223 ,
Bryan Woo , 87 , 92 , 9 , 4.14 , 0.65 , 1.2 , 0.24 , 2 , 4 , 0 , 0 , 151 , 2222 ,
Jack Flaherty , 144 , 146 , 12 , 4.44 , 0.53 , 1.47 , 0.2 , 8 , 4 , 0 , 0 , 152 , 2214 ,
Tristan Beck , 85 , 67 , 8 , 3.71 , 0.95 , 1.19 , 0.21 , 2 , 4 , 0 , 0 , 153 , 2212 ,
Michael Kopech , 129 , 138 , 18 , 4.4 , 0.7 , 1.38 , 0.22 , 6 , 4 , 0 , 0 , 154 , 2210 ,
Michael Tonkin , 80 , 76 , 8 , 4.16 , 0.68 , 1.1 , 0.33 , 2 , 4 , 0 , 0 , 155 , 2209 ,
Hunter Harvey , 60 , 68 , 8 , 2.7 , 0.64 , 1.03 , 0.26 , 1 , 4 , 0 , 0 , 156 , 2209 ,
Cole Ragans , 96 , 95 , 9 , 4.03 , 0.66 , 1.27 , 0.27 , 2 , 4 , 0 , 0 , 157 , 2205 ,
Tyler Rogers , 74 , 56 , 7 , 3.16 , 0.62 , 1.16 , 0.21 , 2 , 4 , 0 , 0 , 158 , 2204 ,
Alex Lange , 66 , 80 , 8 , 3.68 , 0.95 , 1.3 , 0.29 , 1 , 4 , 26 , 10 , 159 , 2200 ,
Brandon Williamson , 117 , 97 , 9 , 4.46 , 0.59 , 1.28 , 0.19 , 5 , 4 , 0 , 0 , 160 , 2191 ,
Edward Cabrera , 99 , 112 , 10 , 4.0 , 0.6 , 1.33 , 0.23 , 2 , 4 , 0 , 0 , 161 , 2186 ,
Zack Littell , 90 , 77 , 8 , 4.1 , 0.9 , 1.22 , 0.28 , 2 , 4 , 0 , 0 , 162 , 2183 ,
Logan Allen , 125 , 114 , 10 , 4.32 , 0.56 , 1.38 , 0.21 , 6 , 4 , 0 , 0 , 163 , 2179 ,
Chris Martin , 51 , 51 , 7 , 2.29 , 2.12 , 1.04 , 0.44 , 1 , 32 , 14 , 7 , 164 , 2167 ,
Graham Ashcraft , 145 , 107 , 10 , 4.84 , 0.55 , 1.39 , 0.16 , 7 , 4 , 0 , 0 , 165 , 2156 ,
Kyle Freeland , 155 , 108 , 10 , 4.82 , 0.7 , 1.44 , 0.19 , 8 , 4 , 0 , 0 , 166 , 2155 ,
Reynaldo Lopez , 66 , 73 , 8 , 3.41 , 0.68 , 1.15 , 0.24 , 1 , 4 , 0 , 0 , 167 , 2151 ,
Matt Manning , 78 , 54 , 8 , 3.69 , 0.65 , 1.14 , 0.21 , 2 , 4 , 0 , 0 , 168 , 2140 ,
James Paxton , 96 , 100 , 10 , 4.31 , 0.75 , 1.28 , 0.23 , 2 , 4 , 0 , 0 , 169 , 2139 ,
Patrick Corbin , 180 , 136 , 13 , 5.55 , 0.53 , 1.53 , 0.16 , 8 , 5 , 0 , 0 , 170 , 2138 ,
Mark Leiter Jr. , 64 , 74 , 8 , 3.52 , 0.7 , 1.11 , 0.22 , 1 , 4 , 0 , 0 , 171 , 2135 ,
Andres Munoz , 49 , 68 , 8 , 2.76 , 0.73 , 1.12 , 0.29 , 1 , 4 , 13 , 7 , 172 , 2133 ,
Steven Matz , 105 , 106 , 10 , 4.54 , 0.77 , 1.3 , 0.26 , 3 , 4 , 0 , 0 , 173 , 2130 ,
Colin Poche , 60 , 63 , 7 , 2.85 , 0.65 , 1.08 , 0.28 , 1 , 4 , 0 , 0 , 174 , 2125 ,
Aroldis Chapman , 58 , 89 , 18 , 3.41 , 0.73 , 1.28 , 0.43 , 1 , 4 , 13 , 7 , 175 , 2123 ,
Nick Sandlin , 60 , 65 , 8 , 3.0 , 0.67 , 1.07 , 0.36 , 1 , 4 , 0 , 0 , 176 , 2121 ,
Phil Maton , 66 , 75 , 8 , 3.41 , 0.68 , 1.18 , 0.22 , 1 , 4 , 0 , 0 , 177 , 2120 ,
Jhony Brito , 90 , 72 , 8 , 4.3 , 0.66 , 1.22 , 0.25 , 2 , 4 , 0 , 0 , 177 , 2120 ,
Trevor Williams , 144 , 123 , 11 , 4.81 , 0.56 , 1.46 , 0.19 , 7 , 4 , 0 , 0 , 179 , 2114 ,
Kirby Yates , 60 , 81 , 9 , 3.15 , 0.9 , 1.15 , 0.55 , 1 , 4 , 0 , 0 , 180 , 2111 ,
Giovanny Gallegos , 55 , 61 , 8 , 3.6 , 0.77 , 1.07 , 0.23 , 1 , 4 , 12 , 6 , 181 , 2105 ,
Tylor Megill , 126 , 118 , 10 , 4.71 , 0.64 , 1.4 , 0.22 , 5 , 4 , 0 , 0 , 182 , 2100 ,
Yimi Garcia , 66 , 72 , 8 , 3.68 , 0.71 , 1.15 , 0.27 , 1 , 4 , 0 , 0 , 183 , 2084 ,
Chris Stratton , 82 , 83 , 9 , 4.06 , 0.67 , 1.28 , 0.23 , 2 , 4 , 0 , 0 , 184 , 2075 ,
Ken Waldichuk , 141 , 134 , 11 , 5.3 , 0.64 , 1.43 , 0.17 , 6 , 4 , 0 , 0 , 185 , 2074 ,
Ross Stripling , 89 , 73 , 8 , 4.45 , 0.67 , 1.24 , 0.35 , 2 , 4 , 0 , 0 , 186 , 2072 ,
Jake Irvin , 121 , 98 , 9 , 4.61 , 0.59 , 1.4 , 0.27 , 5 , 4 , 0 , 0 , 187 , 2070 ,
Adrian Houser , 111 , 86 , 9 , 4.38 , 0.81 , 1.4 , 0.21 , 4 , 4 , 0 , 0 , 188 , 2060 ,
Austin Gomber , 139 , 102 , 10 , 5.12 , 0.58 , 1.41 , 0.18 , 6 , 4 , 0 , 0 , 189 , 2058 ,
Pete Fairbanks , 45 , 65 , 8 , 2.8 , 0.75 , 1.11 , 0.26 , 1 , 4 , 25 , 10 , 190 , 2057 ,
Adam Ottavino , 61 , 66 , 8 , 3.1 , 0.74 , 1.16 , 0.23 , 1 , 4 , 0 , 0 , 191 , 2053 ,
Anthony DeSclafani , 99 , 80 , 8 , 4.73 , 0.66 , 1.27 , 0.28 , 2 , 4 , 0 , 0 , 192 , 2045 ,
Andrew Nardi , 57 , 72 , 8 , 2.84 , 1.58 , 1.16 , 0.25 , 1 , 10 , 0 , 0 , 193 , 2043 ,
Taj Bradley , 104 , 129 , 11 , 5.19 , 2.77 , 1.35 , 0.3 , 3 , 4 , 0 , 0 , 194 , 2041 ,
Ryne Nelson , 144 , 96 , 9 , 5.38 , 0.58 , 1.43 , 0.23 , 6 , 4 , 0 , 0 , 195 , 2039 ,
David Peterson , 111 , 124 , 11 , 4.62 , 0.61 , 1.44 , 0.19 , 4 , 4 , 0 , 0 , 196 , 2038 ,
Alex Wood , 97 , 86 , 9 , 4.45 , 0.64 , 1.33 , 0.21 , 2 , 4 , 0 , 0 , 197 , 2037 ,
Brent Suter , 69 , 58 , 7 , 3.39 , 0.67 , 1.23 , 0.22 , 1 , 4 , 0 , 0 , 198 , 2036 ,
Trevor Stephan , 68 , 79 , 8 , 3.71 , 0.7 , 1.25 , 0.23 , 1 , 4 , 0 , 0 , 199 , 2034 ,
Jason Foley , 69 , 52 , 7 , 3.26 , 1.57 , 1.23 , 0.45 , 1 , 5 , 0 , 0 , 200 , 2025 ,
Cal Quantrill , 99 , 67 , 9 , 4.18 , 0.62 , 1.32 , 0.18 , 2 , 4 , 0 , 0 , 201 , 2024 ,
Ian Gibaut , 75 , 81 , 9 , 3.72 , 0.67 , 1.35 , 0.32 , 1 , 4 , 0 , 0 , 202 , 2019 ,
Nestor Cortes , 63 , 66 , 8 , 3.71 , 0.73 , 1.1 , 0.22 , 1 , 4 , 0 , 0 , 203 , 2013 ,
Xzavion Curry , 95 , 68 , 14 , 4.17 , 0.95 , 1.34 , 0.19 , 2 , 4 , 0 , 0 , 204 , 2005 ,
Ian Hamilton , 58 , 69 , 8 , 2.79 , 1.55 , 1.21 , 0.34 , 1 , 9 , 0 , 0 , 205 , 2003 ,
Pierce Johnson , 62 , 86 , 15 , 3.77 , 0.74 , 1.39 , 0.31 , 1 , 4 , 12 , 6 , 206 , 2002 ,
Matt Brash , 70 , 96 , 18 , 3.6 , 0.68 , 1.39 , 0.4 , 1 , 4 , 0 , 0 , 207 , 2000 ,
Enyel De Los Santos , 65 , 68 , 8 , 3.6 , 0.71 , 1.2 , 0.22 , 1 , 4 , 0 , 0 , 208 , 2000 ,
Joe Jimenez , 56 , 71 , 8 , 3.86 , 0.79 , 1.2 , 0.31 , 1 , 4 , 12 , 6 , 209 , 1999 ,
Sam Moll , 62 , 65 , 15 , 3.05 , 1.16 , 1.24 , 0.26 , 1 , 4 , 0 , 0 , 210 , 1994 ,
Jakob Junis , 86 , 85 , 9 , 4.4 , 0.68 , 1.31 , 0.27 , 2 , 4 , 0 , 0 , 211 , 1990 ,
Ryan Yarbrough , 89 , 68 , 8 , 4.55 , 0.68 , 1.27 , 0.34 , 2 , 4 , 0 , 0 , 212 , 1977 ,
Garrett Whitlock , 71 , 73 , 8 , 4.18 , 0.73 , 1.23 , 0.39 , 1 , 4 , 0 , 0 , 213 , 1970 ,
Gregory Santos , 66 , 66 , 8 , 3.41 , 0.82 , 1.27 , 0.55 , 1 , 4 , 0 , 0 , 214 , 1966 ,
Tom Cosgrove , 51 , 46 , 17 , 1.76 , 1.24 , 0.96 , 0.26 , 1 , 6 , 0 , 0 , 215 , 1964 ,
Rafael Montero , 67 , 72 , 8 , 4.3 , 0.76 , 1.34 , 0.23 , 1 , 4 , 11 , 6 , 216 , 1959 ,
Griffin Jax , 65 , 66 , 8 , 3.88 , 0.73 , 1.15 , 0.22 , 1 , 4 , 0 , 0 , 217 , 1955 ,
Alek Manoah , 87 , 83 , 9 , 4.34 , 0.67 , 1.38 , 0.27 , 2 , 4 , 0 , 0 , 218 , 1948 ,
Jake Bird , 89 , 77 , 8 , 4.45 , 0.67 , 1.36 , 0.29 , 2 , 4 , 0 , 0 , 219 , 1943 ,
Bryse Wilson , 76 , 56 , 7 , 4.03 , 0.69 , 1.24 , 0.23 , 1 , 4 , 0 , 0 , 220 , 1943 ,
Paul Blackburn , 103 , 93 , 9 , 4.63 , 0.64 , 1.46 , 0.19 , 3 , 4 , 0 , 0 , 221 , 1940 ,
Cole Irvin , 77 , 61 , 7 , 4.21 , 0.7 , 1.23 , 0.25 , 1 , 4 , 0 , 0 , 222 , 1936 ,
Jose Quintana , 75 , 65 , 8 , 3.84 , 0.72 , 1.32 , 0.26 , 1 , 4 , 0 , 0 , 223 , 1927 ,
Ryan Helsley , 36 , 49 , 7 , 2.25 , 0.75 , 1.0 , 0.28 , 0 , 4 , 24 , 9 , 224 , 1921 ,
Louie Varland , 68 , 64 , 8 , 4.1 , 0.93 , 1.19 , 0.28 , 1 , 4 , 0 , 0 , 225 , 1914 ,
Steven Okert , 58 , 72 , 8 , 3.57 , 0.74 , 1.17 , 0.26 , 1 , 4 , 0 , 0 , 226 , 1911 ,
Eli Morgan , 67 , 71 , 8 , 4.03 , 0.74 , 1.24 , 0.26 , 1 , 4 , 0 , 0 , 227 , 1908 ,
Brooks Raley , 54 , 63 , 7 , 3.0 , 0.71 , 1.15 , 0.25 , 1 , 4 , 0 , 0 , 228 , 1907 ,
Buck Farmer , 75 , 76 , 8 , 4.32 , 0.72 , 1.29 , 0.27 , 1 , 4 , 0 , 0 , 229 , 1904 ,
Tim Mayza , 53 , 52 , 7 , 2.55 , 2.04 , 1.13 , 0.25 , 1 , 26 , 0 , 0 , 230 , 1904 ,
Ryan Walker , 61 , 77 , 8 , 3.25 , 0.74 , 1.33 , 0.29 , 1 , 4 , 0 , 0 , 231 , 1901 ,
Carlos Estevez , 62 , 69 , 8 , 4.06 , 0.77 , 1.39 , 0.24 , 1 , 4 , 24 , 9 , 232 , 1886 ,
A.J. Puk , 56 , 71 , 9 , 3.54 , 0.75 , 1.16 , 0.26 , 1 , 4 , 0 , 0 , 233 , 1885 ,
Scott McGough , 70 , 86 , 9 , 4.5 , 1.41 , 1.26 , 0.33 , 1 , 4 , 0 , 0 , 234 , 1883 ,
Kenley Jansen , 44 , 55 , 7 , 3.27 , 0.82 , 1.14 , 0.26 , 0 , 4 , 23 , 9 , 234 , 1883 ,
Luke Weaver , 123 , 118 , 10 , 6.29 , 0.68 , 1.61 , 0.41 , 3 , 4 , 0 , 0 , 236 , 1882 ,
Josh Winckowski , 84 , 71 , 8 , 4.07 , 0.86 , 1.44 , 0.29 , 2 , 4 , 0 , 0 , 237 , 1880 ,
Caleb Ferguson , 60 , 67 , 8 , 3.0 , 1.95 , 1.32 , 0.3 , 1 , 16 , 0 , 0 , 238 , 1876 ,
Joey Wentz , 105 , 95 , 9 , 5.49 , 0.69 , 1.47 , 0.24 , 3 , 4 , 0 , 0 , 239 , 1867 ,
Zack Thompson , 66 , 64 , 8 , 3.68 , 1.5 , 1.29 , 0.31 , 1 , 5 , 0 , 0 , 240 , 1866 ,
Luis Medina , 109 , 105 , 10 , 5.61 , 1.82 , 1.53 , 0.3 , 3 , 4 , 0 , 0 , 241 , 1864 ,
Brock Burke , 59 , 56 , 7 , 3.51 , 0.73 , 1.17 , 0.35 , 1 , 4 , 0 , 0 , 242 , 1856 ,
Fernando Cruz , 66 , 94 , 22 , 4.64 , 1.64 , 1.2 , 0.22 , 1 , 7 , 0 , 0 , 243 , 1855 ,
Tommy Henry , 89 , 66 , 9 , 4.55 , 0.68 , 1.37 , 0.24 , 2 , 4 , 0 , 0 , 244 , 1851 ,
Elvis Peguero , 61 , 54 , 7 , 3.39 , 0.71 , 1.23 , 0.31 , 1 , 4 , 0 , 0 , 245 , 1848 ,
Touki Toussaint , 87 , 87 , 9 , 4.86 , 1.24 , 1.4 , 0.29 , 2 , 4 , 0 , 0 , 246 , 1847 ,
Jaime Barria , 82 , 60 , 7 , 4.39 , 0.69 , 1.32 , 0.24 , 2 , 4 , 0 , 0 , 247 , 1840 ,
Brandon Pfaadt , 96 , 95 , 11 , 5.53 , 0.84 , 1.43 , 0.5 , 2 , 4 , 0 , 0 , 248 , 1839 ,
Gabe Speier , 54 , 64 , 8 , 3.67 , 0.78 , 1.07 , 0.4 , 1 , 4 , 0 , 0 , 249 , 1838 ,
Luis Severino , 89 , 86 , 9 , 5.26 , 0.73 , 1.39 , 0.26 , 2 , 4 , 0 , 0 , 250 , 1833 ,
Taylor Rogers , 51 , 66 , 8 , 3.88 , 0.83 , 1.2 , 0.25 , 1 , 4 , 11 , 6 , 251 , 1831 ,
Shawn Armstrong , 52 , 55 , 7 , 3.12 , 1.21 , 1.13 , 0.3 , 1 , 5 , 0 , 0 , 252 , 1821 ,
Ben Lively , 88 , 77 , 11 , 5.22 , 1.02 , 1.36 , 0.3 , 2 , 4 , 0 , 0 , 253 , 1821 ,
Jordan Hicks , 65 , 75 , 8 , 3.88 , 0.73 , 1.32 , 0.31 , 1 , 4 , 0 , 0 , 254 , 1812 ,
Dauri Moreta , 58 , 69 , 8 , 4.19 , 0.81 , 1.1 , 0.38 , 1 , 4 , 0 , 0 , 255 , 1808 ,
Trevor Richards , 72 , 93 , 16 , 4.75 , 1.38 , 1.32 , 0.25 , 1 , 4 , 0 , 0 , 256 , 1806 ,
Kyle Nelson , 56 , 59 , 7 , 3.38 , 0.74 , 1.2 , 0.24 , 1 , 4 , 0 , 0 , 256 , 1806 ,
Robert Stephenson , 52 , 65 , 8 , 3.63 , 0.79 , 1.08 , 0.28 , 1 , 4 , 0 , 0 , 258 , 1805 ,
Chris Flexen , 102 , 72 , 8 , 5.21 , 1.24 , 1.46 , 0.23 , 3 , 4 , 0 , 0 , 259 , 1804 ,
Seranthony Dominguez , 50 , 51 , 7 , 3.42 , 0.78 , 1.24 , 0.26 , 1 , 4 , 22 , 9 , 260 , 1803 ,
Jose Cisnero , 59 , 63 , 7 , 3.81 , 1.07 , 1.39 , 0.28 , 1 , 4 , 10 , 6 , 260 , 1803 ,
Ryan Brasier , 59 , 60 , 8 , 3.97 , 0.78 , 1.14 , 0.22 , 1 , 4 , 0 , 0 , 262 , 1800 ,
Julian Merryweather , 72 , 82 , 15 , 4.62 , 0.76 , 1.33 , 0.22 , 1 , 4 , 0 , 0 , 263 , 1797 ,
Wandy Peralta , 54 , 48 , 6 , 3.0 , 1.17 , 1.17 , 0.28 , 1 , 4 , 0 , 0 , 264 , 1796 ,
Matt Moore , 52 , 57 , 7 , 2.94 , 0.71 , 1.19 , 0.25 , 1 , 4 , 0 , 0 , 265 , 1794 ,
Steven Wilson , 53 , 54 , 7 , 3.4 , 0.76 , 1.11 , 0.35 , 1 , 4 , 0 , 0 , 266 , 1793 ,
Justin Lawrence , 75 , 79 , 11 , 4.44 , 0.73 , 1.4 , 0.25 , 1 , 4 , 0 , 0 , 267 , 1786 ,
Shelby Miller , 42 , 42 , 6 , 1.71 , 1.29 , 0.88 , 0.59 , 1 , 13 , 0 , 0 , 268 , 1785 ,
Bailey Falter , 80 , 66 , 8 , 4.84 , 0.74 , 1.31 , 0.32 , 1 , 4 , 0 , 0 , 269 , 1778 ,
Danny Coulombe , 51 , 55 , 7 , 3.18 , 1.41 , 1.14 , 0.28 , 1 , 10 , 0 , 0 , 270 , 1773 ,
James Karinchak , 39 , 56 , 8 , 3.0 , 0.92 , 1.18 , 0.38 , 0 , 6 , 10 , 6 , 271 , 1770 ,
Peter Lambert , 87 , 70 , 8 , 5.17 , 0.93 , 1.38 , 0.24 , 2 , 4 , 0 , 0 , 272 , 1767 ,
Phil Bickford , 67 , 75 , 8 , 4.43 , 0.77 , 1.28 , 0.23 , 1 , 4 , 0 , 0 , 273 , 1765 ,
Gregory Soto , 60 , 63 , 7 , 3.9 , 0.76 , 1.23 , 0.26 , 1 , 4 , 0 , 0 , 274 , 1739 ,
Adam Wainwright , 101 , 70 , 23 , 5.44 , 0.7 , 1.53 , 0.22 , 2 , 4 , 0 , 0 , 275 , 1736 ,
Carlos Carrasco , 90 , 78 , 8 , 5.4 , 0.73 , 1.49 , 0.21 , 2 , 4 , 0 , 0 , 275 , 1736 ,
Brandon Bielak , 80 , 64 , 8 , 4.28 , 0.9 , 1.48 , 0.29 , 2 , 4 , 0 , 0 , 277 , 1733 ,
Will Smith , 57 , 60 , 7 , 3.95 , 0.79 , 1.16 , 0.23 , 1 , 4 , 0 , 0 , 278 , 1732 ,
Julio Teheran , 71 , 50 , 10 , 4.82 , 2.15 , 1.18 , 0.33 , 1 , 13 , 0 , 0 , 279 , 1727 ,
Tanner Banks , 61 , 53 , 7 , 3.98 , 0.77 , 1.2 , 0.23 , 1 , 4 , 0 , 0 , 280 , 1724 ,
Noah Syndergaard , 88 , 59 , 7 , 5.32 , 1.23 , 1.35 , 0.32 , 2 , 4 , 0 , 0 , 281 , 1713 ,
Drew Rasmussen , 44 , 43 , 6 , 2.66 , 0.74 , 1.05 , 0.25 , 1 , 4 , 0 , 0 , 282 , 1712 ,
Drew Smith , 56 , 59 , 7 , 3.54 , 0.75 , 1.25 , 0.25 , 1 , 4 , 0 , 0 , 283 , 1708 ,
Cionel Perez , 53 , 48 , 6 , 3.4 , 1.02 , 1.38 , 0.47 , 1 , 4 , 10 , 6 , 284 , 1703 ,
Miguel Castro , 64 , 66 , 8 , 4.08 , 0.76 , 1.31 , 0.23 , 1 , 4 , 0 , 0 , 285 , 1700 ,
Chase Anderson , 86 , 73 , 15 , 5.76 , 1.36 , 1.41 , 0.21 , 1 , 4 , 0 , 0 , 286 , 1693 ,
Matthew Boyd , 71 , 70 , 8 , 5.07 , 1.27 , 1.3 , 0.22 , 1 , 4 , 0 , 0 , 287 , 1692 ,
Alex Vesia , 49 , 66 , 8 , 3.31 , 0.78 , 1.2 , 0.26 , 1 , 4 , 0 , 0 , 288 , 1689 ,
Jeff Hoffman , 52 , 61 , 7 , 3.46 , 0.77 , 1.21 , 0.25 , 1 , 4 , 0 , 0 , 289 , 1688 ,
Tommy Kahnle , 40 , 47 , 6 , 2.48 , 0.75 , 1.05 , 0.42 , 0 , 4 , 0 , 0 , 290 , 1682 ,
Dylan Floro , 56 , 54 , 7 , 4.02 , 0.8 , 1.36 , 0.32 , 1 , 4 , 21 , 9 , 291 , 1681 ,
Collin McHugh , 58 , 54 , 7 , 3.57 , 1.24 , 1.28 , 0.26 , 1 , 4 , 0 , 0 , 292 , 1681 ,
Dustin May , 48 , 38 , 6 , 3.19 , 0.77 , 1.04 , 0.38 , 1 , 4 , 0 , 0 , 293 , 1680 ,
Ryan Pepiot , 42 , 43 , 8 , 2.79 , 0.86 , 1.02 , 0.36 , 0 , 4 , 0 , 0 , 294 , 1677 ,
Ryne Stanek , 50 , 53 , 7 , 3.06 , 0.74 , 1.22 , 0.26 , 1 , 4 , 0 , 0 , 295 , 1659 ,
Jose Alvarado , 41 , 61 , 7 , 2.63 , 0.76 , 1.17 , 0.3 , 0 , 4 , 0 , 0 , 296 , 1651 ,
Jose Cuas , 65 , 65 , 9 , 3.74 , 0.72 , 1.51 , 0.41 , 1 , 4 , 0 , 0 , 297 , 1646 ,
Bowden Francis , 36 , 35 , 6 , 1.75 , 1.25 , 0.83 , 0.36 , 0 , 19 , 0 , 0 , 298 , 1634 ,
Ron Marinaccio , 47 , 58 , 7 , 3.26 , 0.79 , 1.19 , 0.26 , 1 , 4 , 0 , 0 , 299 , 1631 ,
Carlos Rodon , 64 , 73 , 8 , 4.92 , 0.83 , 1.27 , 0.28 , 1 , 4 , 0 , 0 , 299 , 1631 ,
Jose Urquidy , 63 , 47 , 6 , 4.29 , 0.78 , 1.24 , 0.24 , 1 , 4 , 0 , 0 , 301 , 1620 ,
Brennan Bernardino , 50 , 59 , 7 , 3.24 , 0.76 , 1.28 , 0.28 , 1 , 4 , 0 , 0 , 302 , 1595 ,
Colin Holderman , 56 , 54 , 7 , 3.86 , 0.79 , 1.25 , 0.31 , 1 , 4 , 0 , 0 , 303 , 1593 ,
Emmet Sheehan , 60 , 62 , 12 , 4.65 , 1.65 , 1.2 , 0.4 , 1 , 9 , 0 , 0 , 304 , 1590 ,
Yonny Chirinos , 85 , 53 , 7 , 5.4 , 0.76 , 1.4 , 0.32 , 1 , 4 , 0 , 0 , 305 , 1588 ,
Austin Pruitt , 48 , 32 , 8 , 3.38 , 0.8 , 1.08 , 0.24 , 1 , 4 , 0 , 0 , 306 , 1587 ,
Andre Jackson , 61 , 57 , 7 , 4.72 , 1.48 , 1.2 , 0.31 , 1 , 6 , 0 , 0 , 307 , 1582 ,
Zach Davies , 82 , 69 , 10 , 5.71 , 0.79 , 1.5 , 0.25 , 1 , 4 , 0 , 0 , 308 , 1578 ,
Jorge Lopez , 59 , 52 , 7 , 4.73 , 0.85 , 1.36 , 0.25 , 1 , 4 , 21 , 9 , 309 , 1572 ,
Dakota Hudson , 81 , 48 , 14 , 4.78 , 1.22 , 1.44 , 0.28 , 1 , 4 , 0 , 0 , 310 , 1566 ,
Aaron Bummer , 58 , 72 , 9 , 4.81 , 0.86 , 1.45 , 0.32 , 1 , 4 , 9 , 6 , 311 , 1565 ,
Jesse Scholtens , 85 , 57 , 7 , 5.29 , 0.75 , 1.51 , 0.22 , 1 , 4 , 0 , 0 , 312 , 1559 ,
Trevor Gott , 58 , 60 , 7 , 4.19 , 0.81 , 1.28 , 0.25 , 1 , 4 , 0 , 0 , 313 , 1553 ,
Jordan Weems , 54 , 59 , 7 , 4.17 , 0.83 , 1.2 , 0.31 , 1 , 4 , 0 , 0 , 314 , 1551 ,
Daniel Bard , 49 , 52 , 7 , 3.67 , 0.82 , 1.41 , 0.5 , 0 , 4 , 20 , 8 , 315 , 1544 ,
Mike Baumann , 64 , 54 , 7 , 4.22 , 0.77 , 1.38 , 0.24 , 1 , 4 , 0 , 0 , 316 , 1537 ,
Huascar Brazoban , 58 , 68 , 8 , 3.88 , 1.09 , 1.43 , 0.32 , 1 , 4 , 0 , 0 , 317 , 1535 ,
Shintaro Fujinami , 79 , 81 , 12 , 7.06 , 0.9 , 1.49 , 0.37 , 1 , 4 , 0 , 0 , 318 , 1529 ,
Alex Faedo , 64 , 56 , 7 , 4.78 , 0.82 , 1.28 , 0.33 , 1 , 4 , 0 , 0 , 319 , 1525 ,
Alec Marsh , 74 , 81 , 22 , 5.84 , 1.34 , 1.57 , 0.24 , 1 , 4 , 0 , 0 , 320 , 1517 ,
Jacob deGrom , 30 , 45 , 6 , 2.4 , 0.85 , 0.73 , 0.54 , 0 , 10 , 0 , 0 , 321 , 1515 ,
Andrew Chafin , 51 , 60 , 7 , 3.71 , 0.81 , 1.27 , 0.26 , 1 , 4 , 0 , 0 , 322 , 1514 ,
John Schreiber , 46 , 52 , 7 , 3.33 , 0.81 , 1.24 , 0.27 , 0 , 4 , 0 , 0 , 323 , 1512 ,
Bryan Hoeing , 70 , 53 , 7 , 5.27 , 1.16 , 1.34 , 0.23 , 1 , 4 , 0 , 0 , 324 , 1501 ,
Andre Pallante , 68 , 44 , 6 , 4.24 , 0.79 , 1.46 , 0.33 , 1 , 4 , 0 , 0 , 325 , 1497 ,
Connor Seabold , 87 , 65 , 12 , 7.14 , 2.79 , 1.61 , 0.27 , 1 , 15 , 0 , 0 , 326 , 1490 ,
Pedro Avila , 50 , 52 , 11 , 3.24 , 0.76 , 1.34 , 0.3 , 1 , 4 , 0 , 0 , 327 , 1488 ,
Jesse Chavez , 34 , 37 , 6 , 2.38 , 0.79 , 1.12 , 0.3 , 0 , 5 , 0 , 0 , 328 , 1477 ,
Sam Hentges , 52 , 56 , 7 , 3.81 , 1.56 , 1.29 , 0.31 , 1 , 12 , 0 , 0 , 329 , 1476 ,
Derek Law , 55 , 46 , 8 , 3.6 , 0.77 , 1.36 , 0.26 , 1 , 4 , 0 , 0 , 330 , 1475 ,
Jake Diekman , 56 , 69 , 8 , 4.02 , 0.8 , 1.41 , 0.26 , 1 , 4 , 0 , 0 , 330 , 1475 ,
Jacob Webb , 53 , 54 , 7 , 3.74 , 0.8 , 1.32 , 0.26 , 1 , 4 , 0 , 0 , 332 , 1474 ,
Brock Stewart , 27 , 39 , 6 , 1.0 , 3.0 , 1.04 , 0.34 , 0 , 355 , 0 , 0 , 333 , 1472 ,
Genesis Cabrera , 55 , 52 , 7 , 4.09 , 0.82 , 1.27 , 0.33 , 1 , 4 , 0 , 0 , 334 , 1467 ,
Trevor May , 46 , 47 , 6 , 3.91 , 0.87 , 1.35 , 0.28 , 0 , 4 , 19 , 8 , 335 , 1465 ,
Joey Lucchesi , 46 , 36 , 6 , 3.13 , 0.78 , 1.24 , 0.29 , 0 , 4 , 0 , 0 , 336 , 1465 ,
Michael Grove , 69 , 66 , 8 , 5.35 , 0.91 , 1.45 , 0.31 , 1 , 4 , 0 , 0 , 337 , 1458 ,
Albert Abreu , 59 , 58 , 7 , 4.12 , 0.79 , 1.41 , 0.26 , 1 , 4 , 0 , 0 , 338 , 1453 ,
Keynan Middleton , 50 , 58 , 7 , 3.78 , 0.82 , 1.28 , 0.35 , 0 , 4 , 0 , 0 , 339 , 1448 ,
Ryan Borucki , 40 , 32 , 5 , 3.6 , 0.9 , 1.0 , 0.43 , 0 , 5 , 0 , 0 , 340 , 1442 ,
Robert Suarez , 27 , 28 , 5 , 3.33 , 1.05 , 1.0 , 0.48 , 0 , 27 , 9 , 6 , 341 , 1440 ,
George Soriano , 52 , 51 , 7 , 3.81 , 0.81 , 1.29 , 0.26 , 1 , 4 , 0 , 0 , 341 , 1440 ,
Carlos Hernandez , 70 , 64 , 8 , 5.53 , 0.84 , 1.47 , 0.28 , 1 , 4 , 0 , 0 , 343 , 1430 ,
Abner Uribe , 30 , 39 , 6 , 1.8 , 1.2 , 1.13 , 0.67 , 0 , 29 , 0 , 0 , 344 , 1425 ,
Michael Fulmer , 57 , 60 , 7 , 4.26 , 0.82 , 1.37 , 0.32 , 1 , 4 , 0 , 0 , 345 , 1419 ,
Will Vest , 48 , 51 , 7 , 3.75 , 0.84 , 1.25 , 0.28 , 0 , 4 , 0 , 0 , 346 , 1416 ,
Bryan Baker , 45 , 50 , 7 , 3.6 , 1.0 , 1.24 , 0.29 , 0 , 5 , 0 , 0 , 347 , 1415 ,
Nick Anderson , 35 , 35 , 5 , 3.09 , 1.29 , 1.11 , 0.29 , 0 , 23 , 0 , 0 , 348 , 1410 ,
Nick Ramirez , 40 , 28 , 5 , 2.7 , 0.78 , 1.2 , 0.5 , 0 , 4 , 0 , 0 , 349 , 1407 ,
Jay Jackson , 29 , 27 , 7 , 2.17 , 0.82 , 0.86 , 0.33 , 0 , 10 , 0 , 0 , 350 , 1406 ,
Ty Blach , 78 , 50 , 7 , 5.65 , 0.81 , 1.54 , 0.25 , 1 , 4 , 0 , 0 , 351 , 1401 ,
Josh Sborz , 52 , 64 , 8 , 4.85 , 1.9 , 1.19 , 0.25 , 0 , 23 , 0 , 0 , 351 , 1401 ,
Yency Almonte , 48 , 46 , 6 , 3.94 , 0.86 , 1.21 , 0.26 , 0 , 4 , 0 , 0 , 353 , 1396 ,
Roansy Contreras , 68 , 58 , 9 , 5.56 , 0.86 , 1.46 , 0.25 , 1 , 4 , 0 , 0 , 354 , 1366 ,
Kyle Muller , 77 , 62 , 10 , 6.9 , 0.9 , 1.81 , 0.25 , 1 , 4 , 0 , 0 , 355 , 1363 ,
JT Chargois , 42 , 37 , 6 , 3.43 , 0.86 , 1.21 , 0.28 , 0 , 4 , 0 , 0 , 356 , 1361 ,
JoJo Romero , 36 , 42 , 6 , 3.75 , 0.97 , 1.06 , 0.39 , 0 , 9 , 0 , 0 , 357 , 1355 ,
Andrew Wantz , 39 , 38 , 6 , 3.69 , 0.92 , 1.13 , 0.28 , 0 , 6 , 0 , 0 , 358 , 1352 ,
Cody Bradford , 56 , 49 , 8 , 5.14 , 0.91 , 1.21 , 0.35 , 0 , 4 , 0 , 0 , 359 , 1346 ,
Dominic Leone , 54 , 54 , 7 , 4.0 , 0.82 , 1.41 , 0.31 , 1 , 4 , 0 , 0 , 360 , 1343 ,
Hyun-Jin Ryu , 52 , 38 , 6 , 4.15 , 0.85 , 1.27 , 0.3 , 0 , 4 , 0 , 0 , 361 , 1321 ,
Andrew Vasquez , 48 , 43 , 6 , 3.38 , 0.8 , 1.4 , 0.37 , 1 , 4 , 0 , 0 , 362 , 1320 ,
Caleb Thielbar , 30 , 37 , 6 , 3.3 , 0.99 , 1.03 , 0.31 , 0 , 17 , 0 , 0 , 363 , 1319 ,
John Brebbia , 38 , 40 , 6 , 3.55 , 0.92 , 1.18 , 0.29 , 0 , 6 , 0 , 0 , 364 , 1313 ,
Keaton Winn , 42 , 34 , 5 , 4.29 , 2.14 , 1.02 , 0.28 , 0 , 56 , 0 , 0 , 365 , 1310 ,
Carmen Mlodzinski , 36 , 33 , 5 , 2.5 , 2.25 , 1.28 , 0.3 , 0 , 93 , 0 , 0 , 366 , 1309 ,
Alex Young , 53 , 47 , 6 , 3.91 , 0.81 , 1.42 , 0.33 , 1 , 4 , 0 , 0 , 367 , 1306 ,
Chris Devenski , 42 , 42 , 6 , 4.29 , 0.96 , 1.1 , 0.26 , 0 , 5 , 0 , 0 , 368 , 1304 ,
Jose Soriano , 42 , 54 , 8 , 3.64 , 1.29 , 1.31 , 0.29 , 0 , 13 , 0 , 0 , 369 , 1301 ,
Angel Perdomo , 29 , 43 , 6 , 3.41 , 1.55 , 1.03 , 0.31 , 0 , 63 , 0 , 0 , 370 , 1300 ,
Joe Mantiply , 39 , 33 , 5 , 3.69 , 0.92 , 1.15 , 0.29 , 0 , 6 , 0 , 0 , 371 , 1298 ,
Randy Vasquez , 37 , 33 , 5 , 2.92 , 1.22 , 1.27 , 0.3 , 0 , 17 , 0 , 0 , 372 , 1291 ,
Drew VerHagen , 61 , 56 , 7 , 4.87 , 0.85 , 1.48 , 0.26 , 1 , 4 , 0 , 0 , 373 , 1278 ,
Taylor Clarke , 59 , 60 , 7 , 5.03 , 0.88 , 1.42 , 0.25 , 1 , 4 , 0 , 0 , 374 , 1269 ,
Peter Strzelecki , 37 , 39 , 6 , 3.65 , 0.94 , 1.19 , 0.32 , 0 , 7 , 0 , 0 , 375 , 1267 ,
Brad Hand , 53 , 53 , 7 , 4.42 , 0.87 , 1.36 , 0.26 , 0 , 4 , 0 , 0 , 376 , 1259 ,
Erasmo Ramirez , 60 , 43 , 6 , 5.1 , 0.87 , 1.35 , 0.36 , 1 , 4 , 0 , 0 , 377 , 1252 ,
Tayler Saucedo , 47 , 41 , 6 , 3.83 , 0.86 , 1.32 , 0.34 , 0 , 4 , 0 , 0 , 378 , 1245 ,
Jimmy Herget , 29 , 26 , 5 , 3.72 , 1.08 , 1.17 , 0.34 , 0 , 24 , 8 , 5 , 379 , 1243 ,
Lucas Erceg , 55 , 67 , 8 , 4.58 , 0.87 , 1.53 , 0.63 , 1 , 4 , 0 , 0 , 380 , 1239 ,
Jose Butto , 42 , 38 , 6 , 3.64 , 0.88 , 1.29 , 0.29 , 0 , 4 , 0 , 0 , 381 , 1236 ,
Johnny Cueto , 52 , 39 , 6 , 4.67 , 0.9 , 1.25 , 0.32 , 0 , 4 , 0 , 0 , 382 , 1233 ,
James Kaprielian , 61 , 54 , 7 , 5.31 , 0.89 , 1.44 , 0.27 , 1 , 4 , 0 , 0 , 383 , 1231 ,
Joe Kelly , 39 , 55 , 7 , 4.15 , 1.85 , 1.23 , 0.37 , 0 , 46 , 0 , 0 , 384 , 1221 ,
Mason Miller , 33 , 38 , 6 , 3.55 , 0.98 , 1.18 , 0.35 , 0 , 12 , 0 , 0 , 385 , 1210 ,
Andres Machado , 50 , 41 , 6 , 4.32 , 0.88 , 1.3 , 0.27 , 0 , 4 , 0 , 0 , 386 , 1201 ,
Jose Hernandez , 50 , 62 , 7 , 4.68 , 1.8 , 1.34 , 0.29 , 0 , 22 , 0 , 0 , 387 , 1201 ,
Ronel Blanco , 52 , 51 , 7 , 4.33 , 0.87 , 1.4 , 0.39 , 0 , 4 , 0 , 0 , 388 , 1199 ,
Tyler Alexander , 44 , 37 , 6 , 4.3 , 0.94 , 1.2 , 0.38 , 0 , 4 , 0 , 0 , 389 , 1198 ,
Trent Thornton , 31 , 26 , 5 , 3.19 , 0.96 , 1.16 , 0.31 , 0 , 14 , 0 , 0 , 390 , 1194 ,
Jovani Moran , 42 , 51 , 7 , 4.07 , 0.93 , 1.29 , 0.34 , 0 , 5 , 0 , 0 , 391 , 1188 ,
Seth Martinez , 43 , 44 , 6 , 3.98 , 0.91 , 1.3 , 0.28 , 0 , 4 , 0 , 0 , 392 , 1183 ,
Luke Jackson , 33 , 39 , 6 , 3.27 , 1.09 , 1.27 , 0.33 , 0 , 17 , 0 , 0 , 393 , 1175 ,
Isaiah Campbell , 28 , 33 , 5 , 2.89 , 1.29 , 1.21 , 0.33 , 0 , 42 , 0 , 0 , 394 , 1173 ,
Drey Jameson , 40 , 37 , 6 , 3.38 , 0.87 , 1.38 , 0.36 , 0 , 4 , 0 , 0 , 395 , 1170 ,
Ryan Thompson , 30 , 25 , 5 , 3.6 , 1.04 , 1.07 , 0.3 , 0 , 19 , 0 , 0 , 396 , 1161 ,
Robert Garcia , 32 , 32 , 5 , 3.66 , 1.01 , 1.16 , 0.31 , 0 , 15 , 0 , 0 , 397 , 1160 ,
Kyle Harrison , 34 , 34 , 5 , 3.97 , 1.03 , 1.15 , 0.48 , 0 , 13 , 0 , 0 , 398 , 1151 ,
Hogan Harris , 63 , 56 , 7 , 7.0 , 1.0 , 1.49 , 0.28 , 0 , 4 , 0 , 0 , 399 , 1150 ,
Carl Edwards Jr. , 31 , 25 , 5 , 3.48 , 1.45 , 1.35 , 0.38 , 0 , 45 , 8 , 5 , 400 , 1137 ,
Mason Thompson , 54 , 41 , 6 , 4.5 , 0.87 , 1.43 , 0.32 , 0 , 4 , 0 , 0 , 401 , 1135 ,
Chase Silseth , 52 , 51 , 7 , 4.85 , 0.92 , 1.37 , 0.27 , 0 , 4 , 0 , 0 , 402 , 1132 ,
Victor Gonzalez , 33 , 30 , 5 , 3.82 , 1.02 , 1.15 , 0.34 , 0 , 14 , 0 , 0 , 403 , 1126 ,
Matthew Liberatore , 61 , 46 , 9 , 5.61 , 0.91 , 1.57 , 0.34 , 1 , 4 , 0 , 0 , 404 , 1104 ,
Brent Honeywell , 52 , 44 , 6 , 4.67 , 0.9 , 1.4 , 0.32 , 0 , 4 , 0 , 0 , 405 , 1097 ,
Jeff Brigham , 37 , 43 , 6 , 4.38 , 1.03 , 1.22 , 0.38 , 0 , 10 , 0 , 0 , 406 , 1084 ,
Jimmy Cordero , 32 , 32 , 5 , 3.94 , 1.05 , 1.16 , 0.35 , 0 , 17 , 0 , 0 , 407 , 1081 ,
Bryan Shaw , 45 , 39 , 6 , 4.4 , 0.94 , 1.31 , 0.28 , 0 , 4 , 0 , 0 , 408 , 1080 ,
Adrian Martinez , 55 , 48 , 6 , 5.24 , 0.93 , 1.44 , 0.28 , 0 , 4 , 0 , 0 , 409 , 1078 ,
Nate Pearson , 42 , 42 , 6 , 4.5 , 1.5 , 1.26 , 0.32 , 0 , 21 , 0 , 0 , 410 , 1075 ,
Tyler Mahle , 25 , 27 , 5 , 3.6 , 1.14 , 1.08 , 0.34 , 0 , 41 , 0 , 0 , 411 , 1067 ,
Luis Garcia , 27 , 30 , 5 , 3.67 , 1.11 , 1.15 , 0.33 , 0 , 31 , 0 , 0 , 412 , 1045 ,
Daniel Lynch , 52 , 40 , 8 , 4.85 , 0.92 , 1.4 , 0.27 , 0 , 4 , 0 , 0 , 413 , 1043 ,
Marco Gonzales , 50 , 33 , 5 , 4.68 , 0.92 , 1.34 , 0.26 , 0 , 4 , 0 , 0 , 414 , 1041 ,
Matt Waldron , 41 , 31 , 5 , 4.39 , 0.98 , 1.24 , 0.38 , 0 , 6 , 0 , 0 , 415 , 1039 ,
Corey Kluber , 55 , 46 , 6 , 5.56 , 0.95 , 1.44 , 0.35 , 0 , 4 , 0 , 0 , 416 , 1035 ,
Beau Brieske , 35 , 28 , 5 , 3.86 , 1.0 , 1.26 , 0.31 , 0 , 11 , 0 , 0 , 417 , 1034 ,
Dylan Covey , 43 , 30 , 7 , 3.77 , 1.26 , 1.44 , 0.33 , 0 , 12 , 0 , 0 , 418 , 1025 ,
Jalen Beeks , 42 , 46 , 6 , 4.5 , 0.98 , 1.33 , 0.31 , 0 , 5 , 0 , 0 , 419 , 1018 ,
Mason Englert , 56 , 40 , 6 , 5.46 , 0.94 , 1.48 , 0.3 , 0 , 4 , 0 , 0 , 420 , 1004 ,
Angel Zerpa , 42 , 35 , 5 , 4.71 , 1.01 , 1.26 , 0.42 , 0 , 6 , 0 , 0 , 421 , 1000 ,
Chasen Shreve , 44 , 45 , 6 , 4.91 , 1.0 , 1.32 , 0.29 , 0 , 5 , 0 , 0 , 422 , 992 ,
Slade Cecconi , 27 , 20 , 4 , 4.0 , 1.33 , 1.07 , 0.39 , 0 , 51 , 0 , 0 , 423 , 976 ,
Ryan Weathers , 57 , 45 , 13 , 6.32 , 1.0 , 1.58 , 0.28 , 0 , 4 , 0 , 0 , 424 , 975 ,
Chris Murphy , 47 , 49 , 7 , 4.98 , 0.98 , 1.43 , 0.28 , 0 , 4 , 0 , 0 , 425 , 959 ,
Vince Velasquez , 37 , 37 , 6 , 4.38 , 1.03 , 1.3 , 0.31 , 0 , 10 , 0 , 0 , 426 , 950 ,
Yohan Ramirez , 38 , 36 , 6 , 4.26 , 1.0 , 1.34 , 0.31 , 0 , 8 , 0 , 0 , 427 , 942 ,
Austin Cox , 35 , 32 , 5 , 4.37 , 1.06 , 1.26 , 0.35 , 0 , 13 , 0 , 0 , 428 , 937 ,
AJ Smith-Shawver , 25 , 20 , 4 , 3.96 , 1.19 , 1.12 , 0.81 , 0 , 47 , 0 , 0 , 429 , 924 ,
Hunter Gaddis , 42 , 26 , 15 , 4.5 , 0.98 , 1.31 , 0.29 , 0 , 5 , 0 , 0 , 430 , 923 ,
Sammy Long , 45 , 34 , 5 , 4.8 , 0.98 , 1.38 , 0.33 , 0 , 4 , 0 , 0 , 431 , 917 ,
Scott Alexander , 48 , 31 , 5 , 4.88 , 1.31 , 1.4 , 0.48 , 0 , 9 , 0 , 0 , 432 , 910 ,
Connor Brogdon , 29 , 27 , 5 , 3.72 , 1.08 , 1.28 , 0.34 , 0 , 24 , 0 , 0 , 433 , 905 ,
Aaron Loup , 48 , 44 , 6 , 4.88 , 2.25 , 1.52 , 0.34 , 0 , 45 , 0 , 0 , 434 , 904 ,
Ray Kerr , 27 , 34 , 5 , 4.0 , 1.15 , 1.22 , 0.35 , 0 , 35 , 0 , 0 , 435 , 903 ,
Eric Lauer , 46 , 44 , 6 , 5.09 , 1.0 , 1.43 , 0.33 , 0 , 4 , 0 , 0 , 436 , 897 ,
Michael Rucker , 40 , 39 , 6 , 4.72 , 1.03 , 1.35 , 0.3 , 0 , 8 , 0 , 0 , 437 , 891 ,
Jake Woodford , 47 , 29 , 9 , 4.6 , 0.94 , 1.45 , 0.28 , 0 , 4 , 0 , 0 , 438 , 887 ,
Osvaldo Bido , 50 , 49 , 7 , 5.76 , 1.08 , 1.5 , 0.29 , 0 , 4 , 0 , 0 , 439 , 886 ,
John King , 37 , 22 , 4 , 3.89 , 2.19 , 1.41 , 0.36 , 0 , 81 , 0 , 0 , 440 , 870 ,
Tim Hill , 44 , 28 , 8 , 4.5 , 0.96 , 1.43 , 0.32 , 0 , 4 , 0 , 0 , 441 , 864 ,
Brendan White , 40 , 43 , 6 , 4.95 , 1.06 , 1.38 , 0.32 , 0 , 8 , 0 , 0 , 442 , 861 ,
Matt Koch , 38 , 27 , 5 , 4.97 , 1.09 , 1.26 , 0.37 , 0 , 11 , 0 , 0 , 443 , 851 ,
Josh Fleming , 51 , 33 , 8 , 5.29 , 1.59 , 1.57 , 0.28 , 0 , 14 , 0 , 0 , 444 , 846 ,
Jared Shuster , 52 , 31 , 7 , 5.71 , 0.99 , 1.5 , 0.49 , 0 , 4 , 0 , 0 , 445 , 837 ,
Tucker Davidson , 51 , 43 , 16 , 6.0 , 1.03 , 1.61 , 0.3 , 0 , 4 , 0 , 0 , 445 , 837 ,
Kenny Rosenberg , 33 , 28 , 5 , 3.82 , 1.09 , 1.42 , 0.34 , 0 , 17 , 0 , 0 , 447 , 827 ,
Daniel Duarte , 31 , 24 , 8 , 3.77 , 1.05 , 1.35 , 0.37 , 0 , 18 , 0 , 0 , 448 , 825 ,
Brad Keller , 45 , 33 , 8 , 4.6 , 0.96 , 1.62 , 0.58 , 0 , 4 , 0 , 0 , 449 , 824 ,
Jose Ruiz , 44 , 43 , 6 , 5.11 , 1.02 , 1.48 , 0.3 , 0 , 5 , 0 , 0 , 450 , 823 ,
Joan Adon , 51 , 46 , 6 , 6.71 , 1.09 , 1.67 , 0.39 , 0 , 4 , 0 , 0 , 451 , 812 ,
Joe LaSorsa , 32 , 27 , 5 , 4.5 , 1.12 , 1.25 , 0.32 , 0 , 20 , 0 , 0 , 452 , 808 ,
Josh Winder , 34 , 26 , 5 , 4.24 , 1.06 , 1.35 , 0.32 , 0 , 14 , 0 , 0 , 453 , 796 ,
Luis Frias , 31 , 26 , 5 , 3.77 , 1.05 , 1.42 , 0.41 , 0 , 18 , 0 , 0 , 454 , 782 ,
Jordan Wicks , 34 , 24 , 5 , 4.5 , 1.09 , 1.29 , 0.32 , 0 , 15 , 0 , 0 , 455 , 779 ,
Daniel Palencia , 28 , 33 , 5 , 4.5 , 1.2 , 1.25 , 0.43 , 0 , 35 , 0 , 0 , 456 , 778 ,
Grant Hartwig , 35 , 29 , 5 , 4.63 , 1.09 , 1.34 , 0.36 , 0 , 14 , 0 , 0 , 457 , 768 ,
Jimmy Lambert , 37 , 38 , 6 , 4.62 , 1.46 , 1.51 , 0.34 , 0 , 28 , 0 , 0 , 458 , 737 ,
Quinn Priester , 50 , 38 , 16 , 7.38 , 1.44 , 1.64 , 0.3 , 0 , 11 , 0 , 0 , 458 , 737 ,
Peyton Battenfield , 34 , 27 , 5 , 5.03 , 1.15 , 1.29 , 0.32 , 0 , 18 , 0 , 0 , 460 , 724 ,
Trevor Megill , 34 , 44 , 10 , 4.76 , 1.12 , 1.44 , 0.32 , 0 , 17 , 0 , 0 , 461 , 720 ,
Keegan Thompson , 28 , 26 , 5 , 4.18 , 1.16 , 1.32 , 0.4 , 0 , 32 , 0 , 0 , 462 , 715 ,
Mauricio Llovera , 35 , 28 , 5 , 4.63 , 1.09 , 1.4 , 0.36 , 0 , 14 , 0 , 0 , 463 , 708 ,
Yunior Marte , 39 , 37 , 6 , 5.08 , 1.08 , 1.51 , 0.32 , 0 , 10 , 0 , 0 , 464 , 699 ,
Ryan Feltner , 43 , 37 , 6 , 5.86 , 1.11 , 1.53 , 0.43 , 0 , 8 , 0 , 0 , 465 , 694 ,
Jose Urena , 44 , 30 , 10 , 5.93 , 1.1 , 1.57 , 0.31 , 0 , 7 , 0 , 0 , 466 , 659 ,
Nick Lodolo , 34 , 44 , 10 , 5.03 , 1.15 , 1.5 , 0.41 , 0 , 18 , 0 , 0 , 467 , 656 ,
Jonathan Hernandez , 31 , 31 , 5 , 4.35 , 1.12 , 1.45 , 0.35 , 0 , 22 , 0 , 0 , 468 , 649 ,
Allan Winans , 32 , 34 , 5 , 5.06 , 1.19 , 1.38 , 0.46 , 0 , 24 , 0 , 0 , 469 , 648 ,
Grant Anderson , 35 , 29 , 5 , 4.89 , 1.12 , 1.43 , 0.33 , 0 , 15 , 0 , 0 , 470 , 645 ,
Richard Bleier , 30 , 18 , 4 , 4.5 , 1.2 , 1.33 , 0.48 , 0 , 29 , 0 , 0 , 471 , 644 ,
Cory Abbott , 39 , 38 , 6 , 6.0 , 1.18 , 1.54 , 0.34 , 0 , 13 , 0 , 0 , 472 , 618 ,
Austin Voth , 34 , 32 , 5 , 5.03 , 1.15 , 1.47 , 0.34 , 0 , 18 , 0 , 0 , 473 , 603 ,
Thomas Hatch , 28 , 26 , 5 , 4.18 , 1.29 , 1.5 , 0.38 , 0 , 42 , 0 , 0 , 474 , 575 ,
Jose A. Ferrer , 34 , 24 , 4 , 5.03 , 1.15 , 1.44 , 0.33 , 0 , 18 , 0 , 0 , 475 , 569 ,
Justin Bruihl , 28 , 22 , 4 , 5.14 , 1.29 , 1.32 , 0.4 , 0 , 42 , 0 , 0 , 476 , 547 ,
Chad Kuhl , 38 , 32 , 5 , 6.63 , 1.25 , 1.68 , 0.44 , 0 , 17 , 0 , 0 , 477 , 529 ,
Gavin Hollowell , 33 , 31 , 5 , 6.0 , 1.28 , 1.45 , 0.51 , 0 , 27 , 0 , 0 , 478 , 510 ,
Kyle Wright , 31 , 31 , 5 , 5.23 , 1.23 , 1.48 , 0.37 , 0 , 29 , 0 , 0 , 479 , 505 ,
Thad Ward , 35 , 30 , 5 , 6.43 , 1.29 , 1.57 , 0.9 , 0 , 23 , 0 , 0 , 480 , 496 ,
Mike Soroka , 32 , 29 , 5 , 6.47 , 1.35 , 1.47 , 0.44 , 0 , 34 , 0 , 0 , 481 , 477 ,
Cooper Criswell , 33 , 26 , 7 , 5.45 , 1.22 , 1.52 , 0.34 , 0 , 23 , 0 , 0 , 482 , 474 ,
Dallas Keuchel , 37 , 25 , 5 , 6.57 , 1.26 , 1.68 , 0.34 , 0 , 19 , 0 , 0 , 483 , 469 ,
Drew Rom , 33 , 31 , 5 , 8.18 , 1.49 , 2.03 , 0.4 , 0 , 41 , 0 , 0 , 484 , 468 ,
Nick Wittgren , 29 , 19 , 4 , 5.28 , 1.28 , 1.41 , 0.4 , 0 , 38 , 0 , 0 , 485 , 460 ,
Jose Suarez , 33 , 29 , 5 , 6.27 , 1.31 , 1.61 , 0.36 , 0 , 28 , 0 , 0 , 486 , 450 ,
Spencer Turnbull , 31 , 25 , 5 , 5.81 , 1.3 , 1.45 , 0.35 , 0 , 33 , 0 , 0 , 487 , 449 ,
Dinelson Lamet , 27 , 33 , 8 , 8.0 , 3.33 , 1.78 , 0.49 , 0 , 449 , 0 , 0 , 488 , 445 ,
Karl Kauffmann , 35 , 17 , 11 , 7.71 , 3.6 , 1.6 , 0.38 , 0 , 299 , 0 , 0 , 489 , 441 ,
Tim Herrin , 27 , 31 , 5 , 5.33 , 1.33 , 1.48 , 0.38 , 0 , 51 , 0 , 0 , 490 , 434 ,
Brent Headrick , 25 , 28 , 9 , 6.48 , 1.53 , 1.44 , 0.4 , 0 , 88 , 0 , 0 , 491 , 432 ,
Mike Mayers , 26 , 22 , 4 , 5.19 , 1.34 , 1.42 , 0.38 , 0 , 57 , 0 , 0 , 492 , 425 ,
Gavin Stone , 31 , 22 , 7 , 8.71 , 1.59 , 1.87 , 0.41 , 0 , 57 , 0 , 0 , 493 , 421 ,
Noah Davis , 30 , 26 , 5 , 8.4 , 1.59 , 1.9 , 0.41 , 0 , 61 , 0 , 0 , 494 , 417 ,
Sean Hjelle , 29 , 31 , 5 , 5.9 , 1.55 , 1.62 , 0.45 , 0 , 63 , 0 , 0 , 495 , 402 ,
Dylan Dodd , 34 , 16 , 12 , 7.15 , 2.91 , 1.79 , 0.63 , 0 , 196 , 0 , 0 , 496 , 398 ,
Jackson Kowar , 28 , 28 , 5 , 7.07 , 1.51 , 1.86 , 0.55 , 0 , 64 , 0 , 0 , 497 , 382 ,
Casey Lawrence , 27 , 19 , 4 , 6.33 , 1.45 , 1.48 , 0.44 , 0 , 64 , 0 , 0 , 498 , 367 ,
Zach Neal , 27 , 25 , 5 , 6.67 , 1.49 , 1.56 , 0.42 , 0 , 68 , 0 , 0 , 499 , 362 ,
Joe Jacques , 26 , 19 , 4 , 5.19 , 1.34 , 1.54 , 0.44 , 0 , 57 , 0 , 0 , 500 , 353 ,
Andrew Suarez , 27 , 17 , 4 , 7.0 , 2.33 , 1.67 , 0.63 , 0 , 201 , 0 , 0 , 501 , 341 ,
Calvin Faucher , 25 , 25 , 5 , 6.48 , 1.53 , 1.64 , 0.42 , 0 , 88 , 0 , 0 , 502 , 340 ,
Stephen Nogosek , 25 , 24 , 4 , 5.76 , 1.44 , 1.6 , 0.42 , 0 , 76 , 0 , 0 , 503 , 325 ,
Luis Cessa , 26 , 16 , 9 , 6.58 , 1.51 , 1.69 , 0.42 , 0 , 77 , 0 , 0 , 504 , 314 ,
