Player,AB,R,HR,RBI,SB,AVG,OBP,H,2B,3B,BB,SO,SLG,OPS
Ronald Acuna Jr. (ATL - RF) IL60,574,126,37,98,52,0.313,0.396,180,33,2,79,106,0.572,0.968
Bobby Witt Jr. (KC - SS),611,98,29,91,41,0.277,0.323,169,33,7,41,122,0.496,0.819
"Julio Rodriguez (SEA - CF,DH)",604,100,32,94,33,0.28,0.335,169,34,3,51,157,0.501,0.837
"Mookie Betts (LAD - 2B,SS,RF)",576,113,33,97,13,0.282,0.372,162,36,2,83,107,0.527,0.899
"Kyle Tucker (HOU - DH,RF)",574,96,31,105,25,0.282,0.361,162,34,4,71,97,0.519,0.88
"Corbin Carroll (ARI - LF,CF,RF)",572,101,23,80,43,0.275,0.346,157,30,9,63,135,0.479,0.825
Fernando Tatis Jr. (SD - RF),582,102,35,97,28,0.274,0.344,159,33,2,63,146,0.518,0.862
Freddie Freeman (LAD - 1B),586,105,26,96,14,0.303,0.382,178,40,2,74,110,0.51,0.892
"Juan Soto (NYY - DH,LF,RF)",530,107,37,102,11,0.279,0.421,148,27,2,130,112,0.541,0.962
"Aaron Judge (NYY - CF,DH,LF,RF)",519,103,45,110,7,0.274,0.389,142,23,0,98,169,0.576,0.965
Trea Turner (PHI - SS),613,96,23,83,28,0.281,0.331,172,34,4,46,133,0.462,0.793
"Jose Ramirez (CLE - 3B,DH)",578,92,27,95,25,0.278,0.356,161,37,4,69,76,0.497,0.853
Matt Olson (ATL - 1B),566,101,40,113,1,0.265,0.364,150,29,1,87,148,0.535,0.899
"Yordan Alvarez (HOU - LF,DH)",508,97,38,107,1,0.297,0.39,151,31,2,77,117,0.59,0.98
"Bryce Harper (PHI - 1B,DH)",524,93,29,91,13,0.283,0.387,148,34,1,88,134,0.517,0.903
Austin Riley (ATL - 3B),595,98,36,105,2,0.278,0.341,165,32,2,57,160,0.522,0.863
"Rafael Devers (BOS - 3B,DH)",584,95,35,103,4,0.282,0.35,165,36,1,61,125,0.527,0.877
"Shohei Ohtani (LAD - DH,SP)",539,104,39,107,20,0.276,0.376,149,28,5,86,154,0.564,0.94
Ozzie Albies (ATL - 2B),588,94,28,93,13,0.273,0.326,161,33,4,46,109,0.484,0.809
Francisco Lindor (NYM - SS),583,92,27,87,21,0.253,0.325,147,28,2,62,127,0.446,0.771
Pete Alonso (NYM - 1B),566,89,40,109,4,0.248,0.327,141,24,1,66,139,0.507,0.834
Marcus Semien (TEX - 2B),610,100,27,85,15,0.264,0.332,161,34,3,62,112,0.462,0.794
"Corey Seager (TEX - DH,SS) IL60",519,88,30,91,2,0.295,0.364,153,34,1,57,96,0.539,0.903
"Vladimir Guerrero Jr. (TOR - 1B,3B,DH)",583,92,32,99,6,0.283,0.358,165,32,1,68,99,0.506,0.863
Michael Harris II (ATL - CF),556,85,22,80,23,0.285,0.327,158,35,3,34,121,0.475,0.801
Luis Robert Jr. (CWS - CF),569,85,32,90,19,0.268,0.31,152,33,1,35,160,0.498,0.808
"Gunnar Henderson (BAL - 3B,SS)",566,92,27,88,12,0.26,0.338,147,30,6,66,159,0.475,0.812
Bo Bichette (TOR - SS),601,86,23,87,11,0.291,0.332,175,35,2,37,127,0.471,0.803
"Elly De La Cruz (CIN - 3B,SS)",541,85,22,74,37,0.247,0.308,133,27,6,48,187,0.441,0.749
"Randy Arozarena (SEA - CF,DH,LF)",559,88,23,81,25,0.259,0.337,145,29,3,65,156,0.446,0.783
"Jose Altuve (HOU - 2B,DH)",554,97,24,76,14,0.275,0.348,152,30,1,63,101,0.466,0.815
"Adolis Garcia (TEX - CF,DH,RF)",564,86,32,94,13,0.242,0.303,136,28,2,49,178,0.466,0.769
"Manny Machado (SD - 3B,DH)",566,84,30,96,7,0.268,0.336,152,28,1,58,117,0.48,0.817
CJ Abrams (WSH - SS),569,81,16,63,38,0.254,0.292,144,30,4,31,115,0.405,0.698
"Mike Trout (LAA - CF,DH) IL60",492,86,34,88,3,0.262,0.357,129,25,2,72,160,0.525,0.882
"Royce Lewis (MIN - 3B,DH)",509,77,26,83,13,0.268,0.328,136,27,2,46,127,0.477,0.805
"Cody Bellinger (CHC - 1B,CF,DH,RF)",538,81,23,82,17,0.262,0.323,141,28,2,48,117,0.45,0.773
"Paul Goldschmidt (STL - 1B,DH)",571,89,26,86,8,0.267,0.355,153,30,1,78,150,0.459,0.814
"Jazz Chisholm Jr. (NYY - 3B,CF)",508,77,25,75,29,0.247,0.307,125,22,4,44,159,0.453,0.76
"Adley Rutschman (BAL - C,DH)",517,80,18,70,3,0.27,0.365,139,31,1,77,94,0.441,0.806
"Nolan Jones (COL - 1B,DH,LF,RF)",524,82,24,81,16,0.267,0.354,140,30,4,71,174,0.472,0.826
"Christian Yelich (MIL - LF,DH) IL60",545,89,18,70,22,0.26,0.357,142,28,2,83,147,0.421,0.778
"Oneil Cruz (PIT - CF,DH,SS)",523,81,24,73,22,0.247,0.317,129,24,4,54,161,0.444,0.762
Gleyber Torres (NYY - 2B),563,83,24,79,13,0.269,0.338,151,27,1,59,109,0.451,0.789
Alex Bregman (HOU - 3B),560,90,23,88,2,0.264,0.36,148,31,2,84,80,0.451,0.811
"Kyle Schwarber (PHI - LF,DH)",548,97,40,97,4,0.221,0.343,121,20,1,101,193,0.484,0.826
"Bryan Reynolds (PIT - CF,DH,LF,RF)",572,85,24,82,9,0.268,0.339,153,30,4,61,138,0.46,0.799
Christian Walker (ARI - 1B),565,81,28,92,6,0.253,0.327,143,30,2,62,129,0.46,0.787
"Nico Hoerner (CHC - 2B,SS)",578,80,10,64,32,0.28,0.331,162,27,4,45,78,0.392,0.724
J.T. Realmuto (PHI - C),464,66,19,68,14,0.255,0.311,118,24,3,38,125,0.443,0.754
Will Smith (LAD - C),442,70,21,75,2,0.261,0.345,115,23,2,56,88,0.465,0.809
Triston Casas (BOS - 1B),508,78,27,82,1,0.257,0.359,131,26,2,81,140,0.474,0.834
"Nolan Arenado (STL - 3B,DH)",571,74,26,93,4,0.262,0.319,150,31,2,48,95,0.459,0.778
"William Contreras (MIL - C,DH)",512,74,21,73,4,0.27,0.343,138,28,1,58,129,0.449,0.793
"Xander Bogaerts (SD - 2B,DH,SS)",567,81,18,72,12,0.278,0.344,157,31,1,57,114,0.431,0.775
"Seiya Suzuki (CHC - DH,RF)",513,77,22,74,9,0.269,0.348,138,28,3,62,132,0.465,0.813
"Ketel Marte (ARI - 2B,DH)",567,87,21,80,7,0.274,0.348,155,35,5,64,109,0.463,0.811
"Ha-Seong Kim (SD - 2B,3B,SS)",533,73,15,62,26,0.245,0.323,131,26,2,61,116,0.385,0.708
"Nick Castellanos (PHI - DH,RF)",575,74,24,86,7,0.26,0.305,150,33,1,37,158,0.446,0.752
"George Springer (TOR - RF,DH)",543,84,23,73,14,0.258,0.326,140,25,2,56,116,0.438,0.764
"Teoscar Hernandez (LAD - DH,LF,RF)",537,75,28,90,8,0.26,0.307,140,27,1,37,171,0.473,0.78
Spencer Torkelson (DET - 1B),567,82,30,87,3,0.242,0.322,137,30,1,66,153,0.457,0.779
Andres Gimenez (CLE - 2B),560,78,17,71,28,0.265,0.309,148,29,4,36,119,0.424,0.733
Dansby Swanson (CHC - SS),574,81,23,80,12,0.254,0.322,146,28,2,58,157,0.428,0.75
"Evan Carter (TEX - LF,RF) IL60",494,75,16,66,18,0.255,0.345,126,25,5,68,143,0.421,0.766
"Lane Thomas (CLE - CF,RF)",570,80,23,73,15,0.249,0.305,142,31,3,46,156,0.432,0.737
"Yandy Diaz (TB - 1B,3B,DH)",527,83,18,70,2,0.291,0.377,153,30,1,73,89,0.452,0.83
"Bryson Stott (PHI - 2B,SS)",531,70,13,63,21,0.264,0.32,141,28,3,43,103,0.4,0.72
"Josh Jung (TEX - 3B,DH)",538,73,25,81,3,0.255,0.302,137,28,2,37,164,0.451,0.754
"Jordan Walker (STL - LF,RF)",499,65,19,68,10,0.266,0.327,133,26,2,46,127,0.439,0.767
"Josh Naylor (CLE - 1B,DH)",513,66,22,85,8,0.28,0.335,143,31,0,42,82,0.471,0.806
"Spencer Steer (CIN - 1B,2B,3B,DH,LF)",516,71,20,76,9,0.255,0.328,131,31,2,56,126,0.441,0.769
"Josh Lowe (TB - CF,DH,LF,RF)",424,59,15,60,22,0.256,0.317,109,26,2,38,128,0.435,0.752
Anthony Volpe (NYY - SS),524,72,20,68,24,0.229,0.3,120,27,3,52,148,0.408,0.707
"Wyatt Langford (TEX - CF,DH,LF)",494,72,21,75,14,0.258,0.328,128,27,3,51,123,0.457,0.785
Zack Gelof (OAK - 2B),536,72,19,64,21,0.239,0.308,128,29,2,54,174,0.404,0.712
"Anthony Santander (BAL - 1B,RF,DH)",563,78,29,90,3,0.25,0.311,141,31,1,50,135,0.461,0.772
"Marcell Ozuna (ATL - LF,DH)",509,74,30,86,1,0.254,0.322,129,24,1,51,131,0.482,0.804
"Riley Greene (DET - CF,DH,LF,RF)",537,76,17,65,9,0.27,0.337,145,26,6,54,155,0.433,0.77
"Yainer Diaz (HOU - C,1B,DH)",418,55,20,67,1,0.27,0.303,113,22,1,20,86,0.471,0.775
Cedric Mullins II (BAL - CF),518,74,18,65,27,0.248,0.311,129,26,3,47,117,0.417,0.728
"Christian Encarnacion-Strand (CIN - 1B,DH) IL60",485,68,27,83,3,0.264,0.315,128,25,2,36,144,0.487,0.802
"Vinnie Pasquantino (KC - 1B,DH)",501,68,21,74,2,0.275,0.351,138,32,2,59,72,0.474,0.825
"Jackson Chourio (MIL - CF,LF,RF)",487,62,16,63,22,0.256,0.301,124,24,3,31,117,0.411,0.712
"Luis Arraez (SD - 1B,2B,DH)",565,77,8,62,4,0.317,0.369,179,30,4,46,40,0.427,0.796
"Jorge Soler (ATL - RF,DH)",507,74,30,80,1,0.241,0.327,122,23,1,65,145,0.465,0.792
"Ian Happ (CHC - DH,LF)",555,81,21,76,11,0.25,0.342,139,31,3,78,151,0.426,0.768
"Chas McCormick (HOU - LF,CF,RF)",461,67,20,68,15,0.25,0.321,115,18,2,49,136,0.428,0.749
"Thairo Estrada (SF - 2B,SS) MiLB",532,70,15,61,22,0.26,0.301,138,25,3,32,115,0.4,0.701
"Jarren Duran (BOS - LF,CF)",485,70,13,56,26,0.258,0.313,125,30,5,39,135,0.424,0.737
"Cal Raleigh (SEA - C,DH)",473,63,27,75,1,0.228,0.297,108,25,1,46,142,0.456,0.753
Sean Murphy (ATL - C),383,59,19,62,0,0.253,0.331,97,22,1,45,100,0.464,0.795
"Rhys Hoskins (MIL - 1B,DH)",515,76,28,82,3,0.239,0.33,123,28,2,71,149,0.461,0.791
"Willson Contreras (STL - C,DH)",422,62,20,65,5,0.252,0.329,106,22,1,48,112,0.452,0.781
"Masataka Yoshida (BOS - LF,DH)",506,68,16,71,5,0.29,0.35,147,29,2,47,72,0.451,0.802
"Jake Burger (MIA - 1B,3B,DH)",547,72,29,83,1,0.25,0.3,137,27,2,39,161,0.466,0.766
"James Outman (LAD - LF,CF) MiLB",455,70,19,65,11,0.232,0.316,105,20,3,56,166,0.418,0.734
Max Muncy (LAD - 3B),451,76,27,79,2,0.222,0.338,100,19,1,79,139,0.45,0.788
Willy Adames (MIL - SS),556,79,27,86,6,0.242,0.32,135,29,2,64,163,0.446,0.766
"Esteury Ruiz (OAK - LF,CF,RF) IL60",414,57,7,39,49,0.246,0.295,102,22,2,29,96,0.364,0.659
"Brandon Nimmo (NYM - LF,CF)",554,88,19,67,5,0.267,0.353,148,29,5,74,129,0.438,0.79
"Alec Bohm (PHI - 1B,3B)",551,71,17,76,4,0.274,0.325,151,28,1,42,104,0.42,0.745
Ke'Bryan Hayes (PIT - 3B),545,71,16,67,15,0.263,0.317,143,30,5,44,119,0.423,0.74
"Salvador Perez (KC - C,1B,DH)",507,61,25,81,0,0.257,0.288,130,22,1,22,129,0.452,0.74
"Nolan Gorman (STL - 2B,3B,DH)",467,68,27,77,6,0.239,0.314,112,20,1,51,160,0.459,0.773
Trevor Story (BOS - SS),507,70,20,70,21,0.237,0.299,120,28,2,45,161,0.42,0.719
Francisco Alvarez (NYM - C),415,57,24,66,2,0.228,0.306,95,17,0,47,123,0.438,0.744
"Christopher Morel (TB - 2B,3B,CF,DH,LF,RF)",476,71,25,74,11,0.24,0.307,114,22,4,46,162,0.462,0.769
Gabriel Moreno (ARI - C),438,53,10,57,6,0.28,0.335,123,24,1,36,89,0.411,0.746
"Isaac Paredes (CHC - 1B,2B,3B,DH)",480,68,25,80,1,0.242,0.326,116,24,1,60,97,0.454,0.781
Ezequiel Tovar (COL - SS),566,74,17,71,13,0.261,0.298,148,32,4,30,147,0.421,0.719
"Steven Kwan (CLE - DH,LF)",571,82,6,55,18,0.277,0.348,158,30,6,62,65,0.381,0.729
"Edouard Julien (MIN - 2B,DH)",459,71,15,55,8,0.243,0.355,112,23,1,79,164,0.395,0.75
"Eloy Jimenez (BAL - RF,DH)",506,64,25,79,0,0.274,0.327,138,25,0,40,113,0.472,0.799
Nathaniel Lowe (TEX - 1B),509,71,19,71,3,0.27,0.349,137,26,2,62,131,0.44,0.789
"Jonah Heim (TEX - C,DH)",447,55,18,63,2,0.245,0.306,109,24,1,40,95,0.418,0.724
"Jeimer Candelario (CIN - 1B,3B,DH)",505,71,22,76,4,0.252,0.32,127,31,2,51,132,0.45,0.77
"Tyler O'Neill (BOS - CF,DH,LF,RF)",449,67,22,68,12,0.252,0.324,113,22,1,47,137,0.454,0.777
"Daulton Varsho (TOR - LF,CF) IL60",510,72,24,72,16,0.235,0.298,120,24,3,46,132,0.432,0.73
"Jonathan India (CIN - 2B,DH)",484,76,18,64,12,0.254,0.33,123,26,1,54,119,0.424,0.754
"Byron Buxton (MIN - CF,DH)",437,70,27,68,11,0.234,0.301,102,24,2,42,145,0.484,0.785
"Kerry Carpenter (DET - LF,RF,DH)",478,62,21,70,5,0.256,0.309,122,23,3,37,128,0.443,0.752
"J.D. Martinez (NYM - LF,DH)",460,61,22,72,1,0.245,0.31,113,25,1,43,144,0.445,0.755
"Starling Marte (NYM - DH,RF)",470,65,12,53,29,0.261,0.306,123,20,3,30,103,0.391,0.697
"Lourdes Gurriel Jr. (ARI - LF,DH)",504,64,17,71,4,0.278,0.323,140,31,2,34,96,0.446,0.769
"Ryan Mountcastle (BAL - 1B,DH)",488,65,22,74,4,0.262,0.319,128,23,1,41,128,0.45,0.77
"Taylor Ward (LAA - DH,LF)",480,74,20,69,6,0.264,0.34,127,26,1,55,115,0.45,0.79
"Jorge Polanco (SEA - 2B,3B,DH)",496,68,21,70,7,0.244,0.32,121,24,1,56,130,0.426,0.746
Jeremy Pena (HOU - SS),554,75,16,66,14,0.259,0.305,143,27,2,37,129,0.402,0.708
Carlos Correa (MIN - SS),522,72,21,73,0,0.261,0.338,136,28,1,61,124,0.437,0.775
"Logan O'Hoppe (LAA - C,DH)",412,57,23,65,3,0.251,0.322,103,17,1,43,100,0.467,0.789
Matt Chapman (SF - 3B),513,72,23,71,3,0.235,0.321,120,27,3,65,164,0.431,0.752
"Jack Suwinski (PIT - LF,CF,RF)",438,64,24,68,9,0.226,0.327,99,20,2,66,158,0.443,0.77
"Andrew Vaughn (CWS - 1B,DH)",549,68,23,79,0,0.261,0.313,143,29,1,41,119,0.442,0.755
"Maikel Garcia (KC - 2B,3B,SS)",496,67,7,50,22,0.266,0.327,132,26,3,45,112,0.373,0.7
"Mitch Garver (SEA - C,DH)",410,57,22,62,1,0.235,0.324,96,18,0,54,121,0.438,0.762
"Brandon Drury (LAA - 1B,2B,3B,DH)",506,66,23,77,2,0.248,0.293,125,27,2,32,136,0.445,0.738
"Keibert Ruiz (WSH - C,DH)",445,51,15,58,2,0.265,0.313,118,24,0,31,52,0.422,0.735
Jung Hoo Lee (SF - CF) IL60,527,68,10,61,7,0.284,0.344,150,35,4,48,55,0.422,0.766
"Lars Nootbaar (STL - LF,CF,RF)",406,66,16,54,8,0.251,0.353,102,20,2,64,96,0.432,0.784
"Jackson Holliday (BAL - 2B,SS)",392,56,8,45,9,0.258,0.342,101,20,3,50,99,0.382,0.724
Anthony Rizzo (NYY - 1B),467,66,22,68,4,0.237,0.311,111,20,1,50,111,0.425,0.736
Bo Naylor (CLE - C),363,50,15,51,6,0.227,0.323,83,18,2,51,105,0.408,0.731
"Justin Turner (SEA - 1B,2B,3B,DH)",478,63,16,67,3,0.255,0.319,122,26,0,45,98,0.41,0.73
Eugenio Suarez (ARI - 3B),519,67,22,76,1,0.231,0.313,120,24,1,62,177,0.408,0.721
"Brandon Lowe (TB - 1B,2B,DH)",425,64,22,67,6,0.237,0.32,101,21,1,51,127,0.452,0.771
"Ryan McMahon (COL - 2B,3B)",518,71,22,72,6,0.243,0.323,126,26,2,61,170,0.426,0.75
Jose Abreu (1B) FA,525,67,18,76,1,0.257,0.316,135,27,1,46,123,0.415,0.732
"Jarred Kelenic (ATL - LF,CF,RF)",384,54,14,54,12,0.241,0.315,93,22,2,41,120,0.419,0.733
"Josh Bell (ARI - 1B,DH)",530,70,21,73,1,0.256,0.339,136,26,1,67,118,0.43,0.769
"Giancarlo Stanton (NYY - RF,DH)",397,54,26,70,0,0.229,0.309,91,14,0,46,132,0.462,0.771
"TJ Friedl (CIN - LF,CF)",357,52,11,45,15,0.254,0.322,91,16,4,36,70,0.416,0.738
Max Kepler (MIN - RF) IL60,467,68,21,67,4,0.245,0.323,115,24,2,54,106,0.439,0.762
J.P. Crawford (SEA - SS),550,80,13,59,4,0.255,0.346,140,30,1,77,110,0.386,0.732
Jose Siri (TB - CF),442,61,20,61,18,0.221,0.268,98,19,3,28,164,0.413,0.681
"Kris Bryant (COL - 1B,RF,DH)",470,68,18,62,3,0.267,0.336,126,27,1,49,111,0.447,0.783
"Bryan De La Cruz (PIT - LF,RF,DH)",514,62,18,68,4,0.264,0.314,136,28,1,38,126,0.425,0.739
"Jake Fraley (CIN - LF,RF,DH)",392,56,17,60,18,0.252,0.334,99,20,1,48,97,0.434,0.768
"Tommy Edman (LAD - 2B,SS,CF,RF)",398,58,10,44,21,0.261,0.311,104,21,3,29,71,0.401,0.713
"Alex Verdugo (NYY - CF,LF,RF)",462,63,13,55,4,0.264,0.321,122,26,2,39,80,0.412,0.733
Leody Taveras (TEX - CF),455,61,13,56,16,0.255,0.31,116,24,3,36,113,0.405,0.715
"Sal Frelick (MIL - CF,LF,RF)",485,66,8,53,15,0.265,0.331,129,25,4,48,78,0.382,0.713
Luis Campusano (SD - C),406,49,14,55,1,0.258,0.307,105,19,1,29,77,0.41,0.717
Zach Neto (LAA - SS),486,69,18,65,9,0.248,0.304,120,26,1,39,126,0.418,0.722
"Luis Rengifo (LAA - 2B,3B,OF,RF,SS) IL60",473,63,17,59,9,0.256,0.31,121,20,4,37,94,0.418,0.728
"Austin Hays (PHI - LF,CF)",487,64,17,64,4,0.256,0.305,125,28,2,35,118,0.424,0.729
"Brent Rooker (OAK - LF,RF,DH)",477,61,26,70,4,0.228,0.303,109,21,1,52,177,0.437,0.741
"MJ Melendez (KC - C,DH,LF,RF)",493,69,21,67,5,0.24,0.325,119,27,4,62,146,0.436,0.761
"Henry Davis (PIT - C,RF)",396,52,14,53,9,0.242,0.323,96,19,2,48,108,0.407,0.73
"Ty France (CIN - 1B,DH)",532,69,15,66,1,0.263,0.313,140,28,1,39,100,0.405,0.718
Parker Meadows (DET - CF),471,62,13,51,14,0.229,0.297,108,21,5,46,129,0.379,0.676
"Junior Caminero (TB - 3B,SS)",263,35,11,40,3,0.265,0.317,70,10,1,20,60,0.442,0.759
"Matt McLain (CIN - 2B,SS) IL60",315,50,14,46,12,0.256,0.33,81,18,2,35,100,0.456,0.786
"Tyler Stephenson (CIN - C,DH)",368,48,11,49,1,0.255,0.324,94,18,1,38,104,0.404,0.728
"Whit Merrifield (ATL - 2B,3B,LF)",365,47,7,41,16,0.257,0.304,94,19,1,25,68,0.374,0.678
"Jeff McNeil (NYM - 2B,LF,RF)",528,66,9,60,6,0.279,0.328,147,30,2,38,64,0.398,0.726
"Gavin Lux (LAD - 2B,LF,OF)",410,60,10,49,8,0.259,0.332,106,20,4,45,95,0.395,0.727
Tim Anderson (SS) FA,508,63,7,47,15,0.278,0.312,141,24,2,25,114,0.373,0.685
"Vaughn Grissom (BOS - 2B,SS)",430,59,9,53,10,0.281,0.339,121,26,3,38,80,0.418,0.757
"Brendan Donovan (STL - 1B,2B,3B,DH,LF,RF)",428,63,10,49,6,0.273,0.35,117,21,2,51,76,0.399,0.748
"Nelson Velazquez (KC - LF,RF,DH)",361,49,19,53,7,0.235,0.297,85,17,1,32,121,0.441,0.738
"Will Benson (CIN - CF,DH,LF,RF)",379,60,14,49,17,0.224,0.33,85,18,4,60,140,0.407,0.737
"Jake Cronenworth (SD - 1B,2B,DH)",517,70,14,66,5,0.247,0.318,128,28,5,54,106,0.405,0.722
"Joey Meneses (WSH - 1B,DH)",510,57,16,68,1,0.261,0.308,133,27,1,34,118,0.412,0.719
"Colt Keith (DET - 2B,3B,DH)",436,56,14,58,3,0.253,0.315,110,24,3,40,110,0.416,0.731
"Alejandro Kirk (TOR - C,DH)",333,41,10,44,0,0.267,0.345,89,16,0,39,43,0.41,0.754
"Jordan Westburg (BAL - 2B,3B)",391,53,13,51,6,0.25,0.31,98,21,2,35,106,0.414,0.724
"Tommy Pham (KC - LF,CF,RF,DH)",359,51,12,45,12,0.248,0.324,89,18,2,40,97,0.407,0.731
"Andrew Benintendi (CWS - DH,LF)",532,70,10,55,12,0.268,0.336,143,29,2,54,92,0.386,0.722
Shea Langeliers (OAK - C),393,46,18,53,3,0.221,0.28,87,18,2,32,123,0.411,0.691
"Jackson Merrill (SD - SS,CF)",437,53,10,51,9,0.253,0.295,110,23,2,26,78,0.388,0.683
"Matt Wallner (MIN - DH,LF,RF)",372,53,16,55,3,0.23,0.317,85,20,2,47,145,0.421,0.738
"Luke Raley (SEA - 1B,LF,CF,RF)",342,48,15,47,9,0.229,0.288,78,14,1,28,120,0.414,0.702
"Ceddanne Rafaela (BOS - 2B,CF,SS)",449,60,13,57,18,0.257,0.291,115,25,4,22,112,0.417,0.708
"Joc Pederson (ARI - LF,DH)",377,56,18,59,1,0.253,0.337,95,17,3,48,95,0.456,0.793
"Michael Busch (CHC - 1B,3B)",350,48,13,47,2,0.236,0.312,83,18,1,38,108,0.408,0.72
"Mitch Haniger (SEA - DH,LF,RF)",437,58,20,63,1,0.232,0.295,102,20,1,39,125,0.419,0.714
"Charlie Blackmon (RF,DH) RET",458,63,11,55,4,0.272,0.33,125,24,5,40,84,0.42,0.75
Jordan Lawlar (ARI - SS),229,34,6,26,11,0.243,0.308,56,11,2,22,65,0.378,0.686
"Alex Kirilloff (MIN - 1B,DH,LF,RF) IL60",350,46,13,50,2,0.261,0.321,91,18,1,31,91,0.427,0.748
"Noelvi Marte (CIN - 3B,DH)",204,29,7,28,7,0.265,0.327,54,11,1,19,49,0.423,0.75
"Brendan Rodgers (COL - 2B,DH)",498,64,15,66,0,0.276,0.326,138,28,3,37,106,0.433,0.759
"DJ LeMahieu (NYY - 1B,2B,3B) IL10",463,61,12,50,3,0.254,0.333,118,19,2,55,98,0.378,0.711
Brett Baty (NYM - 3B),390,51,14,50,2,0.241,0.308,94,17,0,38,117,0.392,0.7
Orlando Arcia (ATL - SS),464,61,16,61,2,0.249,0.309,116,21,0,40,99,0.401,0.71
"Brandon Marsh (PHI - CF,LF,RF)",438,59,12,55,12,0.248,0.327,109,22,4,51,152,0.403,0.73
"Michael Conforto (SF - DH,LF,RF)",423,57,15,58,3,0.246,0.331,104,20,0,54,108,0.403,0.734
"Hunter Renfroe (KC - 1B,RF)",412,53,18,59,1,0.245,0.305,101,24,0,36,99,0.439,0.744
Yoan Moncada (CWS - 3B),513,65,17,63,3,0.25,0.317,128,28,1,50,159,0.41,0.727
"Ryan Jeffers (MIN - C,DH)",315,42,15,44,2,0.233,0.308,73,14,1,34,100,0.421,0.729
"Willi Castro (MIN - 2B,3B,CF,LF,SS)",367,52,9,40,20,0.246,0.297,90,18,3,26,96,0.386,0.683
"Wilmer Flores (SF - 1B,3B,DH) IL60",334,45,14,48,0,0.258,0.327,86,16,1,34,56,0.44,0.766
"Ramon Laureano (ATL - CF,LF,RF)",431,58,15,55,13,0.232,0.295,100,23,2,39,130,0.4,0.695
"Kyle Manzardo (CLE - 1B,DH)",311,41,12,44,1,0.237,0.319,74,19,1,37,75,0.422,0.741
"Amed Rosario (CIN - 2B,3B,DH,RF,SS)",338,44,6,38,9,0.268,0.305,90,16,4,18,66,0.391,0.695
Harrison Bader (NYM - CF),377,50,11,44,19,0.243,0.291,92,17,2,26,81,0.388,0.679
Alek Thomas (ARI - CF),453,60,11,55,10,0.258,0.307,117,23,5,32,97,0.405,0.711
Masyn Winn (STL - SS),432,58,10,49,13,0.245,0.301,106,19,3,35,93,0.372,0.673
"Elias Diaz (SD - C,DH)",378,42,12,50,1,0.252,0.304,95,19,1,28,91,0.406,0.71
"Jake McCarthy (ARI - CF,LF,RF)",171,25,3,18,12,0.254,0.314,44,8,2,15,40,0.381,0.695
"Brice Turang (MIL - 2B,SS)",415,51,8,43,19,0.24,0.309,99,18,3,42,96,0.355,0.664
"Mark Canha (SF - 1B,DH,LF,RF)",435,60,12,54,7,0.257,0.335,112,23,2,51,87,0.401,0.736
Brenton Doyle (COL - CF),452,57,14,53,19,0.231,0.273,105,19,4,26,163,0.386,0.659
Ryan Noda (OAK - 1B),449,64,18,55,6,0.215,0.326,97,21,1,74,176,0.383,0.709
"Victor Scott (STL - CF,RF)",190,25,3,20,15,0.246,0.294,47,8,2,13,41,0.35,0.644
Javier Baez (DET - SS) IL60,485,58,14,59,11,0.24,0.277,117,22,3,24,129,0.387,0.664
Nolan Schanuel (LAA - 1B),431,67,11,50,3,0.262,0.357,113,19,2,64,81,0.396,0.753
"Anthony Rendon (LAA - 3B,DH)",409,57,13,55,3,0.256,0.346,105,23,1,56,80,0.412,0.758
"Ezequiel Duran (TEX - 1B,2B,3B,DH,LF,SS)",259,34,9,34,6,0.252,0.295,65,14,1,16,75,0.423,0.718
"Jesus Sanchez (MIA - CF,DH,LF,RF)",396,51,17,56,3,0.248,0.314,98,19,3,38,114,0.436,0.75
Carlos Santana (MIN - 1B),422,54,16,57,3,0.229,0.322,97,20,1,58,86,0.393,0.714
"Colton Cowser (BAL - LF,CF,RF)",242,36,7,31,4,0.235,0.327,57,11,1,33,84,0.374,0.701
"Rowdy Tellez (1B,DH) FA",357,43,17,55,1,0.241,0.316,86,16,1,39,85,0.437,0.753
Austin Wells (NYY - C),294,38,12,43,4,0.229,0.299,67,15,1,29,83,0.41,0.709
"Ryan O'Hearn (BAL - 1B,DH,LF,RF)",351,45,15,54,3,0.256,0.302,90,17,1,23,92,0.441,0.743
"Chris Taylor (LAD - 2B,3B,CF,LF,SS)",339,49,12,46,11,0.231,0.311,78,17,2,39,122,0.4,0.711
Johan Rojas (PHI - CF),336,44,6,35,21,0.25,0.289,84,16,3,18,80,0.367,0.656
"LaMonte Wade Jr. (SF - 1B,LF,RF)",399,58,16,52,3,0.243,0.342,97,17,2,60,91,0.412,0.753
"Davis Schneider (TOR - 2B,LF)",328,48,15,49,4,0.231,0.329,76,18,1,47,106,0.431,0.76
"Danny Jansen (BOS - C,DH)",268,39,15,45,1,0.235,0.304,63,14,0,26,63,0.459,0.763
"Garrett Mitchell (MIL - CF,DH,RF)",324,43,9,37,13,0.237,0.304,77,14,2,31,111,0.372,0.676
"Harold Ramirez (ATL - DH,LF,RF) MiLB",277,34,7,38,3,0.281,0.317,78,15,1,15,53,0.416,0.734
Pete Crow-Armstrong (CHC - CF),229,35,7,29,11,0.247,0.302,57,11,2,18,71,0.403,0.706
"Jon Berti (NYY - 2B,3B,SS,LF) MiLB",270,37,5,26,16,0.253,0.318,68,12,2,26,62,0.36,0.678
"Adam Duvall (ATL - CF,LF,RF)",241,33,14,39,2,0.221,0.274,53,11,1,18,83,0.444,0.719
"J.D. Davis (BAL - 1B,3B,DH) MiLB",421,52,15,53,1,0.24,0.319,101,20,1,49,139,0.396,0.715
"Mickey Moniak (LAA - LF,CF,RF)",385,47,16,50,6,0.234,0.271,90,18,4,19,130,0.421,0.692
"Luis Garcia (WSH - 2B,DH)",430,54,11,51,7,0.273,0.314,117,23,3,26,69,0.413,0.727
"Elehuris Montero (COL - 1B,3B,DH) MiLB",343,45,15,51,1,0.251,0.301,86,17,2,24,108,0.447,0.748
"Seth Brown (OAK - 1B,LF,RF)",432,53,20,63,6,0.231,0.295,100,22,2,39,128,0.432,0.727
"Michael Massey (KC - 2B,DH)",372,45,12,48,6,0.249,0.294,92,20,1,24,88,0.41,0.704
"Andrew McCutchen (PIT - RF,DH)",392,54,13,49,8,0.241,0.34,94,19,1,59,99,0.39,0.73
"Eddie Rosario (CF,DH,LF,RF) FA",352,42,13,47,5,0.247,0.297,87,17,2,25,81,0.413,0.71
Patrick Bailey (SF - C),357,40,9,42,2,0.228,0.291,81,18,1,32,103,0.361,0.652
"Jake Rogers (DET - C,DH)",312,40,15,44,2,0.213,0.277,66,12,1,28,111,0.404,0.681
"Jose Caballero (TB - 2B,3B,SS)",240,35,5,26,19,0.224,0.315,54,11,1,32,64,0.344,0.66
"Connor Wong (BOS - 1B,2B,C,DH)",316,40,10,37,6,0.235,0.28,74,17,1,20,105,0.393,0.673
Yan Gomes (C) FA,332,38,10,43,1,0.251,0.289,83,16,1,17,71,0.392,0.68
"Wilyer Abreu (BOS - LF,CF,RF)",293,44,11,40,7,0.243,0.336,71,15,1,41,89,0.412,0.748
"Matt Vierling (DET - 3B,CF,DH,LF,RF)",338,43,8,35,7,0.256,0.316,86,16,3,29,76,0.387,0.702
"Heston Kjerstad (BAL - DH,LF,RF)",172,23,6,22,1,0.258,0.307,44,9,1,12,44,0.418,0.725
"James Wood (WSH - CF,LF,RF)",123,17,4,16,3,0.227,0.297,28,7,1,12,47,0.402,0.698
"Gary Sanchez (MIL - C,DH)",279,35,16,44,1,0.212,0.29,59,11,0,31,90,0.421,0.711
"Joey Gallo (WSH - 1B,LF,CF,RF)",334,48,21,50,3,0.187,0.305,62,11,1,57,152,0.41,0.715
"Geraldo Perdomo (ARI - 2B,3B,SS)",366,52,6,37,12,0.237,0.327,87,15,3,49,80,0.341,0.668
"Jasson Dominguez (NYY - CF,LF)",156,24,5,21,7,0.24,0.323,37,7,1,19,49,0.396,0.719
"Mike Yastrzemski (SF - LF,CF,RF)",413,59,17,55,4,0.23,0.315,95,24,2,52,121,0.42,0.735
"Jesse Winker (NYM - DH,LF,RF)",279,36,9,35,1,0.243,0.347,68,13,0,45,64,0.388,0.735
Rene Pinto (TB - C),338,36,13,44,2,0.224,0.262,76,17,1,18,114,0.394,0.656
"Luis Matos (SF - LF,CF,RF)",224,29,5,25,6,0.265,0.318,59,12,1,18,31,0.391,0.71
"Cavan Biggio (ATL - 1B,2B,3B,RF)",330,48,10,39,6,0.224,0.322,74,16,1,47,102,0.365,0.686
"Jared Triolo (PIT - 1B,2B,3B,SS)",360,46,5,38,10,0.248,0.324,90,20,2,40,103,0.357,0.681
"Liover Peguero (PIT - 2B,SS)",242,29,6,27,9,0.241,0.288,58,11,2,16,64,0.373,0.661
"Nick Senzel (3B,CF,DH,LF,RF) FA",358,45,9,38,8,0.234,0.295,84,16,1,31,82,0.357,0.652
Travis d'Arnaud (ATL - C),288,37,11,41,0,0.247,0.299,71,15,1,21,73,0.423,0.722
"Joey Ortiz (MIL - 2B,3B,SS)",310,39,6,37,5,0.254,0.304,79,17,2,22,69,0.389,0.693
"Marco Luciano (SF - 2B,DH,SS)",256,31,8,30,3,0.22,0.294,56,11,1,27,88,0.361,0.655
C.J. Cron (1B) FA,187,25,9,29,0,0.244,0.304,45,8,0,16,51,0.436,0.741
"Edward Olivares (PIT - DH,LF,RF) MiLB",263,35,8,32,8,0.261,0.309,69,14,2,18,52,0.422,0.731
"Tyler Black (MIL - 1B,2B,3B,DH)",151,24,4,19,9,0.241,0.336,36,8,2,22,40,0.395,0.731
"Jorge Mateo (BAL - 2B,SS) IL60",201,29,5,22,17,0.233,0.276,47,10,2,12,56,0.375,0.651
"Sean Bouchard (COL - LF,RF)",214,31,9,29,5,0.251,0.334,54,13,2,27,67,0.45,0.784
"Dylan Carlson (TB - CF,LF,RF)",285,39,8,36,3,0.25,0.325,71,16,2,32,65,0.404,0.73
"JJ Bleday (OAK - LF,CF,RF)",407,52,15,49,5,0.21,0.309,86,20,2,58,116,0.378,0.688
"Freddy Fermin (KC - C,DH)",182,22,6,24,0,0.251,0.312,46,9,1,16,42,0.405,0.718
Kevin Kiermaier (LAD - CF) MiLB,367,49,7,40,11,0.243,0.3,89,18,4,30,93,0.375,0.675
"Miguel Vargas (CWS - 2B,3B,LF)",128,20,4,18,2,0.246,0.329,31,7,1,16,31,0.405,0.734
"Curtis Mead (TB - 2B,3B)",163,21,4,21,2,0.254,0.318,41,10,1,16,37,0.397,0.716
Michael A. Taylor (CF) FA,365,45,13,44,9,0.23,0.286,84,14,1,29,118,0.38,0.666
Kyle Isbel (KC - CF),376,51,9,43,12,0.245,0.299,92,21,3,29,86,0.395,0.694
"Mauricio Dubon (HOU - 1B,2B,3B,CF,LF,RF,SS)",283,37,6,32,4,0.26,0.299,74,14,1,16,45,0.383,0.683
"Brayan Rocchio (CLE - 3B,SS)",383,49,7,42,10,0.247,0.305,95,22,2,32,78,0.365,0.67
"Josh Rojas (SEA - 2B,3B,LF)",275,36,6,29,9,0.234,0.308,64,14,1,29,71,0.35,0.658
"Zach McKinstry (DET - 2B,3B,SS,LF,RF)",300,39,7,30,8,0.237,0.305,71,14,3,29,74,0.377,0.682
"Trent Grisham (NYY - CF,DH)",272,41,12,36,8,0.216,0.314,59,13,1,39,88,0.402,0.715
"Drew Waters (KC - CF,RF)",177,25,5,20,7,0.238,0.304,42,9,2,17,61,0.399,0.703
"Jason Heyward (HOU - CF,LF,RF)",321,44,11,42,3,0.246,0.312,79,17,1,31,68,0.41,0.722
"Patrick Wisdom (CHC - 1B,3B,DH,OF,RF)",255,37,16,42,4,0.209,0.288,53,10,0,28,104,0.442,0.73
"Jonathan Aranda (TB - 1B,2B,DH)",211,29,7,30,1,0.249,0.326,53,11,1,24,60,0.408,0.733
Adalberto Mondesi (SS) FA,169,23,5,18,15,0.219,0.261,37,7,2,10,58,0.371,0.632
"Dylan Crews (WSH - CF,RF)",158,18,4,18,3,0.225,0.278,36,7,0,12,46,0.349,0.627
"Victor Robles (SEA - CF,LF,RF)",318,41,6,31,15,0.24,0.296,76,16,2,25,80,0.361,0.657
"Estevan Florial (CLE - CF,DH,LF,RF) MiLB",277,38,9,34,12,0.222,0.302,62,14,2,32,104,0.387,0.69
"Will Brennan (CLE - CF,DH,LF,RF)",292,33,4,34,8,0.27,0.312,79,16,1,18,44,0.38,0.692
"Gio Urshela (ATL - 1B,3B,SS)",304,34,7,36,2,0.274,0.318,83,15,2,19,58,0.402,0.72
"Hunter Goodman (COL - 1B,C,DH,LF,RF)",157,20,8,26,1,0.249,0.301,39,10,1,12,48,0.471,0.773
Nick Fortes (MIA - C),275,33,8,31,4,0.234,0.287,64,11,1,20,55,0.369,0.656
"Tyrone Taylor (NYM - CF,DH,LF,RF)",271,36,11,37,6,0.232,0.276,63,14,2,17,70,0.419,0.696
Christian Bethancourt (CHC - C),283,34,9,34,2,0.242,0.279,68,14,0,14,76,0.393,0.672
"Isiah Kiner-Falefa (PIT - 2B,3B,CF,LF,SS)",347,41,4,35,14,0.255,0.304,88,15,1,25,62,0.343,0.648
"Jo Adell (LAA - CF,DH,RF) IL60",259,35,12,37,5,0.223,0.279,58,12,1,20,95,0.423,0.702
"Aaron Hicks (CF,DH,LF,RF) FA",350,49,10,39,7,0.228,0.328,80,13,1,52,97,0.36,0.688
"Brandon Belt (1B,DH) FA",269,39,14,39,1,0.229,0.332,61,13,1,41,99,0.435,0.766
"Stone Garrett (WSH - LF,RF)",243,31,10,34,5,0.234,0.286,57,12,1,18,79,0.417,0.702
"Chase DeLauter (CLE - CF,OF,RF) MiLB",100,11,2,11,1,0.247,0.291,25,5,0,6,19,0.35,0.641
"Oswald Peraza (NYY - 2B,3B,SS) MiLB",175,23,5,21,7,0.238,0.293,42,7,1,14,45,0.382,0.675
"Manuel Margot (MIN - CF,DH,LF,RF)",303,38,6,35,9,0.265,0.315,80,17,2,22,54,0.388,0.703
"Kike Hernandez (LAD - 1B,2B,3B,CF,LF,SS)",288,37,9,37,2,0.234,0.295,68,16,1,25,63,0.384,0.679
"Ivan Herrera (STL - C,DH)",172,24,5,22,2,0.241,0.338,42,9,0,25,47,0.371,0.708
"Akil Baddoo (DET - CF,LF)",194,27,6,22,9,0.234,0.32,45,9,2,25,55,0.388,0.708
"Joey Wiemer (CIN - CF,LF,RF)",186,25,7,24,6,0.223,0.294,42,9,0,19,59,0.389,0.682
"Dominic Canzone (SEA - LF,RF)",302,38,11,41,4,0.245,0.298,74,16,1,23,66,0.415,0.713
Jake Meyers (HOU - CF),353,46,11,43,7,0.236,0.295,84,17,2,29,101,0.384,0.679
Oscar Gonzalez (NYY - RF) MiLB,94,10,3,11,0,0.25,0.279,24,5,0,4,23,0.398,0.677
"Connor Joe (PIT - 1B,LF,RF)",301,41,8,34,3,0.241,0.329,73,16,2,39,78,0.392,0.72
"Darell Hernaiz (OAK - 2B,3B,SS)",271,32,4,27,6,0.248,0.297,67,14,1,19,52,0.356,0.653
Tom Murphy (SF - C) IL60,183,24,8,24,1,0.242,0.315,44,9,0,19,58,0.416,0.731
"Paul DeJong (KC - 3B,SS)",317,37,13,40,4,0.206,0.264,65,13,0,25,105,0.377,0.641
"Tyler Soderstrom (OAK - C,1B)",202,21,7,25,1,0.212,0.262,43,8,1,14,65,0.367,0.629
"Lawrence Butler (OAK - CF,RF)",364,43,11,42,9,0.232,0.288,84,17,2,29,106,0.38,0.668
Myles Straw (CLE - CF),172,22,1,14,8,0.248,0.315,43,7,1,17,34,0.312,0.627
Miguel Amaya (CHC - C),201,24,7,26,1,0.223,0.301,45,9,0,22,62,0.374,0.675
"Mark Vientos (NYM - 1B,3B,DH)",223,27,10,32,1,0.234,0.293,52,10,1,19,71,0.421,0.715
"Garrett Cooper (BAL - 1B,DH) MiLB",216,26,8,30,0,0.25,0.313,54,10,1,20,67,0.412,0.726
"Mike Tauchman (CHC - CF,DH,LF,RF)",222,33,5,25,4,0.239,0.336,53,11,1,32,61,0.362,0.697
"Luis Urias (SEA - 2B,3B)",294,38,10,36,2,0.225,0.309,66,13,1,36,78,0.377,0.685
"Jurickson Profar (SD - DH,LF)",377,48,9,41,4,0.236,0.317,89,20,1,45,74,0.365,0.683
"Coby Mayo (BAL - 1B,3B)",101,13,3,13,1,0.236,0.312,24,5,0,11,31,0.399,0.711
Christian Vazquez (MIN - C),267,29,5,29,2,0.24,0.29,64,12,0,19,59,0.343,0.634
"Randal Grichuk (ARI - CF,DH,LF,RF)",245,30,8,31,1,0.248,0.292,61,13,1,15,59,0.407,0.699
"Xavier Edwards (MIA - 2B,SS)",112,16,1,11,5,0.274,0.339,31,5,1,11,17,0.359,0.698
"Dominic Fletcher (CWS - CF,RF)",366,43,8,40,4,0.236,0.293,86,17,3,30,98,0.363,0.656
"Miguel Andujar (OAK - LF,RF) IL60",209,24,6,26,3,0.258,0.307,54,11,1,15,34,0.402,0.709
"Kyle Farmer (MIN - 2B,3B,SS)",250,30,6,31,2,0.245,0.29,61,12,1,16,57,0.376,0.666
"Taylor Walls (TB - 2B,3B,SS)",239,32,6,25,11,0.207,0.301,49,11,1,32,70,0.336,0.637
"Alec Burleson (STL - 1B,LF,RF,DH)",158,19,5,21,1,0.262,0.312,41,8,0,12,27,0.408,0.72
"Adam Frazier (KC - 2B,3B,DH,LF,RF)",303,39,5,32,7,0.261,0.317,79,16,2,25,44,0.374,0.691
Jose Trevino (NYY - C),255,27,7,30,1,0.237,0.273,60,11,1,13,47,0.362,0.635
"Jiman Choi (NYM - 1B,DH) MiLB",86,11,3,12,0,0.222,0.322,19,4,0,13,29,0.392,0.714
"Matt Mervis (CHC - 1B,DH)",82,10,3,12,0,0.228,0.305,19,4,0,9,24,0.403,0.709
"Joshua Palacios (PIT - LF,CF,RF)",112,15,3,15,3,0.257,0.312,29,5,1,9,26,0.405,0.716
Yasmani Grandal (PIT - C),223,25,6,26,0,0.229,0.326,51,9,0,32,55,0.35,0.676
"Richie Palacios (TB - 2B,CF,LF,RF)",175,23,4,21,4,0.242,0.321,42,10,1,20,35,0.373,0.694
"Blake Sabol (SF - C,LF)",77,10,3,11,1,0.23,0.299,18,3,0,8,28,0.381,0.68
"Nick Gordon (MIA - 2B,LF,CF) MiLB",267,33,7,30,6,0.25,0.288,67,15,2,14,61,0.398,0.686
"Oscar Colas (CWS - CF,RF)",117,14,4,12,1,0.228,0.276,27,5,0,8,34,0.367,0.643
Colson Montgomery (CWS - SS) MiLB,177,23,5,21,1,0.232,0.314,41,8,1,21,48,0.363,0.677
Kyle Higashioka (SD - C),221,24,9,29,1,0.22,0.268,49,10,0,15,64,0.392,0.66
"Jake Bauers (MIL - 1B,DH,LF,RF)",197,25,8,26,4,0.216,0.308,42,9,1,26,70,0.398,0.706
"Nicky Lopez (CWS - 2B,3B,SS)",344,42,2,26,11,0.241,0.306,83,13,2,32,60,0.309,0.615
"Nick Madrigal (CHC - 2B,3B) IL60",210,26,1,20,5,0.279,0.318,59,10,2,12,23,0.362,0.68
"Gavin Sheets (CWS - 1B,RF,DH)",238,26,9,32,1,0.235,0.301,56,10,0,22,55,0.399,0.699
"Avisail Garcia (LF,RF) FA",289,33,10,36,4,0.237,0.288,69,12,1,21,89,0.389,0.677
"Brooks Lee (MIN - 2B,3B,SS)",132,16,3,16,1,0.243,0.302,32,8,1,11,29,0.377,0.679
"Tyler Wade (SD - 2B,3B,DH,LF,RF,SS)",95,12,1,8,7,0.223,0.287,21,4,0,9,27,0.305,0.592
"Justin Foscue (TEX - 1B,2B,3B,DH)",114,15,3,14,2,0.228,0.3,26,6,0,12,23,0.37,0.67
"Gabriel Arias (CLE - 1B,2B,3B,OF,RF,SS)",260,32,8,31,3,0.234,0.293,61,12,1,22,80,0.384,0.677
"Ramon Urias (BAL - 1B,2B,3B)",248,30,6,30,1,0.247,0.305,61,12,1,21,67,0.381,0.686
Austin Meadows (LF) FA,67,9,3,10,1,0.253,0.327,17,4,0,7,14,0.451,0.778
"Blaze Alexander (ARI - 2B,3B,DH,SS)",85,10,2,9,1,0.223,0.288,19,4,1,8,30,0.343,0.632
Joey Votto (1B) RET,182,22,7,25,0,0.208,0.3,38,8,1,24,59,0.377,0.677
"Victor Caratini (HOU - 1B,C)",217,25,6,27,1,0.237,0.305,51,8,0,22,52,0.365,0.67
"Jose Miranda (MIN - 1B,3B,DH)",121,15,4,16,0,0.254,0.304,31,6,0,9,23,0.4,0.704
"Ji Hwan Bae (PIT - 2B,CF,RF)",216,31,3,21,13,0.248,0.315,54,11,2,21,54,0.351,0.666
"Jonny DeLuca (TB - LF,CF,RF)",153,20,6,21,4,0.232,0.292,35,8,1,13,36,0.41,0.702
"Austin Slater (BAL - LF,CF,RF)",203,29,6,23,6,0.249,0.329,51,9,1,24,63,0.393,0.722
"Oswaldo Cabrera (NYY - 1B,2B,3B,LF,RF,SS)",137,18,5,17,4,0.228,0.289,31,7,0,12,38,0.381,0.67
"Andy Ibanez (DET - 1B,2B,3B,DH,LF,RF,SS)",249,30,7,30,2,0.253,0.307,63,14,1,19,48,0.397,0.705
"Jose Azocar (NYM - LF,CF,RF)",231,27,4,22,12,0.236,0.275,55,10,2,12,61,0.341,0.616
"Carson Kelly (TEX - C,DH)",231,27,7,26,1,0.222,0.297,51,11,0,24,58,0.359,0.655
"Nick Pratto (KC - 1B,LF,OF)",220,28,7,27,2,0.214,0.297,47,11,1,26,86,0.376,0.673
"Joey Loperfido (TOR - 2B,CF,LF,RF)",42,5,1,5,1,0.229,0.301,10,2,0,4,13,0.372,0.674
"Justyn-Henry Malloy (DET - 3B,DH,LF)",64,10,2,9,0,0.236,0.349,15,3,0,11,22,0.389,0.738
"Rob Refsnyder (BOS - CF,DH,LF,RF)",143,21,3,17,3,0.26,0.344,37,8,0,18,38,0.388,0.731
"Kevin Pillar (LAA - CF,DH,LF,RF)",125,16,5,17,2,0.233,0.27,29,6,0,6,30,0.409,0.679
"Tyler Freeman (CLE - 2B,3B,CF,SS)",261,34,4,31,7,0.267,0.316,70,13,1,19,43,0.376,0.692
"Kyle Stowers (MIA - CF,LF,RF)",47,6,2,6,0,0.219,0.296,10,2,0,5,16,0.389,0.685
"Orelvis Martinez (TOR - 2B,3B,SS)",120,15,6,17,1,0.217,0.286,26,6,0,12,37,0.41,0.695
"Santiago Espinal (CIN - 2B,3B,DH,LF,SS)",220,27,3,24,4,0.268,0.324,59,12,0,18,36,0.374,0.698
"Trey Lipscomb (WSH - 1B,3B)",119,12,2,13,1,0.241,0.27,29,6,0,5,26,0.348,0.618
"Cade Marlowe (SEA - LF,RF)",112,14,3,13,5,0.212,0.275,24,5,1,10,39,0.355,0.631
Enmanuel Valdez (BOS - 2B),149,21,6,21,2,0.243,0.313,36,8,1,15,40,0.422,0.735
Nick Ahmed (SD - SS),275,29,5,27,5,0.226,0.277,62,14,2,19,69,0.343,0.62
"Graham Pauley (MIA - 3B,DH)",201,27,6,26,4,0.245,0.304,49,11,1,17,47,0.403,0.707
"David Peralta (SD - DH,LF,RF)",118,14,3,15,1,0.26,0.31,31,7,1,9,25,0.395,0.705
"Ronny Mauricio (NYM - 2B,3B) IL60",29,3,1,4,1,0.247,0.29,7,1,0,2,7,0.408,0.698
"Evan Longoria (3B,DH) FA",156,20,7,22,0,0.229,0.298,36,7,0,15,51,0.413,0.712
Everson Pereira (NYY - LF) MiLB,49,8,2,8,1,0.227,0.288,11,2,0,4,19,0.394,0.682
"Donovan Solano (SD - 1B,2B,3B,DH)",257,29,4,27,0,0.269,0.325,69,14,0,22,61,0.378,0.703
"Jakob Marsee (MIA - CF,OF) MiLB",179,27,5,21,7,0.229,0.321,41,8,1,24,47,0.358,0.679
"Nick Loftin (KC - 1B,2B,3B,DH)",167,22,4,20,3,0.253,0.308,42,8,1,13,31,0.382,0.69
"Andruw Monasterio (MIL - 1B,2B,3B,SS)",182,24,3,20,4,0.244,0.32,44,9,1,20,47,0.359,0.679
Daniel Vogelbach (DH) FA,76,11,4,13,0,0.227,0.344,17,3,0,14,24,0.414,0.759
"DJ Stewart (NYM - DH,LF,RF)",108,15,5,16,0,0.21,0.299,23,4,0,14,36,0.397,0.696
"Matt Thaiss (LAA - C,DH)",166,21,5,20,1,0.215,0.306,36,6,0,22,49,0.355,0.661
Josh Donaldson (3B) RET,87,12,5,13,1,0.224,0.315,20,4,0,12,26,0,0
"Brandon Crawford (3B,SS) FA",187,23,6,25,2,0.233,0.3,43,8,1,18,49,0.376,0.677
"Jace Jung (DET - 2B,3B)",57,8,2,8,0,0.226,0.314,13,2,0,7,20,0.371,0.685
"Elvis Andrus (2B,SS) RET",102,13,2,12,3,0.255,0.3,26,5,0,7,19,0.368,0.669
"Vidal Brujan (MIA - 2B,3B,CF,RF,SS)",184,26,4,19,11,0.235,0.298,43,9,1,17,41,0.357,0.655
"Trevor Larnach (MIN - DH,LF,RF)",165,23,6,24,1,0.225,0.316,37,8,1,22,63,0.394,0.71
Luke Maile (CIN - C),180,21,5,22,1,0.231,0.299,42,10,0,17,54,0.373,0.672
"Eric Haase (MIL - C,DH,LF)",91,11,3,12,1,0.219,0.274,20,4,0,7,31,0.37,0.644
Martin Maldonado (C) FA,239,25,9,27,0,0.19,0.256,45,8,0,21,87,0.337,0.593
"Jordan Diaz (OAK - 1B,2B,3B) MiLB",96,10,3,12,0,0.246,0.289,24,5,0,6,21,0.39,0.679
"Stuart Fairchild (CIN - CF,DH,LF,RF) IL60",198,27,7,25,6,0.228,0.295,45,10,1,19,64,0.39,0.685
Kolten Wong (2B) FA,116,15,3,12,4,0.233,0.292,27,5,1,10,25,0.362,0.654
James McCann (BAL - C),173,20,5,20,2,0.234,0.281,40,7,0,11,49,0.363,0.643
Jacob Young (WSH - CF),87,12,1,9,5,0.25,0.306,22,4,1,7,18,0.336,0.642
Omar Narvaez (HOU - C) MiLB,183,21,4,19,0,0.235,0.311,43,8,1,20,42,0.352,0.663
"Bobby Dalbec (BOS - 1B,3B) MiLB",145,20,7,22,2,0.219,0.289,32,5,1,14,62,0.413,0.702
"Connor Norby (MIA - 2B,3B,LF)",32,4,1,4,1,0.25,0.31,8,2,0,3,8,0.379,0.689
"Romy Gonzalez (BOS - 1B,2B,3B,OF,RF,SS)",61,8,2,7,2,0.226,0.272,14,3,0,4,21,0.377,0.648
Andrew Knizner (ARI - C) MiLB,138,17,5,17,1,0.225,0.282,31,6,0,11,37,0.37,0.652
"Dylan Moore (SEA - 1B,2B,3B,LF,SS)",184,27,7,22,12,0.208,0.292,38,9,1,22,65,0.379,0.671
"Owen Miller (MIL - 1B,2B,3B) MiLB",125,15,2,14,2,0.249,0.299,31,7,0,9,28,0.368,0.667
"Dairon Blanco (KC - CF,DH,LF,RF)",131,20,3,15,14,0.253,0.307,33,6,1,10,36,0.376,0.683
"Thomas Saggese (STL - 2B,3B)",70,10,2,10,1,0.251,0.303,17,4,0,5,21,0.404,0.707
"Mike Ford (1B,DH) FA",117,15,6,17,0,0.219,0.302,26,5,0,14,34,0.408,0.71
"Garrett Hampson (KC - 1B,2B,CF,LF,RF,SS)",168,22,2,16,6,0.242,0.305,41,8,1,15,46,0.345,0.649
"Luisangel Acuna (NYM - 2B,SS)",32,4,1,3,2,0.241,0.297,8,1,0,3,7,0.341,0.639
"Jacob Hurtubise (CIN - CF,DH,LF,RF)",23,3,0,2,1,0.25,0.332,6,1,0,3,5,0.331,0.664
"David Fry (CLE - 1B,C,DH,LF,RF)",142,17,4,18,1,0.233,0.291,33,8,1,12,38,0.391,0.682
Riley Adams (WSH - C),150,17,5,19,0,0.22,0.287,33,8,1,14,53,0.382,0.669
"Robbie Grossman (KC - LF,RF,DH)",175,24,5,21,3,0.225,0.326,39,8,1,26,52,0.371,0.697
"Matt Shaw (CHC - 2B,SS) MiLB",60,8,2,7,3,0.255,0.293,15,3,0,3,13,0.404,0.697
"Ernie Clement (TOR - 2B,3B,SS)",142,17,2,16,2,0.259,0.302,37,7,1,9,16,0.371,0.674
Sam Huff (TEX - C),63,9,3,10,0,0.23,0.299,14,3,0,6,24,0.427,0.726
"Miguel Rojas (LAD - 2B,3B,SS)",231,28,4,25,5,0.254,0.3,59,12,1,15,33,0.363,0.663
Reese McGuire (C) FA,219,23,2,20,2,0.246,0.29,54,12,1,13,55,0.346,0.636
"Nick Gonzales (PIT - 2B,SS)",99,13,2,12,1,0.23,0.302,23,5,1,10,34,0.363,0.664
Jacob Stallings (COL - C),177,19,3,20,0,0.241,0.312,43,9,0,18,45,0.35,0.662
"Michael Toglia (COL - 1B,RF)",204,25,8,26,2,0.223,0.293,45,10,1,20,67,0.394,0.687
"Jake Cave (1B,CF,LF,RF) FA",173,23,6,23,2,0.253,0.312,44,10,2,15,50,0.427,0.738
"Jean Segura (2B,3B) FA",145,17,3,14,4,0.253,0.304,37,5,1,11,24,0.359,0.662
"Korey Lee (CWS - C,DH)",137,15,4,15,3,0.211,0.258,29,6,0,9,44,0.339,0.597
"Casey Schmitt (SF - 2B,3B,SS)",84,10,2,10,1,0.236,0.282,20,4,0,5,22,0.364,0.646
Austin Barnes (LAD - C),147,18,4,16,2,0.215,0.29,32,6,0,16,37,0.332,0.622
"Wil Myers (1B,LF,RF) FA",83,10,3,10,1,0.226,0.292,19,4,0,8,27,0.372,0.664
"Jared Walsh (1B,RF) FA",106,13,4,14,0,0.217,0.285,23,5,0,10,39,0.384,0.669
Max Stassi (CWS - C) IL60,208,24,7,23,0,0.208,0.285,43,8,1,22,70,0.356,0.641
"Owen Caissie (CHC - OF,RF) MiLB",15,2,0,2,0,0.222,0.304,3,1,0,2,6,0.348,0.652
"Raimel Tapia (CF,LF,RF) FA",122,15,2,12,5,0.246,0.301,30,5,1,10,28,0.35,0.651
"Dominic Smith (CIN - 1B,DH) MiLB",149,17,4,18,1,0.254,0.314,38,8,0,13,30,0.381,0.695
"Abraham Toro (OAK - 1B,2B,3B,DH) MiLB",190,23,5,22,3,0.233,0.3,44,10,1,18,41,0.373,0.672
"Edmundo Sosa (PHI - 2B,3B,SS)",178,23,5,21,4,0.247,0.277,44,8,1,7,46,0.392,0.669
"Joey Wendle (2B,3B,SS) FA",228,26,3,22,6,0.238,0.276,54,13,2,12,51,0.345,0.621
"Emmanuel Rivera (BAL - 1B,3B)",156,21,5,20,1,0.253,0.31,40,8,1,13,36,0.406,0.716
"Nick Allen (OAK - 3B,SS)",304,33,4,26,8,0.235,0.288,71,14,2,23,57,0.33,0.617
"Josh Smith (TEX - 3B,DH,LF,SS)",119,17,3,14,2,0.231,0.315,28,6,1,15,32,0.369,0.684
Francisco Mejia (MIL - C) MiLB,57,6,2,7,0,0.234,0.267,13,3,0,3,14,0.375,0.642
"Jace Peterson (2B,3B,SS) FA",135,17,3,15,5,0.232,0.315,31,5,1,16,37,0.349,0.664
"Matt Carpenter (STL - 1B,DH)",153,20,6,21,1,0.209,0.317,32,8,1,24,51,0.382,0.698
Garrett Stubbs (PHI - C),98,13,2,10,2,0.219,0.297,21,4,1,11,26,0.331,0.627
"Samad Taylor (SEA - 2B,LF)",57,9,1,7,4,0.227,0.316,13,3,0,7,19,0.357,0.672
"Brennen Davis (CHC - LF,OF,RF) IL60",23,2,1,2,0,0.197,0.266,5,1,0,2,7,0.334,0.6
"Ben Rice (NYY - 1B,C) MiLB",37,5,1,6,1,0.248,0.324,9,2,0,4,9,0.414,0.738
"Jonatan Clase (TOR - CF,LF)",38,5,1,4,3,0.205,0.281,8,2,0,4,13,0.341,0.622
Seby Zavala (SEA - C) MiLB,124,13,4,13,1,0.188,0.253,23,5,0,11,51,0.321,0.573
"Tony Kemp (2B,LF) FA",85,11,1,8,3,0.244,0.319,21,4,0,9,12,0.335,0.654
"Yuli Gurriel (KC - 1B,DH)",133,15,3,15,1,0.256,0.305,34,8,0,9,19,0.379,0.685
"Spencer Jones (NYY - CF,OF) MiLB",38,4,1,3,3,0.216,0.279,8,1,0,3,12,0.356,0.635
Austin Hedges (CLE - C),182,18,4,18,1,0.195,0.248,35,6,0,13,51,0.296,0.545
"Aledmys Diaz (1B,2B,3B,SS,LF) FA",177,18,4,19,1,0.238,0.282,42,10,0,11,36,0.367,0.649
Carter Kieboom (WSH - 3B) MiLB,125,15,4,14,0,0.226,0.297,28,5,0,13,34,0.361,0.658
"Alex Call (WSH - LF,CF,RF)",91,11,3,9,2,0.216,0.306,20,4,0,12,20,0.359,0.664
"Luken Baker (STL - 1B,DH)",41,5,2,6,0,0.221,0.301,9,2,0,5,12,0.387,0.687
"Miguel Sano (1B,3B,DH) FA",128,18,8,20,1,0.213,0.297,27,5,0,15,52,0.44,0.737
"Deyvison De Los Santos (MIA - 1B,3B) MiLB",83,9,2,9,0,0.237,0.273,20,4,0,4,25,0.355,0.628
"AJ Pollock (CF,DH,LF,RF) FA",58,7,2,8,1,0.243,0.292,14,3,0,4,13,0.413,0.705
Eguy Rosario (SD - 3B),108,14,3,13,3,0.231,0.295,25,6,1,10,30,0.373,0.668
"Travis Jankowski (TEX - CF,DH,LF,RF)",139,19,1,12,8,0.245,0.336,34,6,1,19,29,0.319,0.655
"Lenyn Sosa (CWS - 2B,3B)",154,17,5,19,1,0.24,0.276,37,7,0,8,39,0.393,0.669
"Brian Anderson (ATL - 3B,RF) MiLB",116,14,4,14,1,0.224,0.301,26,5,1,13,36,0.368,0.669
"Corey Julks (CWS - DH,LF,RF)",99,15,3,13,4,0.234,0.3,23,5,0,9,28,0.378,0.679
"Alexander Canario (CHC - DH,LF,RF)",90,12,4,13,2,0.225,0.287,20,4,0,8,32,0.407,0.694
"Joey Bart (PIT - C,DH)",57,6,2,6,0,0.213,0.273,12,2,0,5,20,0.343,0.616
Tucker Barnhart (CIN - C) MiLB,113,11,1,10,0,0.216,0.284,24,4,0,11,35,0.292,0.576
"Eduardo Escobar (2B,3B) FA",78,9,3,10,0,0.229,0.282,18,4,1,6,20,0.387,0.668
Ben Rortvedt (TB - C),125,15,4,15,1,0.205,0.279,26,5,0,13,41,0.339,0.618
Jeferson Quero (MIL - C),20,2,1,2,0,0.226,0.286,5,1,0,2,5,0.372,0.658
"Pablo Reyes (NYM - 2B,3B,SS) MiLB",112,14,2,13,3,0.249,0.31,28,6,0,10,22,0.377,0.687
"Adael Amador (COL - 2B,SS)",28,4,1,3,1,0.27,0.341,8,1,0,3,5,0.416,0.757
Jason Delay (PIT - C),82,9,1,8,0,0.221,0.275,18,4,0,6,23,0.315,0.59
"Jake Alu (WSH - 2B,LF) MiLB",97,12,2,12,3,0.251,0.307,24,5,0,8,22,0.369,0.676
"Addison Barger (TOR - 3B,LF,RF,SS)",50,6,2,6,0,0.232,0.297,12,3,0,5,15,0.394,0.691
"Sam Hilliard (COL - CF,LF,RF)",51,7,2,6,1,0.218,0.292,11,2,0,5,19,0.419,0.71
"Harold Castro (1B,2B,3B,CF,SS) FA",148,15,2,16,0,0.262,0.293,39,7,0,6,34,0.352,0.644
"Trey Mancini (1B,DH,LF,RF) FA",155,20,5,20,0,0.24,0.309,37,7,0,15,46,0.38,0.689
"Cal Mitchell (SD - LF,RF) MiLB",59,6,1,7,1,0.234,0.287,14,3,0,4,17,0.358,0.645
Mike Zunino (C) RET,11,1,1,1,0,0.186,0.251,2,0,0,1,4,0.373,0.624
"Otto Lopez (MIA - 2B,3B,LF,SS)",30,4,0,3,1,0.254,0.307,8,1,0,2,6,0.347,0.654
"Juan Yepez (WSH - 1B,DH,LF)",42,5,2,6,0,0.228,0.283,10,2,0,3,11,0.421,0.704
"Andy Pages (LAD - CF,LF,RF)",30,4,1,4,0,0.224,0.3,7,2,0,3,9,0.403,0.703
"Mike Moustakas (1B,3B) FA",93,10,3,11,0,0.218,0.277,20,4,0,8,25,0.372,0.649
"Drew Gilbert (NYM - CF,OF,RF) MiLB",30,4,1,3,1,0.215,0.314,6,1,0,4,8,0.342,0.656
Forrest Wall (BAL - LF) MiLB,65,9,1,6,6,0.228,0.295,15,3,0,6,20,0.314,0.609
Austin Wynns (CIN - C) IL60,56,6,1,6,0,0.222,0.284,12,2,0,5,15,0.313,0.597
Brett Sullivan (SD - C),57,6,1,6,1,0.229,0.285,13,3,0,4,10,0.334,0.619
"Bryan Ramos (CWS - 3B,DH)",37,5,1,4,1,0.23,0.303,9,2,0,4,9,0.386,0.69
Curt Casali (SF - C),54,6,1,6,0,0.2,0.286,11,2,0,6,17,0.318,0.604
"Austin Martin (MIN - 2B,CF,DH,LF,SS)",33,4,0,3,1,0.222,0.306,7,1,0,4,8,0.292,0.598
"Michael Stefanic (LAA - 2B,3B) MiLB",69,8,1,7,1,0.263,0.333,18,3,0,7,9,0.346,0.679
"Ildemaro Vargas (WSH - 2B,3B,LF,SS)",189,20,3,19,2,0.245,0.29,46,10,1,12,23,0.349,0.64
"Tyler Naquin (LF,RF) FA",95,10,3,11,1,0.221,0.271,21,4,1,6,31,0.373,0.644
"Carlos Perez (OAK - 1B,C) MiLB",61,7,2,7,0,0.21,0.272,13,2,0,5,14,0.37,0.641
"Cristian Pache (LF,CF) FA",154,19,4,17,3,0.223,0.286,34,7,1,14,47,0.355,0.641
"David Fletcher (ATL - 2B,SS) MiLB",84,9,0,8,1,0.262,0.301,22,4,0,5,8,0.325,0.626
Troy Johnston (MIA - 1B) MiLB,70,9,2,9,1,0.244,0.306,17,3,0,6,17,0.381,0.687
"Nick Maton (BAL - 2B,3B) MiLB",64,8,2,8,1,0.214,0.298,14,3,0,8,19,0.352,0.65
Alex Jackson (TB - C) MiLB,74,8,3,10,0,0.204,0.257,15,3,0,5,26,0.377,0.634
"Kole Calhoun (1B,LF,RF) RET",95,11,3,13,0,0.219,0.282,21,4,0,8,26,0.369,0.652
"Ryan Bliss (SEA - 2B,SS)",44,5,1,4,2,0.216,0.269,9,2,0,3,12,0.332,0.601
Chad Wallach (LAA - C) MiLB,49,5,2,5,0,0.188,0.259,9,2,0,5,17,0.334,0.593
Austin Nola (KC - C) MiLB,40,4,1,4,0,0.241,0.311,10,2,0,4,8,0.333,0.644
Roberto Perez (C) FA,45,5,2,5,0,0.202,0.286,9,1,0,5,17,0.337,0.623
"Corey Dickerson (LF,RF) FA",108,12,2,12,1,0.255,0.296,28,6,1,6,22,0.384,0.679
"Braden Shewmake (CWS - 2B,3B,SS)",187,22,5,20,5,0.219,0.264,41,9,1,12,47,0.349,0.613
Coco Montes (COL - 2B) MiLB,19,2,0,2,0,0.236,0.291,5,1,0,1,6,0.366,0.657
"Jonathan Schoop (2B,3B) FA",107,12,3,12,1,0.232,0.275,25,5,0,6,26,0.362,0.637
Drew Romo (COL - C),39,5,1,4,1,0.252,0.295,10,2,0,2,9,0.386,0.68
Jose Herrera (ARI - C),55,6,0,5,0,0.213,0.29,12,2,0,6,14,0.281,0.571
Jacob Amaya (CWS - SS),53,6,1,5,1,0.22,0.301,12,2,0,6,13,0.333,0.634
"Spencer Horwitz (TOR - 1B,2B,DH)",51,6,1,6,0,0.252,0.339,13,3,0,7,11,0.377,0.715
"Weston Wilson (PHI - 3B,LF)",30,4,1,3,1,0.198,0.276,6,1,0,3,10,0.35,0.626
"Alan Trejo (2B,3B,SS) FA",140,17,4,17,2,0.246,0.289,34,8,1,8,36,0.399,0.688
"Osleivis Basabe (TB - 3B,SS)",30,4,0,3,1,0.258,0.305,8,2,0,2,6,0.35,0.655
"Matt Duffy (TEX - 1B,2B,3B)",103,11,1,9,1,0.244,0.297,25,4,0,8,23,0.316,0.613
Manny Pina (C) FA,39,5,2,5,0,0.221,0.283,9,2,0,3,9,0.381,0.664
"Rougned Odor (2B,RF) FA",110,14,4,14,1,0.217,0.283,24,5,0,10,30,0.379,0.662
Rafael Marchan (PHI - C),35,4,0,4,0,0.236,0.297,8,2,0,3,6,0.318,0.615
"Rodolfo Castro (PHI - 2B,3B,SS) IL60",50,6,2,6,1,0.215,0.278,11,2,0,4,16,0.385,0.663
"Keston Hiura (LAA - 1B,2B,LF) MiLB",60,8,3,9,1,0.229,0.294,14,3,0,6,22,0.409,0.703
"Roman Anthony (BOS - CF,OF) MiLB",18,3,0,2,0,0.258,0.35,5,1,0,3,5,0.388,0.738
"Jon Singleton (HOU - 1B,DH)",141,18,5,18,0,0.203,0.31,29,6,0,22,47,0.363,0.673
"Sam Haggerty (SEA - 2B,LF) IL60",89,12,2,9,6,0.236,0.306,21,5,0,9,23,0.356,0.662
Ali Sanchez (MIA - C) MiLB,25,3,0,3,0,0.23,0.287,6,1,0,2,6,0.32,0.607
Brian Serven (TOR - C) MiLB,47,4,1,5,0,0.188,0.237,9,2,0,3,15,0.301,0.537
Drew Millas (WSH - C),31,3,0,3,0,0.239,0.311,7,1,0,3,7,0.315,0.626
"Nick Martini (CIN - DH,LF,RF)",126,17,4,17,0,0.238,0.316,30,5,1,14,35,0.394,0.71
"Josh Harrison (2B,3B) FA",74,8,1,8,1,0.243,0.282,18,4,0,4,15,0.354,0.636
Wade Meckler (SF - CF),41,5,0,4,1,0.261,0.339,11,2,0,5,10,0.354,0.692
Pedro Pages (STL - C),28,3,1,3,0,0.218,0.281,6,1,0,2,8,0.35,0.631
Tyler Heineman (TOR - C),28,3,0,2,0,0.222,0.293,6,1,0,3,6,0.292,0.585
"Matthew Batten (SD - 2B,3B) MiLB",96,11,1,8,4,0.212,0.288,20,4,0,10,29,0.297,0.585
Cam Gallagher (PHI - C) MiLB,67,5,1,6,0,0.185,0.229,12,3,0,4,20,0.265,0.494
"Luis Guillorme (ARI - 2B,3B,SS) MiLB",119,14,1,11,1,0.251,0.331,30,5,1,14,24,0.335,0.667
Michael Perez (C) FA,29,3,1,3,0,0.181,0.251,5,1,0,3,9,0.292,0.544
"Trey Cabbage (HOU - 1B,LF,RF)",21,3,1,3,1,0.217,0.279,4,1,0,2,8,0.417,0.696
"Tyler Nevin (OAK - 1B,3B,DH,LF,RF)",38,5,1,5,0,0.239,0.307,9,2,0,4,9,0.363,0.67
"Tucupita Marcano (SD - 2B,SS) SUS",61,7,1,6,1,0.238,0.298,15,3,0,5,12,0.342,0.64
Tomas Nido (C) FA,18,2,0,2,0,0.212,0.248,4,1,0,1,5,0.289,0.538
"Austin Shenton (TB - 1B,3B,DH)",39,5,1,5,0,0.228,0.316,9,3,0,5,14,0.387,0.703
"Willie Calhoun (LAA - DH,RF) MiLB",64,8,2,7,0,0.231,0.299,15,3,0,6,10,0.37,0.668
Sandy Leon (ATL - C) MiLB,44,4,1,4,0,0.187,0.259,8,2,0,4,14,0.281,0.541
Dillon Dingler (DET - C),24,3,1,3,0,0.212,0.272,5,1,0,2,8,0.359,0.631
"Jordyn Adams (LAA - CF,RF)",34,4,1,3,2,0.206,0.268,7,1,0,3,12,0.312,0.58
Jair Camargo (MIN - C),22,2,1,3,0,0.214,0.258,5,1,0,1,8,0.386,0.644
"Michael Chavis (CWS - 1B,2B,3B) MiLB",96,11,3,11,1,0.221,0.264,21,4,0,6,32,0.364,0.628
"Zack Short (ATL - 2B,3B,SS) MiLB",68,8,2,8,1,0.191,0.292,13,3,0,10,23,0.33,0.622
"Luis Torrens (NYM - C,DH)",94,10,3,12,0,0.227,0.282,21,4,0,7,28,0.369,0.651
"Kyren Paris (LAA - 2B,SS)",27,4,1,2,2,0.22,0.314,6,1,0,4,10,0.332,0.646
Jesus Aguilar (1B) FA,80,8,3,10,0,0.222,0.285,18,3,0,7,21,0.365,0.65
Rob Brantly (C) FA,32,3,0,3,0,0.216,0.27,7,1,0,2,6,0.304,0.574
Cesar Salazar (HOU - C),23,3,0,2,0,0.207,0.265,5,1,0,2,6,0.309,0.575
"Brady House (WSH - 3B,SS) MiLB",40,4,1,5,0,0.242,0.278,10,2,0,2,12,0.349,0.627
"Kyle McCann (OAK - C,DH)",24,2,1,3,0,0.18,0.244,4,1,0,2,10,0.332,0.576
Luke Voit (1B) FA,72,9,3,10,0,0.213,0.293,15,3,0,8,26,0.386,0.679
Logan Porter (NYM - C) MiLB,23,3,0,2,0,0.217,0.305,5,1,0,3,7,0.313,0.617
Donny Sands (DET - C) MiLB,25,2,0,2,0,0.215,0.282,5,1,0,2,6,0.308,0.59
"Tyler Gentry (KC - OF,RF)",76,9,2,9,1,0.24,0.314,18,4,0,8,21,0.366,0.681
"Blake Perkins (MIL - LF,CF,RF)",109,14,3,12,3,0.216,0.305,23,5,1,14,34,0.348,0.653
Paul McIntosh (MIA - C) MiLB,16,2,1,2,0,0.217,0.284,4,1,0,2,5,0.37,0.654
Chadwick Tromp (ATL - C),21,2,1,2,0,0.204,0.276,4,1,0,2,5,0.339,0.615
"Jackie Bradley Jr. (NYM - CF,RF) MiLB",62,7,1,6,1,0.201,0.254,12,3,0,4,18,0.306,0.56
"Tyler Fitzgerald (SF - 2B,CF,SS)",88,11,3,10,3,0.219,0.272,19,4,1,6,29,0.366,0.637
Hunter Feduccia (LAD - C) MiLB,11,1,0,1,0,0.205,0.286,2,0,0,1,3,0.317,0.603
"Brett Phillips (NYY - CF,RF) MiLB",74,9,2,7,3,0.174,0.262,13,2,0,9,34,0.312,0.574
Israel Pineda (WSH - C) MiLB,15,1,0,2,0,0.202,0.255,3,1,0,1,4,0.338,0.593
Rece Hinds (CIN - RF),18,2,1,3,0,0.22,0.266,4,1,0,1,7,0.383,0.649
"Andrew Knapp (SF - 1B,C) MiLB",11,1,0,1,0,0.202,0.262,2,0,0,1,4,0.314,0.576
"Dane Myers (MIA - CF,LF,RF)",104,13,3,13,3,0.254,0.303,26,4,0,7,28,0.39,0.693
Taylor Trammell (NYY - LF) MiLB,65,8,3,8,2,0.202,0.29,13,3,0,8,23,0.365,0.655
"Miles Mastrobuoni (CHC - 2B,3B,RF,SS)",67,9,1,6,3,0.251,0.33,17,3,0,8,17,0.356,0.687
Payton Henry (TOR - C) MiLB,9,1,0,1,0,0.219,0.269,2,0,0,1,3,0.334,0.603
"Dustin Harris (TEX - 1B,LF,OF)",23,3,1,3,1,0.233,0.316,5,1,0,3,7,0.368,0.685
"Damiano Palmegiani (TOR - 1B,3B) MiLB",38,4,1,5,0,0.206,0.286,8,2,0,4,12,0.366,0.653
Anthony Bemboom (DET - C) MiLB,19,2,0,1,0,0.192,0.264,4,1,0,2,5,0.268,0.532
"Juan Brito (CLE - 2B,3B,SS)",39,5,1,5,1,0.242,0.322,9,2,0,5,8,0.365,0.687
"Hanser Alberto (2B,3B) FA",89,10,2,10,1,0.255,0.279,23,5,1,3,13,0.379,0.658
Blake Hunt (BAL - C),16,2,1,2,0,0.201,0.255,3,1,0,1,5,0.358,0.613
"Jorge Alfaro (C,DH) FA",54,6,1,6,1,0.235,0.271,13,2,0,3,18,0.358,0.63
Kyle Lewis (DH) FA,57,7,2,8,0,0.236,0.312,13,2,0,6,17,0.395,0.706
Tim Locastro (SD - LF) MiLB,40,5,1,3,2,0.207,0.252,8,2,0,2,11,0.319,0.571
"Brad Miller (SD - 3B,DH,LF) MiLB",89,11,3,11,1,0.204,0.287,18,3,0,10,28,0.352,0.639
"Jose Rodriguez (PHI - 2B,SS) SUS",85,10,3,10,3,0.236,0.27,20,4,0,4,18,0.378,0.649
"J.P. Martinez (ATL - LF,OF) MiLB",35,5,1,4,2,0.217,0.296,8,1,0,4,13,0.32,0.615
"Pedro Leon (HOU - 2B,CF,RF)",38,4,1,4,2,0.191,0.279,7,2,0,5,14,0.322,0.601
"Kevin Alcantara (CHC - CF,OF)",54,7,1,7,2,0.25,0.311,14,2,1,5,15,0.387,0.698
"Darin Ruf (1B,LF,RF,DH) FA",51,7,2,7,0,0.222,0.317,11,2,0,7,17,0.387,0.704
Tommy La Stella (DH) FA,71,8,1,7,0,0.238,0.3,17,4,0,6,12,0.355,0.655
"Jordan Luplow (PHI - LF,RF) MiLB",44,6,2,6,1,0.214,0.3,9,2,0,5,12,0.414,0.714
"Oscar Mercado (DET - LF,RF) MiLB",47,5,1,5,2,0.221,0.274,10,2,0,3,11,0.358,0.632
"Brett Wisely (SF - 2B,CF,SS)",38,5,1,4,1,0.226,0.302,9,2,0,4,11,0.351,0.654
"Nasim Nunez (WSH - 2B,SS)",114,13,1,9,7,0.216,0.3,25,4,0,14,29,0.281,0.582
"Oliver Dunn (MIL - 2B,3B,DH) IL60",45,6,1,5,1,0.212,0.301,9,2,0,6,17,0.364,0.665
"Kenedy Corona (HOU - CF,OF,RF)",27,4,1,3,1,0.213,0.275,6,1,0,2,8,0.359,0.634
Evan White (LAA - 1B) MiLB,39,4,2,5,0,0.194,0.265,8,2,0,4,12,0.37,0.634
"Jose Barrero (TEX - SS,CF) MiLB",51,6,1,6,1,0.208,0.258,11,2,0,3,19,0.341,0.599
"Ryan McKenna (PHI - LF,CF,RF) MiLB",72,10,2,8,2,0.222,0.29,16,3,0,7,24,0.348,0.638
"Danny Mendick (CWS - 2B,3B) MiLB",47,5,1,5,1,0.229,0.287,11,2,0,4,10,0.338,0.625
Nathan Martorella (MIA - 1B) MiLB,39,5,1,5,0,0.225,0.296,9,2,0,4,10,0.365,0.66
"Pavin Smith (ARI - 1B,DH,LF,RF)",57,7,2,7,0,0.24,0.324,14,3,0,7,13,0.386,0.711
"Alika Williams (PIT - 2B,SS)",74,8,1,7,1,0.231,0.291,17,4,0,6,18,0.332,0.623
"George Valera (CLE - LF,CF,RF)",52,6,2,6,0,0.213,0.307,11,2,0,7,18,0.352,0.659
"Franmil Reyes (DH,LF,RF) FA",70,8,3,10,0,0.221,0.284,15,3,0,6,24,0.395,0.679
"Kevin Newman (ARI - 1B,2B,3B,SS)",74,8,1,7,2,0.259,0.302,19,4,0,5,11,0.354,0.656
"Yu Chang (1B,2B,SS) FA",69,8,2,8,1,0.212,0.263,15,3,0,5,22,0.368,0.631
"Zach Remillard (CWS - 2B,3B,OF) MiLB",54,6,1,5,2,0.213,0.277,12,2,0,5,15,0.294,0.571
"Nathan Lukes (TOR - LF,RF)",55,7,1,6,1,0.255,0.31,14,3,0,4,11,0.357,0.667
"Jose Fermin (STL - 2B,3B,DH)",30,4,0,3,0,0.231,0.306,7,1,0,3,4,0.322,0.629
"Hunter Dozier (1B,3B,LF,RF) FA",66,8,2,7,1,0.217,0.281,14,3,0,6,22,0.376,0.658
Jonathan Davis (CF) FA,36,5,1,3,1,0.215,0.291,8,1,0,4,11,0.313,0.603
"David Villar (SF - 1B,2B,3B)",35,4,1,4,0,0.211,0.287,7,1,0,4,12,0.362,0.65
"Jake Marisnick (LAA - CF,LF) MiLB",38,4,1,4,1,0.216,0.272,8,2,0,3,13,0.342,0.614
"Trayce Thompson (CHC - CF,LF,RF) MiLB",61,7,3,8,1,0.189,0.275,11,2,0,7,26,0.354,0.629
"Kody Clemens (PHI - 1B,2B,3B,LF)",49,6,2,7,0,0.218,0.283,11,2,0,4,14,0.385,0.667
Canaan Smith-Njigba (RF) FA,36,4,1,4,1,0.23,0.312,8,2,0,4,12,0.346,0.658
"Christian Arroyo (MIL - 1B,2B,3B,RF,SS) MiLB",39,4,1,4,1,0.245,0.281,9,2,0,2,9,0.359,0.64
Brett Harris (OAK - 3B),12,1,0,1,0,0.216,0.285,3,0,0,1,3,0.313,0.599
"Kevin Smith (NYY - 3B,SS) MiLB",81,9,3,9,2,0.209,0.258,17,4,0,5,27,0.361,0.62
"Jonah Bride (MIA - 1B,3B,DH)",80,10,1,9,1,0.234,0.322,19,4,0,10,18,0.349,0.671
"Bubba Thompson (CIN - CF,LF) MiLB",49,6,1,5,4,0.231,0.274,11,2,0,3,15,0.347,0.622
"Andrew Velazquez (ATL - 2B,SS) MiLB",52,7,1,4,4,0.203,0.261,11,2,0,4,19,0.314,0.575
"Leury Garcia (ATL - 2B,3B,LF,RF,SS) MiLB",65,8,1,6,1,0.246,0.288,16,3,0,4,15,0.336,0.624
"Grae Kessinger (HOU - 2B,3B,SS)",58,7,1,6,1,0.204,0.279,12,2,0,6,17,0.312,0.592
Jared Young (STL - 1B) MiLB,25,3,1,3,0,0.21,0.283,5,1,0,3,7,0.334,0.617
Alfonso Rivas (STL - 1B) MiLB,37,5,1,4,0,0.23,0.311,8,2,0,4,11,0.335,0.646
"Zach DeLoach (CWS - LF,RF)",58,7,2,7,0,0.215,0.29,13,2,0,6,21,0.345,0.635
"Aaron Schunk (COL - 2B,3B)",25,3,1,3,0,0.237,0.283,6,1,0,2,7,0.373,0.657
"Franchy Cordero (1B,LF,RF) FA",49,7,2,6,1,0.226,0.294,11,2,0,5,17,0.405,0.699
Mike Brosseau (NYM - 3B) MiLB,32,4,1,4,0,0.217,0.277,7,1,0,3,9,0.35,0.626
"Johnathan Rodriguez (CLE - LF,RF)",25,3,1,3,0,0.24,0.3,6,1,0,2,9,0.394,0.693
Darick Hall (PHI - 1B) MiLB,31,4,1,4,0,0.223,0.287,7,2,0,3,9,0.42,0.707
"Rafael Ortega (CWS - CF,LF) MiLB",51,6,1,5,2,0.212,0.302,11,2,0,7,13,0.326,0.628
"Max Schuemann (OAK - 2B,3B,CF,LF,OF,SS)",14,2,0,1,1,0.207,0.308,3,1,0,2,4,0.3,0.609
"Ryan Kreidler (DET - 3B,SS)",31,4,1,3,1,0.209,0.285,6,1,0,3,10,0.368,0.653
"Ben Gamel (HOU - LF,RF) IL60",54,7,1,5,1,0.224,0.311,12,3,0,7,15,0.347,0.658
"Leo Jimenez (TOR - 2B,SS)",35,4,1,4,0,0.24,0.305,8,2,0,3,8,0.355,0.66
"Jonathan Ornelas (TEX - 3B,SS)",26,3,0,2,0,0.228,0.294,6,1,0,2,8,0.302,0.596
"Nate Eaton (KC - 3B,CF,LF,RF) MiLB",64,7,1,6,3,0.217,0.27,14,3,0,5,18,0.328,0.598
"Tirso Ornelas (SD - LF,RF)",32,4,1,3,0,0.236,0.294,8,2,0,3,8,0.355,0.649
"Jeter Downs (2B,3B,SS) FA",47,6,1,5,2,0.196,0.274,9,2,0,5,16,0.336,0.61
Julio Carreras (COL - SS) MiLB,32,4,1,3,1,0.251,0.3,8,2,0,2,9,0.351,0.651
"TJ Hopkins (DET - OF,RF) MiLB",35,4,1,4,0,0.232,0.299,8,2,0,3,11,0.369,0.667
"Billy McKinney (PIT - CF,LF,RF) MiLB",41,5,1,5,0,0.217,0.297,9,2,0,5,13,0.367,0.664
"Jose Iglesias (NYM - 2B,3B,SS)",29,3,0,3,0,0.254,0.284,7,2,0,1,5,0.331,0.615
"David Dahl (PHI - LF,RF) MiLB",18,2,0,2,0,0.228,0.28,4,1,0,1,5,0.322,0.602
"Michael Siani (STL - CF,RF)",55,7,1,5,2,0.206,0.283,11,2,0,6,15,0.31,0.593
"Ehire Adrianza (3B,SS) FA",29,3,0,3,0,0.216,0.28,6,1,0,3,7,0.295,0.575
"Cooper Hummel (HOU - DH,OF)",22,3,0,2,1,0.201,0.307,4,1,0,3,7,0.32,0.627
"Jake Lamb (1B,LF) FA",50,6,1,6,0,0.217,0.299,11,2,0,6,15,0.342,0.642
"Lazaro Armenteros (LF,OF,RF) FA",12,2,0,1,0,0.193,0.277,2,0,0,1,6,0.312,0.589
"Jose Tena (WSH - 2B,3B,SS)",26,3,0,3,0,0.237,0.286,6,1,0,2,9,0.342,0.628
"Jorge Barrosa (ARI - CF,LF,OF)",24,3,0,2,1,0.233,0.307,6,1,0,3,5,0.352,0.659
"Kyle Garlick (ARI - LF,RF) MiLB",48,6,2,6,0,0.209,0.27,10,2,0,4,18,0.369,0.639
"Vinny Capra (MIL - 3B,SS)",21,2,0,2,0,0.25,0.335,5,1,0,3,5,0.333,0.668
"Greg Jones (COL - CF,OF,SS)",43,6,1,5,3,0.225,0.279,10,2,1,3,17,0.368,0.647
Andre Lipcius (LAD - 3B) MiLB,32,4,1,4,0,0.237,0.315,8,2,0,4,7,0.357,0.673
"Jordan Groshans (OAK - 1B,3B) MiLB",40,4,1,4,0,0.228,0.304,9,2,0,4,8,0.315,0.619
"Yunior Severino (MIN - 1B,2B,3B)",20,3,1,3,0,0.221,0.292,5,1,0,2,8,0.371,0.663
"David Hensley (MIA - 2B,CI,RF)",33,4,1,3,1,0.208,0.297,7,2,0,4,11,0.304,0.601
"David Hamilton (BOS - 2B,SS)",19,3,0,2,1,0.22,0.301,4,1,0,2,6,0.337,0.638
"Gilberto Celestino (CHC - CF,LF,RF) MiLB",38,4,1,4,1,0.233,0.313,9,2,0,4,9,0.326,0.639
"Luke Williams (ATL - 2B,3B,DH,LF,SS)",34,4,1,3,2,0.213,0.274,7,1,0,3,10,0.311,0.584
"Heliot Ramos (SF - CF,DH,LF,RF)",25,3,1,3,0,0.226,0.284,6,1,0,2,7,0.356,0.64
"Diego Castillo (MIN - 2B,LF,OF,SS) MiLB",50,6,1,5,1,0.231,0.307,12,2,0,5,11,0.345,0.653
Peyton Burdick (CIN - RF) MiLB,29,3,1,3,1,0.191,0.27,6,1,0,3,12,0.34,0.611
"Livan Soto (BAL - 2B,3B,SS)",31,3,1,3,0,0.214,0.291,7,1,0,3,9,0.313,0.603
Terrin Vavra (BAL - RF) MiLB,42,5,1,4,1,0.243,0.315,10,2,0,4,10,0.345,0.66
"Andrew Stevenson (CF,LF,RF) FA",35,4,1,3,2,0.241,0.288,8,2,0,2,9,0.357,0.646
"Greg Allen (NYY - CF,LF,RF) MiLB",37,5,1,3,2,0.211,0.272,8,2,0,3,12,0.318,0.59
Jimmy Herron (COL - CF) MiLB,29,4,1,3,1,0.242,0.303,7,1,0,3,7,0.383,0.687
"Clint Frazier (LF,RF) FA",41,5,1,4,1,0.196,0.281,8,2,0,5,15,0.323,0.604
Mark Mathias (CIN - 2B) MiLB,34,4,1,4,1,0.232,0.315,8,2,0,4,11,0.352,0.667
"Conner Capel (CIN - LF,RF) MiLB",35,4,1,3,1,0.219,0.295,8,2,0,4,10,0.334,0.629
"Derek Hill (MIA - CF,DH,LF,RF)",34,4,1,3,1,0.23,0.279,8,1,0,2,10,0.341,0.62
"Angel Martinez (CLE - 2B,3B,CF,LF,RF,SS)",35,4,1,4,0,0.232,0.288,8,2,0,3,8,0.344,0.633
Lewin Diaz (1B) FA,37,4,1,5,0,0.209,0.272,8,2,0,3,10,0.366,0.638
"Jonathan Arauz (2B,3B) FA",43,5,1,5,0,0.196,0.268,8,2,0,4,11,0.316,0.584
"P.J. Higgins (CIN - 1B,C) MiLB",34,4,1,4,0,0.226,0.286,8,2,0,3,10,0.337,0.622
"Bryce Johnson (SD - CF,RF)",33,4,1,3,2,0.221,0.282,7,1,0,3,11,0.322,0.603
"Adam Engel (CF,LF,RF) FA",42,5,1,3,2,0.194,0.261,8,2,0,4,15,0.306,0.567
"Hoy Park (OAK - 2B,RF) MiLB",45,5,1,4,1,0.218,0.309,10,2,0,6,14,0.321,0.63
"Jhonkensy Noel (CLE - 1B,3B,LF,RF)",36,4,1,5,0,0.217,0.273,8,2,0,3,10,0.368,0.642
"Charles Leblanc (LAA - 2B,3B) MiLB",25,3,1,3,0,0.227,0.293,6,1,0,2,9,0.366,0.659
"Moises Gomez (STL - LF,OF,RF) MiLB",39,4,1,5,0,0.2,0.255,8,2,0,3,15,0.355,0.61
"Victor Reyes (CF,LF,RF) FA",29,3,1,3,0,0.243,0.283,7,1,0,2,7,0.362,0.645
"Bradley Zimmer (CF,RF) FA",53,7,1,4,3,0.192,0.259,10,2,0,5,23,0.308,0.567
"Bligh Madris (DET - 1B,RF)",39,4,1,4,1,0.202,0.283,8,2,0,4,11,0.324,0.607
"Jahmai Jones (NYY - 2B,DH,LF,OF,RF) MiLB",30,4,1,3,1,0.215,0.309,6,2,0,4,9,0.332,0.642
"Simon Muzziotti (CF,LF) FA",32,4,0,3,1,0.244,0.299,8,1,0,3,7,0.357,0.656
Adam Haseley (RF) FA,43,4,1,3,1,0.215,0.27,9,2,0,3,9,0.306,0.576
"Travis Blankenhorn (DH,LF) FA",28,3,1,3,0,0.221,0.287,6,1,0,3,8,0.38,0.667
"Eli White (ATL - CF,LF,RF)",14,2,0,2,1,0.205,0.282,3,0,0,2,5,0.318,0.6
"Wenceel Perez (DET - 2B,CF,RF)",24,3,0,2,1,0.241,0.311,6,1,0,2,5,0.369,0.68
"Niko Goodrum (BAL - 1B,2B,CI,LF) MiLB",35,5,1,4,1,0.213,0.318,7,2,0,5,12,0.332,0.65
"Yonathan Daza (CF,LF) FA",18,2,0,2,0,0.27,0.312,5,1,0,1,3,0.364,0.676
"Taylor Kohlwey (CF,LF,RF) FA",27,3,0,3,1,0.21,0.296,6,1,0,3,7,0.31,0.606
Jorbit Vivas (NYY - 2B) MiLB,23,3,0,2,0,0.243,0.313,6,1,0,2,4,0.351,0.665
"Jake Mangum (TB - CF,LF) MiLB",19,2,0,2,0,0.25,0.286,5,1,0,1,4,0.292,0.578
Mason McCoy (SD - SS),36,4,1,3,1,0.179,0.251,6,1,0,3,13,0.289,0.54
Tim Elko (CWS - 3B) MiLB,11,1,0,1,0,0.199,0.225,2,0,0,0,4,0.316,0.54
Eddys Leonard (DET - SS),24,3,1,3,0,0.238,0.292,6,1,0,2,6,0.359,0.651
"Irving Lopez (2B,3B,LF) FA",38,4,1,4,0,0.206,0.269,8,2,0,3,9,0.304,0.574
"Daniel Schneemann (CLE - 2B,3B,CF,LF,RF,SS)",21,2,0,2,1,0.228,0.288,5,1,0,2,6,0.283,0.571
"Tristan Gray (OAK - 1B,3B,SS)",34,4,1,5,0,0.197,0.252,7,2,0,2,13,0.376,0.628
"Seth Beer (PIT - 1B,DH) MiLB",28,3,1,3,0,0.218,0.291,6,2,0,3,7,0.338,0.63
Cal Stevenson (PHI - CF),16,2,0,2,1,0.216,0.314,3,1,0,2,5,0.326,0.64
"Niko Kavadas (LAA - 1B,DH)",11,1,0,1,0,0.201,0.303,2,0,0,2,5,0.36,0.663
"Wes Clarke (MIL - C,1B) MiLB",13,2,0,2,0,0.199,0.29,3,1,0,2,5,0.356,0.646
"David Bote (CHC - 2B,3B,SS) MiLB",12,1,0,1,0,0.222,0.284,3,1,0,1,4,0.359,0.643
Hunter Stovall (COL - 2B) MiLB,14,2,0,1,0,0.253,0.3,4,1,0,1,3,0.356,0.655
"Alejo Lopez (ATL - 2B,3B,RF,SS) MiLB",9,1,0,1,0,0.25,0.304,2,0,0,1,2,0.329,0.634
"Chris Roller (MIL - CF,OF) MiLB",11,1,0,1,0,0.197,0.284,2,0,0,1,4,0.301,0.585
"Yonny Hernandez (MIL - 2B,3B) MiLB",10,1,0,1,1,0.214,0.3,2,0,0,1,3,0.283,0.583
"Carlos De La Cruz (PHI - 1B,OF,RF) MiLB",23,2,1,2,0,0.214,0.278,5,1,0,2,8,0.362,0.64
Didi Gregorius (SS) FA,7,1,0,1,0,0.226,0.274,1,0,0,0,1,0.35,0.624
"Luis Liberato (ATL - CF,RF) MiLB",23,2,0,2,0,0.184,0.274,4,1,0,3,7,0.288,0.562
Erik Gonzalez (CIN - SS) MiLB,8,1,0,1,0,0.226,0.261,2,0,0,0,2,0.296,0.557
"Phillip Evans (3B,LF,RF,SS) FA",7,1,0,1,0,0.232,0.301,2,0,0,1,2,0.335,0.636
"Chris Owings (2B,SS) FA",11,1,0,1,0,0.203,0.271,2,0,0,1,4,0.338,0.61
"Cole Tucker (LAA - 2B,3B,CF,DH,LF,OF,RF) MiLB",20,2,0,2,0,0.201,0.294,4,1,0,3,5,0.295,0.588
"Brewer Hicklen (MIL - LF,RF)",6,1,0,1,0,0.188,0.278,1,0,0,1,2,0.273,0.551
Blaine Crim (TEX - 1B) MiLB,6,1,0,1,0,0.301,0.385,2,0,0,1,2,0.24,0.626
"Blake Rutherford (CF,LF) FA",64,6,1,6,1,0.234,0.276,15,4,0,4,15,0.354,0.629
Carlos Perez (CWS - C) MiLB,74,6,2,8,0,0.208,0.252,15,3,0,4,12,0.325,0.577
"Jeremy De La Rosa (WSH - CF,OF,RF) MiLB",37,4,1,4,2,0.22,0.293,8,1,0,4,14,0.32,0.613
"Luis Vazquez (CHC - 2B,SS)",40,4,1,4,1,0.216,0.279,9,1,0,3,11,0.313,0.591
"Rylan Bannon (NYM - 2B,3B) MiLB",45,5,1,5,1,0.172,0.288,8,1,0,7,12,0.282,0.57
"Diego Hernandez (KC - CF,OF) MiLB",24,3,0,2,1,0.238,0.288,6,1,0,2,6,0.3,0.588
Carlos Narvaez (NYY - C) MiLB,22,3,1,3,0,0.191,0.285,4,1,0,3,8,0.364,0.649
Diego Cartaya (LAD - C) MiLB,26,3,1,3,0,0.188,0.261,5,1,0,3,9,0.345,0.606
Chris Okey (LAD - C) MiLB,20,2,1,2,0,0.188,0.241,4,1,0,1,6,0.328,0.568
Joe Hudson (NYM - C) MiLB,17,2,1,2,0,0.182,0.269,3,1,0,2,6,0.423,0.692
"Buddy Kennedy (PHI - 2B,3B)",19,2,0,2,0,0.221,0.315,4,1,0,3,5,0.332,0.647
Jacob Wilson (OAK - SS),36,3,1,3,0,0.174,0.237,6,1,0,3,8,0.272,0.509
Brian O'Keefe (KC - C) MiLB,24,2,1,2,0,0.174,0.251,4,1,0,2,7,0.323,0.574
"Cam Eden (NYY - CF,LF,RF) MiLB",11,1,0,1,1,0.209,0.266,2,1,0,1,4,0.314,0.579
"Victor Mesa Jr. (MIA - LF,OF)",13,1,0,1,0,0.23,0.283,3,1,0,1,3,0.334,0.617
Ryan Ward (LAD - LF) MiLB,6,1,0,1,0,0.179,0.199,1,0,0,0,2,0.231,0.429
Tyler Cropley (KC - C) MiLB,23,2,0,2,0,0.185,0.26,4,1,0,2,6,0.252,0.513
Chandler Seagle (SD - C) MiLB,24,2,0,1,0,0.171,0.223,4,1,0,2,8,0.24,0.462