Player,Model24,K,W,SV,ERA,WHIP,ER,H,BB,HR,G,GS,L,CG
Spencer Strider (ATL - SP) IL60,179,256,15,0,3.26,1.07,65,133,58,20,30,30,6,0
Corbin Burnes (BAL - SP),187.7,200,12,0,3.56,1.16,74,159,58,20,31,31,8,0
Zack Wheeler (PHI - SP),189.4,195,13,0,3.5,1.13,74,168,47,21,31,31,8,1
Luis Castillo (SEA - SP),189.1,202,13,0,3.53,1.16,74,162,58,22,31,31,9,0
George Kirby (SEA - SP),184.9,173,12,0,3.56,1.1,73,174,30,23,31,31,9,1
Pablo Lopez (MIN - SP),185.1,204,12,0,3.57,1.14,73,162,50,21,31,31,9,1
Kevin Gausman (TOR - SP),183.6,211,13,0,3.46,1.14,71,162,48,23,31,31,9,0
Zac Gallen (ARI - SP),189.4,192,13,0,3.66,1.17,77,170,52,23,31,31,9,1
Tyler Glasnow (LAD - SP) IL60,141.9,180,11,0,3.48,1.12,55,114,44,18,25,25,6,0
Logan Webb (SF - SP),194.7,173,13,0,3.39,1.17,73,186,42,16,31,31,9,1
Tarik Skubal (DET - SP),152.5,173,10,0,3.4,1.11,58,129,40,16,28,28,8,0
Yoshinobu Yamamoto (LAD - SP),170.7,178,13,0,3.64,1.1,69,145,43,21,28,28,7,3
Aaron Nola (PHI - SP),189.5,199,12,0,3.82,1.12,80,172,41,26,31,31,9,1
Freddy Peralta (MIL - SP),163.3,195,11,0,3.69,1.15,67,132,57,22,29,29,9,0
Edwin Diaz (NYM - RP),61.1,93,3,34,2.82,1.03,19,42,21,6,61,0,2,0
Framber Valdez (HOU - SP),190.8,188,14,0,3.39,1.21,72,169,62,17,30,30,8,2
Josh Hader (HOU - RP),60.4,86,3,33,3.18,1.13,21,42,27,7,61,0,2,0
Max Fried (ATL - SP),168,159,13,0,3.38,1.18,63,156,42,17,29,29,7,1
Emmanuel Clase (CLE - RP),67.1,67,4,35,3.03,1.11,23,58,16,5,67,0,3,0
Blake Snell (SF - SP),160.8,204,11,0,3.58,1.27,64,128,76,17,29,29,9,0
Logan Gilbert (SEA - SP),185.6,181,12,0,3.8,1.16,78,171,45,25,31,31,9,0
Grayson Rodriguez (BAL - SP),162.9,175,10,0,3.75,1.21,68,143,54,19,30,30,8,0
Camilo Doval (SF - RP),65.7,80,4,35,3.37,1.23,25,53,28,6,66,0,3,0
Zach Eflin (BAL - SP),168.6,163,12,0,3.56,1.11,67,157,30,20,30,30,8,0
Bobby Miller (LAD - SP) MiLB,149.5,147,11,0,3.85,1.19,64,135,43,18,27,27,7,0
Jesus Luzardo (MIA - SP) IL60,168.5,192,10,0,3.8,1.22,71,148,57,22,30,30,9,0
Raisel Iglesias (ATL - RP),63.7,76,4,32,3.38,1.13,24,55,17,8,62,0,3,0
Joe Ryan (MIN - SP) IL60,167.9,185,11,0,3.98,1.14,74,147,44,26,30,30,9,0
Justin Steele (CHC - SP),172,165,11,0,3.68,1.24,70,162,52,18,30,30,8,0
Andres Munoz (SEA - RP),60.4,82,4,28,2.99,1.12,20,45,23,5,60,0,3,0
Joe Musgrove (SD - SP),160.4,156,11,0,3.62,1.16,65,145,41,20,27,27,8,0
"Cole Ragans (KC - SP,RP)",161,170,10,0,3.93,1.3,70,143,66,19,29,28,10,0
Alexis Diaz (CIN - RP),67.1,82,4,31,3.96,1.27,30,52,33,9,67,0,4,0
Dylan Cease (SD - SP),173.7,205,11,0,3.85,1.27,74,147,74,21,31,31,9,0
David Bednar (PIT - RP),64.4,76,3,31,3.36,1.16,24,54,21,7,63,0,3,0
Evan Phillips (LAD - RP) MiLB,64.2,72,4,29,3.43,1.14,24,54,20,8,62,0,3,0
Tanner Bibee (CLE - SP),162.1,159,10,0,3.93,1.22,71,148,50,22,28,28,9,0
Pete Fairbanks (TB - RP),57.1,79,4,29,2.98,1.11,19,41,22,5,59,0,2,0
Jhoan Duran (MIN - RP),52.7,70,3,26,2.83,1.12,17,40,19,4,52,0,2,0
Ryan Helsley (STL - RP),61.1,78,4,27,3.24,1.16,22,45,26,7,60,0,3,0
Clay Holmes (NYY - RP),65.2,69,4,31,3.44,1.24,25,56,25,5,65,0,3,0
Jordan Romano (TOR - RP) IL60,56.3,66,4,28,3.49,1.19,22,47,21,7,56,0,3,0
Sonny Gray (STL - SP),162,151,10,0,3.66,1.23,66,147,53,17,29,29,8,0
Chris Sale (ATL - SP),137.7,162,10,0,3.78,1.16,58,120,40,19,26,26,6,0
Chris Bassitt (TOR - SP),188.1,168,12,0,4.02,1.23,84,176,55,25,31,31,10,1
Shane Bieber (CLE - SP) IL60,173.8,166,10,0,3.74,1.2,72,164,45,21,28,28,9,1
Tanner Scott (SD - RP),67.1,88,4,26,3.26,1.22,24,53,29,5,69,0,3,0
Bailey Ober (MIN - SP),151,148,9,0,4.07,1.18,68,142,35,24,28,28,8,0
Hunter Greene (CIN - SP),149.9,187,9,0,4.27,1.24,71,128,58,25,28,28,9,0
Merrill Kelly (ARI - SP),179.7,168,11,0,4.04,1.28,81,169,61,23,30,30,10,0
"Michael King (SD - SP,RP)",143.8,162,9,0,3.69,1.22,59,124,51,18,36,24,8,0
Kenley Jansen (BOS - RP),58.5,68,3,30,4.05,1.24,26,50,23,8,59,0,3,0
Carlos Rodon (NYY - SP),147.3,168,10,0,3.94,1.18,65,124,49,21,27,27,8,1
Yu Darvish (SD - SP),158.3,158,10,0,4.06,1.18,71,143,44,22,27,27,9,0
Hunter Brown (HOU - SP),143,153,10,0,3.93,1.27,62,129,53,17,30,25,8,0
Justin Verlander (HOU - SP),146.4,131,10,0,3.97,1.21,65,135,41,21,25,25,7,0
Jose Berrios (TOR - SP),176.6,166,11,0,4.12,1.23,81,169,49,25,31,31,10,0
Adbert Alzolay (CHC - RP) IL60,64.5,69,3,27,3.67,1.17,26,57,18,8,57,0,3,0
Mitch Keller (PIT - SP),183.1,177,11,0,4.15,1.3,85,177,61,21,31,31,10,0
Craig Kimbrel (RP) FA,65.5,81,4,26,3.83,1.22,28,52,28,9,66,0,4,0
Shota Imanaga (CHC - SP),157,158,9,0,3.9,1.22,68,147,44,22,28,28,8,2
Cristian Javier (HOU - SP) IL60,159,168,10,0,4.32,1.25,76,136,63,26,29,29,8,0
Jordan Montgomery (ARI - SP),160,146,10,0,3.8,1.25,68,155,45,18,27,28,8,0
Gerrit Cole (NYY - SP),98.8,112,7,0,3.55,1.11,39,84,26,14,16,16,4,1
Bryce Miller (SEA - SP),144.7,132,9,0,4.17,1.21,67,138,37,21,27,27,8,0
Jose Alvarado (PHI - RP),62.5,83,3,22,3.17,1.23,22,48,29,6,63,0,3,0
Walker Buehler (LAD - SP),129.6,121,9,0,3.96,1.21,57,121,36,17,23,23,6,1
Paul Sewald (ARI - RP),54.3,65,3,26,3.75,1.19,23,45,20,8,54,0,2,0
Nathan Eovaldi (TEX - SP),157.2,144,10,0,4.09,1.25,71,151,45,22,27,27,8,2
Aaron Civale (MIL - SP),139.6,131,8,0,4.05,1.21,63,131,38,19,26,26,8,0
Eury Perez (MIA - SP) IL60,101,115,6,0,3.85,1.18,43,85,34,14,20,20,6,0
"Nick Pivetta (BOS - SP,RP)",164.2,182,10,0,4.34,1.27,79,147,61,25,31,28,10,0
Brandon Pfaadt (ARI - SP),141.8,134,8,0,4.32,1.24,68,139,37,22,26,26,9,0
Jose Leclerc (TEX - RP),63.4,72,2,20,4.03,1.3,28,52,30,9,63,0,3,0
Charlie Morton (ATL - SP),152.7,167,11,0,4.16,1.33,71,138,65,19,27,27,8,0
Triston McKenzie (CLE - SP),145.3,145,8,0,4.07,1.21,66,129,47,22,25,25,9,0
Gavin Williams (CLE - SP),125.1,127,7,0,4.07,1.28,57,110,49,16,24,24,7,0
Alex Lange (DET - RP),64.6,77,3,22,3.99,1.37,29,53,35,7,64,0,4,0
"Ryan Pepiot (TB - SP,RP)",131.4,133,8,0,4.15,1.26,61,116,49,20,30,24,7,0
Kodai Senga (NYM - SP),119.3,140,8,0,3.7,1.27,49,98,53,14,21,21,6,1
Brayan Bello (BOS - SP),167.1,146,11,0,4.25,1.37,79,172,56,19,30,30,10,0
Eduardo Rodriguez (ARI - SP),140.4,134,10,0,3.93,1.29,61,135,46,17,24,25,8,0
Bryan Woo (SEA - SP),123.1,128,7,0,4.05,1.21,55,109,40,17,29,23,7,0
Nestor Cortes Jr. (NYY - SP),138.7,140,9,0,4.03,1.19,62,125,41,22,28,25,7,0
"Kenta Maeda (DET - RP,SP)",135.7,137,8,0,4.24,1.23,64,127,40,20,31,25,9,0
Braxton Garrett (MIA - SP) IL60,135.4,128,8,0,3.97,1.26,60,134,36,17,25,25,8,0
Nick Lodolo (CIN - SP),120.6,141,7,0,4.12,1.25,55,110,41,18,29,22,7,0
Kyle Harrison (SF - SP),134.7,151,7,0,4.15,1.31,62,117,60,18,28,27,7,0
Cristopher Sanchez (PHI - SP),136.2,120,8,0,4.15,1.29,63,132,43,18,31,23,7,0
Marcus Stroman (NYY - SP),156.6,132,10,0,3.98,1.29,69,152,50,18,28,28,8,1
Reid Detmers (LAA - SP),161.4,172,9,0,4.26,1.29,76,147,61,23,29,29,9,0
Kyle Finnegan (WSH - RP),66.3,64,3,20,4.13,1.32,30,62,25,9,66,0,4,0
Yusei Kikuchi (HOU - SP),149.3,158,9,0,4.18,1.3,69,139,55,23,29,29,8,0
Carlos Estevez (PHI - RP),64.3,71,3,22,4.23,1.32,30,58,27,9,65,0,4,0
Robert Suarez (SD - RP),62.3,65,3,24,3.92,1.23,27,52,24,8,61,0,4,0
"Kutter Crawford (BOS - SP,RP)",140.2,136,8,0,4.49,1.28,70,135,44,22,32,26,9,1
"Mason Miller (OAK - RP,SP)",61.6,79,3,18,3.32,1.14,23,45,25,7,61,0,3,0
Kyle Bradish (BAL - SP) IL60,107.4,106,7,0,3.78,1.24,45,98,35,12,20,19,6,0
Andrew Abbott (CIN - SP),115.8,127,7,0,4.37,1.32,56,108,45,19,22,22,7,0
Reese Olson (DET - SP),129.5,123,7,0,4.34,1.34,63,122,51,17,25,25,8,0
Griffin Canning (LAA - SP),142.6,149,8,0,4.24,1.26,67,134,46,22,26,26,8,0
MacKenzie Gore (WSH - SP),140.8,150,8,0,4.29,1.34,67,129,59,21,27,27,9,0
Luis Severino (NYM - SP),131.6,124,7,0,4.51,1.31,66,129,44,20,25,25,8,0
Michael Wacha (KC - SP),141.1,117,8,0,4.52,1.32,71,143,43,21,26,26,9,0
Devin Williams (MIL - RP),32.7,47,2,14,3.05,1.18,11,23,15,3,34,0,1,0
Seth Lugo (KC - SP),148.6,128,8,0,4.35,1.33,72,153,44,20,27,27,9,0
Will Smith (KC - RP),61.1,59,3,14,4.34,1.31,29,57,23,9,62,0,4,0
Shane Baz (TB - SP),97.2,105,6,0,3.83,1.19,41,85,31,13,24,18,5,0
Lance Lynn (STL - SP),166,155,10,0,4.41,1.29,81,162,52,26,29,29,10,0
Max Scherzer (TEX - SP),91.1,101,6,0,3.9,1.15,39,81,25,15,16,16,5,0
Taj Bradley (TB - SP),117.2,122,7,0,4.14,1.25,54,107,40,18,33,20,7,0
Jon Gray (TEX - SP) IL60,155.5,150,9,0,4.28,1.28,74,147,53,22,28,28,9,1
Emmet Sheehan (LAD - SP) IL60,72.7,82,5,0,4.28,1.29,35,62,31,11,29,10,3,0
"A.J. Puk (ARI - RP,SP)",100.1,114,6,1,3.96,1.24,44,91,33,14,41,14,7,0
"Louie Varland (MIN - SP,RP)",140.7,136,8,0,4.19,1.26,65,137,41,20,37,22,8,0
Robert Stephenson (LAA - RP) IL60,53.7,70,3,10,3.71,1.13,22,43,17,8,55,0,3,0
Ryan Pressly (HOU - RP),64.5,72,4,4,3.42,1.14,25,56,18,7,64,0,3,0
Yuki Matsui (SD - RP),61.4,78,3,7,3.53,1.22,24,48,27,7,61,0,3,0
Hunter Harvey (KC - RP),60.2,66,3,13,3.75,1.17,25,53,18,8,60,0,3,0
"Garrett Whitlock (BOS - SP,RP) IL60",118.2,114,7,0,4.08,1.22,54,116,28,16,34,18,7,0
Logan Allen (CLE - SP),137.9,131,8,0,4.15,1.31,64,131,50,19,26,26,8,0
Gavin Stone (LAD - SP) IL60,83.7,82,5,0,4.36,1.34,41,81,31,12,35,11,4,0
James Paxton (BOS - SP) IL60,109.4,114,8,0,4.27,1.3,52,103,39,18,27,20,6,0
Dean Kremer (BAL - SP),163.8,141,10,0,4.28,1.31,78,162,52,23,30,29,9,0
Edward Cabrera (MIA - SP),115.9,125,7,0,4.17,1.35,54,100,57,14,23,23,8,0
John Means (BAL - SP) IL60,118.4,92,7,0,4.28,1.21,56,116,28,20,26,22,7,0
David Robertson (TEX - RP),60.8,69,3,10,4.01,1.3,27,52,27,8,60,0,4,0
Ranger Suarez (PHI - SP),149.8,131,9,0,4.04,1.35,67,146,55,17,27,27,8,0
Tyler Wells (BAL - SP) IL60,99.9,93,6,0,4.32,1.21,48,91,30,17,43,13,5,0
"Jordan Hicks (SF - RP,SP)",113.1,124,8,0,3.82,1.35,48,97,55,10,38,20,8,0
Jason Adam (SD - RP),58.6,70,3,7,3.46,1.12,23,45,21,7,59,0,2,0
"DL Hall (MIL - RP,SP)",107.9,131,7,0,3.85,1.29,46,90,49,13,37,17,6,0
Jameson Taillon (CHC - SP),137.1,118,8,0,4.49,1.27,68,138,36,22,26,25,8,0
"Sean Manaea (NYM - SP,RP)",141.5,146,9,0,4.2,1.25,66,132,46,21,27,23,9,0
Kevin Ginkel (ARI - RP),63.7,69,4,8,3.62,1.24,26,54,25,6,64,0,3,0
Joel Payamps (MIL - RP),66.2,65,3,7,3.88,1.24,29,62,21,9,62,0,4,0
Aroldis Chapman (PIT - RP),60.2,90,3,5,3.3,1.27,22,42,35,6,61,0,3,0
Paul Skenes (PIT - SP),58.6,51,2,0,4.49,1.32,29,55,23,7,12,12,3,0
"Frankie Montas (MIL - SP,RP)",136.5,134,8,0,4.43,1.31,67,134,45,21,24,24,8,0
Jack Flaherty (LAD - SP),144.9,142,8,0,4.45,1.38,72,139,61,19,27,27,9,0
"Zack Littell (TB - SP,RP)",137,111,8,0,4.36,1.27,66,138,35,21,34,24,8,0
Abner Uribe (MIL - RP),59.4,76,2,6,3.63,1.37,24,45,37,5,60,0,2,0
Josiah Gray (WSH - SP) IL60,165.3,153,8,0,4.86,1.4,89,158,74,28,30,30,12,0
Griffin Jax (MIN - RP),63.6,65,4,5,3.92,1.22,28,58,20,7,56,0,4,0
Yennier Cano (BAL - RP),65.7,62,3,7,3.66,1.28,27,62,22,6,65,0,3,0
Clarke Schmidt (NYY - SP),148.4,136,9,0,4.36,1.3,72,145,48,21,28,28,8,0
"Chris Paddack (MIN - SP,RP) IL60",117,106,7,0,4.29,1.24,56,117,28,16,26,22,7,0
Matt Brash (SEA - RP) IL60,53.7,73,3,5,3.29,1.24,20,42,24,5,54,0,3,0
James McArthur (KC - RP),65.5,62,3,14,4.14,1.32,30,62,24,7,62,0,3,0
JP Sears (OAK - SP),161.8,148,8,0,4.34,1.26,78,154,51,26,29,29,11,0
"Andrew Heaney (TEX - SP,RP)",131.9,138,8,0,4.42,1.3,65,125,47,22,32,24,8,0
"Chase Silseth (LAA - SP,RP)",122.8,121,7,0,4.35,1.35,59,115,51,17,29,23,7,0
Taijuan Walker (PHI - SP),155.5,121,9,0,4.61,1.36,80,156,56,22,28,28,10,0
Miles Mikolas (STL - SP),180,125,10,0,4.48,1.29,90,192,40,27,31,31,11,0
Casey Mize (DET - SP),112.8,85,6,0,4.56,1.31,57,114,34,16,22,22,7,1
Max Meyer (MIA - SP),87,79,5,0,4.35,1.35,42,84,33,11,21,17,6,0
Trevor Rogers (BAL - SP),115.9,116,7,0,4.16,1.3,54,110,40,14,26,23,8,0
Patrick Sandoval (LAA - SP) IL60,154.2,145,9,0,4.14,1.39,71,149,66,18,28,28,9,0
Clayton Kershaw (LAD - SP) IL15,59.8,61,5,0,3.7,1.19,25,55,17,8,11,11,3,0
Bryan Abreu (HOU - RP),63.9,87,3,2,3.24,1.2,23,47,30,6,62,0,2,0
Justin Lawrence (COL - RP),65.4,67,3,16,4.44,1.44,32,62,32,7,66,0,4,0
Trevor Megill (MIL - RP),57.5,74,3,7,3.73,1.24,24,49,22,7,55,0,2,0
Graham Ashcraft (CIN - SP) IL60,150.2,118,8,0,4.67,1.39,78,157,52,20,27,27,9,0
"Michael Kopech (LAD - RP,SP)",71.4,77,3,12,4.57,1.38,36,62,37,11,60,2,4,0
Erick Fedde (STL - SP),142.2,120,7,0,4.85,1.39,77,146,51,24,26,26,10,0
Jared Jones (PIT - SP),107.4,95,6,0,4.65,1.4,55,106,43,14,24,20,7,0
Seranthony Dominguez (BAL - RP),60.4,63,4,4,4.04,1.32,27,54,26,8,61,0,4,0
"Steven Matz (STL - SP,RP)",121.1,114,8,0,4.02,1.27,54,118,36,16,30,21,7,0
Ricky Tiedemann (TOR - SP) MiLB,46.5,52,3,0,3.94,1.3,20,40,20,6,13,8,3,0
"Dane Dunning (TEX - SP,RP)",151.4,129,9,0,4.39,1.36,74,154,53,20,29,26,9,0
Tanner Houck (BOS - SP),136.8,129,9,0,4.3,1.34,65,133,50,16,31,26,9,1
"Reynaldo Lopez (ATL - RP,SP)",103,112,7,1,4,1.27,46,92,38,14,42,15,5,0
Alek Manoah (TOR - SP) IL60,93.3,85,6,0,4.51,1.34,47,87,38,13,19,17,6,0
Scott Barlow (RP) FA,66.9,76,3,3,3.73,1.25,28,58,26,8,65,0,4,0
Luis Gil (NYY - SP),77.9,90,5,0,4.32,1.36,37,66,40,11,28,12,4,0
Alex Cobb (CLE - SP),127.2,113,8,0,3.84,1.3,54,129,37,12,23,23,7,1
Hector Neris (HOU - RP),67.1,74,4,6,3.91,1.25,29,57,27,9,67,0,4,0
"John Brebbia (ATL - SP,RP)",56.9,59,3,6,4.29,1.27,27,53,19,9,58,1,4,0
Tylor Megill (NYM - SP),100.8,89,6,0,4.68,1.41,52,104,38,15,35,15,7,0
Jose Quintana (NYM - SP),152.6,127,9,0,4.29,1.38,73,156,54,18,28,28,9,0
"Garrett Crochet (CWS - SP,RP)",110.5,118,6,0,4.1,1.35,50,96,53,13,39,17,7,0
Giovanny Gallegos (MIN - RP) MiLB,63.2,68,3,5,3.85,1.16,27,55,18,9,62,0,3,0
A.J. Minter (ATL - RP) IL60,62.3,76,4,4,3.48,1.16,24,52,20,7,65,0,3,0
Kyle Gibson (STL - SP),173.8,138,10,0,4.44,1.36,86,180,57,22,30,30,10,0
Sawyer Gipson-Long (DET - SP) IL60,66.8,64,4,0,4.27,1.28,32,66,20,9,31,8,4,0
Brady Singer (KC - SP),161.4,138,9,0,4.41,1.34,79,167,49,20,29,28,10,1
Jacob deGrom (TEX - SP),27.4,39,2,0,2.98,0.96,9,20,6,3,6,5,1,0
Orion Kerkering (PHI - RP),57.2,64,3,3,3.74,1.22,24,50,20,7,59,0,3,0
J.P. France (HOU - SP) IL60,107.4,95,7,0,4.55,1.4,54,106,44,16,36,14,6,0
Dylan Floro (RP) FA,53.8,48,3,1,4.23,1.34,25,55,17,6,56,0,3,0
Brusdar Graterol (LAD - RP),56.3,46,3,6,3.42,1.19,21,52,14,5,56,0,2,0
Jordan Wicks (CHC - SP),120.4,102,7,0,4.41,1.35,59,121,41,17,27,23,7,0
Bryce Elder (ATL - SP),99.9,80,7,0,4.38,1.38,49,102,36,12,34,14,5,0
"Aaron Ashby (MIL - RP,SP)",82.6,91,5,0,3.86,1.36,35,73,39,9,38,11,5,0
Yimi Garcia (SEA - RP) IL60,62.8,66,3,4,3.82,1.19,27,56,19,8,65,0,3,0
AJ Smith-Shawver (ATL - SP),55.1,57,3,0,4.66,1.4,29,51,26,8,22,8,3,0
Taylor Rogers (SF - RP),59.6,71,4,3,3.72,1.23,25,52,22,7,61,0,4,0
Jorge Lopez (CHC - RP),56.7,53,3,0,4.4,1.36,28,56,22,7,53,0,3,0
Jeff Hoffman (PHI - RP),62.2,73,3,3,4.05,1.27,28,52,27,9,60,0,3,0
"Michael Soroka (CWS - RP,SP)",120.8,102,6,0,4.58,1.33,61,120,40,19,23,23,8,0
Keaton Winn (SF - SP) IL60,88.3,77,5,0,4.17,1.3,41,88,27,10,33,12,5,0
"Kyle Hendricks (CHC - RP,SP)",147.5,106,8,0,4.57,1.32,75,158,36,22,27,27,9,0
Gregory Santos (SEA - RP),52.9,55,2,3,3.64,1.26,21,49,17,5,54,0,2,0
"Jhony Brito (SD - SP,RP) IL60",111.6,87,7,0,4.23,1.3,52,110,35,15,39,17,7,0
"Matt Strahm (PHI - SP,RP)",69.6,80,4,2,3.67,1.14,28,59,20,9,66,0,4,0
Joe Boyle (OAK - SP),90,99,5,0,4.54,1.52,45,77,61,10,24,16,7,0
Tyler Kinley (COL - RP),59.9,59,2,8,4.78,1.37,32,59,23,9,60,0,3,0
Matt Manning (DET - SP),105.5,79,5,0,4.63,1.35,54,107,35,15,23,20,7,0
Chris Martin (BOS - RP),60.3,57,3,3,3.64,1.2,24,60,12,7,62,0,3,0
Wade Miley (MIL - SP) IL60,131.3,93,7,0,4.34,1.37,63,135,46,18,24,24,8,0
Mike Clevinger (CWS - SP) IL60,89,78,6,0,4.58,1.3,45,88,28,14,18,16,6,1
Andrew Nardi (MIA - RP) IL60,64.1,76,3,4,3.8,1.28,27,55,27,8,63,0,4,0
"Michael Lorenzen (KC - RP,SP)",103.1,83,6,0,4.53,1.34,52,102,36,15,38,14,6,1
Brock Stewart (MIN - RP) IL60,59.3,73,2,2,3.89,1.29,26,51,26,8,59,0,3,0
Erik Swanson (TOR - RP),57.1,64,3,3,3.72,1.18,24,49,18,8,57,0,3,0
Julian Merryweather (CHC - RP) MiLB,64.2,79,3,2,3.85,1.27,27,55,27,8,62,0,3,0
"Javier Assad (CHC - SP,RP)",93.6,78,5,0,4.41,1.39,46,93,36,12,41,11,5,0
Ryne Nelson (ARI - SP),109,81,6,0,4.73,1.37,57,114,36,17,36,17,7,0
Cade Horton (CHC - SP) MiLB,20.6,19,1,0,4.68,1.38,11,21,8,3,4,4,1,0
"Nick Martinez (CIN - SP,RP)",127.9,120,6,1,4.43,1.38,63,127,49,19,39,19,8,0
"Jose Urquidy (HOU - SP,RP) IL60",98.4,80,6,0,4.58,1.28,50,99,27,17,31,15,5,0
Daniel Bard (COL - RP) IL60,50.9,49,2,4,4.98,1.58,28,49,32,7,51,0,3,0
"Colin Rea (MIL - RP,SP)",130.8,112,7,0,4.65,1.32,68,131,41,21,29,24,8,0
Ryan Weathers (MIA - SP),71.3,60,3,0,4.68,1.44,37,74,29,10,44,6,5,0
Robert Gasser (MIL - SP) IL60,86.3,83,5,0,4.45,1.34,43,83,33,13,19,15,4,0
Jason Foley (DET - RP),62.8,50,3,8,3.87,1.31,27,64,18,5,63,0,3,0
"Martin Perez (SD - SP,RP)",143.5,102,7,0,4.54,1.43,72,153,53,17,26,25,9,0
Drew Thorpe (CWS - SP),89.8,83,5,0,4.2,1.29,42,86,31,13,17,17,6,0
Robbie Ray (SF - SP),45.1,51,3,0,4.21,1.29,21,42,16,7,11,7,3,0
Jeffrey Springs (TB - SP),42.5,48,3,0,3.51,1.15,17,37,12,6,15,6,2,0
"Cole Irvin (MIN - SP,RP) MiLB",89.1,68,5,0,4.42,1.29,44,94,21,13,41,10,5,0
"Ross Stripling (OAK - SP,RP)",128.3,104,6,0,4.33,1.27,62,132,31,20,32,22,8,0
"Daniel Hudson (LAD - SP,RP)",48.2,57,3,1,3.82,1.2,20,41,17,7,48,0,2,0
"Adrian Houser (CHC - RP,SP) MiLB",125.3,92,7,0,4.49,1.41,62,129,47,15,26,23,8,0
"Bowden Francis (TOR - RP,SP)",73.1,71,4,0,4.42,1.27,36,67,25,12,32,9,4,0
"Alex Wood (OAK - SP,RP) IL60",127,105,6,0,4.42,1.34,62,127,44,16,27,23,9,0
Anthony DeSclafani (MIN - SP) IL60,93.5,75,5,0,4.53,1.31,47,97,25,14,25,16,6,0
Lucas Erceg (KC - RP),64.3,72,3,5,4.01,1.42,29,54,37,6,63,0,4,0
Jackson Jobe (DET - SP),22.8,19,1,0,4.61,1.38,12,23,9,3,5,5,2,0
Paul Blackburn (NYM - SP) IL60,135.1,110,7,0,4.53,1.4,68,142,47,17,25,25,9,0
Josh Sborz (TEX - RP),61.2,73,3,2,3.9,1.26,27,53,24,8,61,0,3,0
Colin Poche (TB - RP),60.3,64,4,2,3.86,1.23,26,51,24,8,62,0,3,0
"Jakob Junis (CIN - SP,RP)",107.3,104,5,0,4.35,1.28,52,107,30,17,31,16,6,0
Dany Jimenez (OAK - RP),56,61,2,5,4.19,1.37,26,47,30,7,56,0,3,0
"Domingo German (PIT - RP,SP) MiLB",69.3,66,4,0,4.25,1.24,33,65,21,10,23,10,4,0
Kirby Yates (TEX - RP),61,72,3,2,4.33,1.35,29,51,31,9,61,0,4,0
Tyler Anderson (LAA - SP),156.1,127,8,0,4.74,1.36,82,159,53,25,28,28,9,0
Emerson Hancock (SEA - SP),74.6,60,4,0,4.59,1.36,38,74,27,11,30,11,5,0
Shelby Miller (RP) FA,55.8,57,3,1,4.31,1.35,27,49,26,7,54,0,3,0
"David Peterson (NYM - SP,RP)",73.5,79,4,0,4.02,1.37,33,69,32,8,28,11,4,0
"Hayden Wesneski (CHC - SP,RP)",54,51,3,0,4.39,1.31,26,52,19,8,27,6,3,0
Chad Green (TOR - RP),56.4,63,4,1,3.75,1.16,23,49,16,8,55,0,3,0
Jordan Leasure (CWS - RP),56.5,60,3,6,4.5,1.38,28,51,27,9,56,0,4,0
Adam Ottavino (NYM - RP),61.2,63,3,3,4.06,1.31,28,54,27,7,64,0,3,0
"Sixto Sanchez (MIA - RP,SP) IL60",48.3,45,3,0,3.78,1.25,20,46,14,5,42,1,2,0
Ian Hamilton (NYY - RP) MiLB,62.5,72,4,2,3.73,1.3,26,52,29,6,59,0,3,0
Will Warren (NYY - SP) MiLB,48.2,42,3,0,4.36,1.38,23,47,19,6,21,6,3,0
Jake Irvin (WSH - SP),122.2,99,5,0,4.92,1.41,67,124,48,19,24,24,8,0
"Randy Vasquez (SD - SP,RP)",79.7,71,4,0,4.22,1.35,37,75,32,10,33,10,5,0
Patrick Corbin (WSH - SP),159,115,7,0,5.18,1.47,92,181,52,28,28,28,13,0
"Ronel Blanco (HOU - SP,RP)",78.6,79,5,0,4.59,1.4,40,74,37,13,49,6,4,0
"Prelander Berroa (CWS - SP,RP)",34.2,40,2,1,4.42,1.48,17,29,21,4,32,0,2,0
Danny Coulombe (BAL - RP),57.6,60,3,1,3.89,1.28,25,53,20,8,59,0,3,0
Pierce Johnson (ATL - RP),59.5,78,3,1,3.77,1.27,25,51,25,7,62,0,3,0
Andrew Kittredge (STL - RP),54.7,44,4,2,3.94,1.24,24,54,13,7,55,0,3,0
"Zack Thompson (STL - SP,RP)",67.5,64,4,0,4.32,1.42,32,64,31,8,36,7,4,0
Marco Gonzales (PIT - SP) IL60,126.1,81,6,0,4.86,1.41,68,138,39,19,23,22,9,0
Kyle Freeland (COL - SP),156.7,102,7,0,5.39,1.5,94,187,48,27,29,29,11,0
"Drew Rasmussen (TB - RP,SP)",43.6,44,3,0,3.42,1.17,17,39,12,4,24,4,2,0
Joe Jimenez (ATL - RP),63.9,79,3,2,3.87,1.19,27,55,21,9,65,0,2,0
"Luis Medina (OAK - SP,RP) IL60",105.3,100,5,0,4.63,1.47,54,99,56,13,26,19,8,0
Christian Scott (NYM - SP) IL60,8.9,8,0,0,4.23,1.3,4,8,3,1,2,2,0,0
Lance McCullers Jr. (HOU - SP) IL60,68.1,69,5,0,3.84,1.32,29,60,29,7,23,10,3,0
"Logan Allen (ARI - RP,SP) MiLB",16.9,14,1,0,5.08,1.55,10,19,8,3,13,1,1,0
Jonathan Loaisiga (NYY - RP) IL60,56.6,48,3,3,3.79,1.23,24,54,16,6,53,0,3,0
Hyun Jin Ryu (SP) FA,22.4,17,2,0,4.23,1.36,11,25,6,3,9,3,2,0
Hurston Waldrep (ATL - SP),27,28,1,0,4.37,1.42,13,26,12,3,18,3,1,0
"Yariel Rodriguez (TOR - RP,SP)",59.9,60,4,0,4.22,1.35,28,54,27,7,40,4,3,0
Gregory Soto (BAL - RP),62.2,71,3,3,3.92,1.31,27,53,29,7,64,0,3,0
"Alec Marsh (KC - SP,RP)",103.4,100,5,0,5,1.45,57,103,47,16,34,15,7,0
Emilio Pagan (CIN - RP),65,68,3,2,4.48,1.27,32,59,23,11,65,0,4,0
"Matthew Liberatore (STL - SP,RP)",70.6,63,4,0,4.26,1.37,33,69,28,8,46,6,4,0
"Cody Bradford (TEX - SP,RP)",71.7,63,4,0,4.52,1.29,36,74,19,12,38,8,4,0
Tim Mayza (NYY - RP),57.5,54,3,0,3.44,1.24,22,53,18,6,62,0,3,0
Nick Nastrini (CWS - SP),99.5,97,5,0,5.01,1.45,55,95,50,17,20,19,7,0
"Shawn Armstrong (SP,RP) FA",61.2,64,3,1,3.73,1.2,25,55,18,7,58,0,2,0
Joe Kelly (LAD - RP) MiLB,57.5,73,3,2,3.58,1.26,23,46,26,5,57,0,3,0
Jacob Misiorowski (MIL - SP) MiLB,24.3,27,1,0,4.62,1.49,12,21,15,3,17,2,1,0
Brooks Raley (NYM - RP) IL60,59,63,2,2,3.99,1.29,26,53,24,7,63,0,3,0
"Drew Smyly (CHC - SP,RP)",75.2,74,4,1,4.45,1.33,37,75,25,12,51,4,4,0
"Joe Ross (MIL - RP,SP)",85.9,76,5,0,4.51,1.34,43,85,29,13,30,12,5,0
Aaron Bummer (ATL - RP),61.5,73,4,1,3.59,1.31,25,52,28,5,62,0,3,0
Gabe Speier (SEA - RP),58.7,62,2,1,3.76,1.2,25,54,17,8,63,0,3,0
Woo-Suk Go (MIA - RP) MiLB,46.8,55,3,1,3.96,1.35,21,40,24,6,46,0,3,0
Cal Quantrill (COL - SP),148,93,7,0,5.3,1.48,87,170,48,24,27,27,11,0
Luis Garcia (HOU - SP) IL60,26.9,30,2,0,4.13,1.3,12,25,10,4,5,4,2,0
"Spencer Turnbull (PHI - RP,SP) IL60",70.6,61,4,0,4.76,1.4,37,72,27,10,35,9,4,0
Phil Maton (NYM - RP),63.5,69,3,1,4.01,1.27,28,56,24,8,63,0,3,0
Brock Burke (LAA - RP),63.9,63,3,0,3.92,1.23,28,59,19,9,61,0,3,0
John Schreiber (KC - RP),61.4,62,3,2,3.87,1.3,26,56,24,6,59,0,3,0
JoJo Romero (STL - RP),58.4,65,3,2,3.52,1.25,23,51,22,6,57,0,3,0
Hoby Milner (MIL - RP),60.9,57,3,0,3.83,1.23,26,58,16,8,63,0,2,0
Wandy Peralta (SD - RP),57.7,55,3,2,3.84,1.33,25,51,26,6,59,0,3,0
"Ty Madden (DET - RP,SP)",28.2,27,1,0,4.71,1.44,15,29,11,4,16,3,2,0
Caleb Thielbar (MIN - RP),48.9,57,3,0,3.76,1.2,20,43,16,6,50,0,2,0
Tyler Rogers (SF - RP),67.6,51,3,2,3.99,1.29,30,69,18,7,66,0,4,0
Steven Wilson (CWS - RP),59.5,63,2,5,4.48,1.31,30,50,28,10,59,0,3,0
Lucas Sims (BOS - RP),60.3,70,3,2,4.64,1.37,31,50,32,9,61,0,4,0
"Ryan Walker (SF - SP,RP)",60.1,69,3,0,3.71,1.27,25,54,22,7,58,1,3,0
Jacob Waguespack (TB - RP) IL60,51.3,48,3,0,4.33,1.37,25,50,20,7,41,2,3,0
Colin Holderman (PIT - RP),55.8,53,2,1,4.02,1.34,25,51,23,5,55,0,3,0
Nick Sandlin (CLE - RP),61.4,65,3,0,4.04,1.29,28,51,28,9,61,0,4,0
Alex Vesia (LAD - RP),57.9,74,4,1,3.72,1.21,24,47,23,8,59,0,3,0
Matt Moore (LAA - RP) IL60,58.7,62,3,2,4.25,1.35,28,54,26,8,54,0,3,0
Enyel De Los Santos (CWS - RP),64,64,3,1,4.05,1.27,29,57,25,8,64,0,3,0
Nick Anderson (BAL - RP) MiLB,54,48,3,1,4.33,1.3,26,54,16,8,55,0,3,0
Luis Garcia (BOS - RP),61.1,58,3,0,4.08,1.34,28,60,22,7,61,0,3,0
Connor Phillips (CIN - SP),36,41,2,0,4.85,1.5,19,34,20,5,18,4,2,0
"Ben Brown (CHC - SP,RP) IL60",52.9,56,3,0,4.13,1.33,24,48,23,6,29,5,3,0
Carlos Carrasco (CLE - SP) MiLB,84.7,72,5,0,4.79,1.42,45,91,29,13,36,13,6,0
Mark Leiter Jr. (NYY - RP),62.1,67,3,1,4.09,1.27,28,56,23,8,61,0,3,0
Scott McGough (ARI - RP),60.2,66,3,2,4.1,1.32,27,55,24,8,59,0,4,0
Ben Joyce (LAA - RP),48,56,2,1,4.22,1.4,23,41,26,6,49,0,3,0
Mason Black (SF - SP),53.5,51,3,0,4.27,1.34,25,51,21,7,26,7,3,0
Brandon Williamson (CIN - SP) IL60,78.4,69,4,0,4.98,1.47,43,81,34,13,30,12,5,0
Robby Snelling (MIA - SP) MiLB,9.5,8,1,0,4.68,1.4,5,9,4,1,2,2,1,0
"Chris Flexen (CWS - SP,RP)",133.3,99,6,0,5.06,1.45,75,145,48,23,32,23,9,0
Anthony Bender (MIA - RP),51.1,52,2,2,4.01,1.28,23,46,19,6,51,0,3,0
"Kyle Hurt (LAD - SP,RP) MiLB",51.1,63,3,0,4.09,1.38,23,43,28,6,41,2,2,1
Dauri Moreta (PIT - RP) IL60,45.1,53,3,0,3.68,1.15,18,37,15,5,46,0,2,0
Jack Leiter (TEX - SP),20.2,20,1,0,5,1.5,11,20,11,3,9,3,1,0
Tommy Kahnle (NYY - RP),47.2,53,2,1,3.91,1.26,21,39,20,6,47,0,2,0
Kody Funderburk (MIN - RP),44.9,48,3,0,3.68,1.32,18,40,20,4,43,0,2,0
Nate Pearson (CHC - RP),48.6,53,3,1,4.1,1.3,22,41,22,7,46,0,2,0
Matt Waldron (SD - SP),81.8,65,4,0,4.73,1.34,43,84,26,13,20,13,5,0
"Jordan Lyles (LAD - RP,SP) MiLB",100,73,5,0,5.27,1.39,59,109,30,18,44,13,7,2
Julio Urias (SP) FA,13.3,13,1,0,3.96,1.18,6,12,3,2,2,2,1,0
John McMillon (MIA - RP),49.2,60,3,2,4.59,1.54,25,40,35,6,49,0,4,0
Eric Lauer (SP) FA,44.8,40,2,0,4.78,1.43,24,46,18,7,16,6,3,0
Steven Okert (MIN - RP) MiLB,58.7,71,3,0,4.07,1.25,27,49,24,9,59,0,3,0
Dustin May (LAD - SP) IL60,21.6,22,2,0,3.72,1.22,9,19,7,2,14,2,1,0
Tom Cosgrove (SD - RP),57.6,56,2,0,4.02,1.3,26,51,25,7,57,0,3,0
Joey Lucchesi (NYM - SP),48.7,38,3,0,4.42,1.38,24,49,18,6,20,6,3,0
Sam Hentges (CLE - RP) IL60,55.2,58,3,1,3.72,1.32,23,51,22,5,52,0,2,0
Andrew Chafin (TEX - RP),57.2,61,3,2,3.9,1.31,25,51,24,6,61,0,3,0
"Jose Soriano (LAA - RP,SP) IL60",67.4,77,3,0,4.03,1.37,30,57,35,7,51,3,4,0
Austin Gomber (COL - SP),140.9,99,7,0,5.35,1.47,84,161,46,26,27,27,11,1
"Caleb Ferguson (HOU - SP,RP)",59.7,68,4,1,3.57,1.24,24,51,23,6,63,0,3,0
"Jared Shuster (CWS - RP,SP)",62.7,46,3,0,5.07,1.47,35,67,26,10,17,11,5,0
Ryan Borucki (PIT - RP),57.8,52,3,1,4.06,1.28,26,53,21,7,58,0,3,0
Cade Cavalli (WSH - SP) IL60,45.4,44,3,0,4.4,1.4,22,42,21,5,16,7,3,0
Garrett Cleavinger (TB - RP),44.6,59,2,0,3.64,1.27,18,34,22,5,46,0,2,0
"Tyler Holton (DET - RP,SP)",62.9,57,3,0,3.82,1.22,27,58,19,7,59,0,3,0
"Ken Waldichuk (OAK - SP,RP) IL60",59.1,58,3,0,4.47,1.39,29,56,26,8,23,8,4,0
"Daniel Lynch (KC - RP,SP)",86.2,70,4,0,4.83,1.42,46,91,31,13,26,14,6,0
Dylan Lee (ATL - RP),44.8,46,3,0,3.81,1.21,19,42,13,6,45,0,2,0
Dillon Tate (TOR - RP),55.7,43,3,1,4.25,1.31,26,55,18,6,54,0,3,0
Bailey Falter (PIT - SP),68.2,54,3,0,4.5,1.31,34,71,18,10,40,6,4,0
Isaiah Campbell (BOS - RP) IL60,57,55,4,0,4.2,1.36,27,55,23,7,56,0,3,0
Sean Reid-Foley (NYM - RP) IL60,48.6,60,2,0,4.3,1.42,23,41,28,6,45,0,3,0
Ryne Stanek (NYM - RP),58.9,65,3,1,4.02,1.3,26,49,27,8,60,0,3,0
Wilmer Flores (DET - SP),13,11,1,0,4.24,1.35,6,13,4,2,11,1,1,0
Tyler Mahle (TEX - SP) IL60,44.1,46,3,0,4.16,1.27,20,40,15,6,15,6,2,0
"Mason Montgomery (TB - RP,SP)",19.6,17,1,0,4.71,1.36,10,19,8,3,4,4,1,0
Allan Winans (ATL - SP),17.2,16,1,0,3.97,1.25,8,17,5,2,15,1,1,0
Eli Morgan (CLE - RP),60.2,62,3,0,4.14,1.23,28,56,18,9,58,0,3,0
Trevor Stephan (CLE - RP) IL60,37.2,40,1,3,3.97,1.32,16,34,15,4,26,0,3,0
"Michael Grove (LAD - SP,RP) MiLB",55.7,59,3,0,4.37,1.3,27,54,18,9,40,3,2,0
James Karinchak (CLE - RP) IL60,47.4,64,2,0,3.96,1.31,21,35,27,6,49,0,3,0
Trevor Williams (WSH - SP),111.9,87,5,0,5.14,1.45,64,124,38,21,33,19,8,0
Jay Jackson (RP) FA,49.8,53,3,0,4.08,1.24,23,45,17,7,48,0,3,0
"Ryan Brasier (LAD - RP,SP)",61.2,59,3,2,4.06,1.23,28,56,19,8,61,0,2,0
Kevin Kelly (TB - RP),42.4,38,2,0,3.76,1.22,18,39,12,4,41,0,2,0
Will Vest (DET - RP),59.6,62,3,1,3.82,1.27,25,55,21,6,58,0,3,0
Quinn Priester (BOS - SP),85.5,69,5,0,4.58,1.43,44,87,35,10,27,14,6,0
Michael Tonkin (MIN - RP),59.3,60,3,0,4.37,1.27,29,54,22,9,56,0,3,0
"Ryan Yarbrough (TOR - SP,RP)",61.7,50,4,0,4.52,1.27,31,65,14,10,33,4,3,0
Cade Povich (BAL - SP),22.1,22,1,0,4.31,1.37,11,21,9,3,10,3,1,0
"Tyler Alexander (TB - RP,SP)",61,52,3,0,4.5,1.27,31,62,15,10,37,5,4,0
Mick Abel (PHI - SP) MiLB,47.2,44,2,0,5.08,1.51,27,47,25,7,21,6,3,0
Victor Gonzalez (RP) FA,52.6,51,3,0,3.98,1.33,23,48,22,6,53,0,3,0
Chayce McDermott (BAL - SP),24.9,27,1,0,4.52,1.44,12,23,13,4,16,2,1,0
Rafael Montero (HOU - RP) MiLB,61.4,65,3,0,4.25,1.33,29,57,24,8,60,0,3,0
Blake Treinen (LAD - RP),42.4,43,3,0,3.95,1.26,19,38,15,5,42,0,2,0
David Festa (MIN - SP),23,20,1,0,4.43,1.38,11,22,9,3,7,4,1,0
Chase Hampton (NYY - SP) MiLB,26.1,25,2,0,4.67,1.34,14,26,9,5,7,5,2,0
Luke Little (CHC - RP) IL60,46.3,57,3,0,3.73,1.37,19,37,26,4,48,0,2,0
Jake Eder (CWS - SP),44.2,39,2,0,5,1.48,25,44,22,7,9,9,4,0
"Roansy Contreras (LAA - SP,RP)",62.7,58,3,0,4.38,1.34,30,61,23,8,47,3,3,0
"Josh Winckowski (BOS - RP,SP)",81.4,72,4,1,4.22,1.37,38,83,29,9,63,4,4,0
"Alex Faedo (DET - RP,SP) IL60",59,57,3,0,4.32,1.26,28,56,19,9,47,2,3,0
Tommy Henry (ARI - SP),65.4,52,3,0,4.76,1.44,35,67,27,9,26,9,4,0
"Luis L. Ortiz (PIT - RP,SP)",98.4,76,5,0,4.79,1.48,52,103,43,13,35,15,7,0
Noah Syndergaard (SP) FA,54.4,37,2,0,5.13,1.36,31,60,13,9,11,10,4,0
Clayton Beeter (NYY - SP) MiLB,56.4,59,3,0,4.62,1.4,29,51,28,9,29,7,3,0
Chris Devenski (SEA - RP) MiLB,55.2,53,3,0,4.35,1.25,27,53,16,8,54,0,3,0
Luke Jackson (ATL - RP),57.8,61,3,1,4.01,1.34,26,53,24,7,57,0,3,0
"Peter Lambert (SP,RP) FA",101.9,81,4,0,5.38,1.49,61,113,38,18,34,16,7,0
Ryan Thompson (ARI - RP),58.2,49,3,0,4.03,1.31,26,57,19,6,56,0,3,0
Tristan Beck (SF - RP),39.5,34,2,0,4.57,1.4,20,42,13,5,19,4,2,0
Tekoah Roby (STL - SP) MiLB,11,9,0,0,4.87,1.42,6,11,4,2,2,2,1,0
Kyle Nelson (ARI - RP) IL60,53.3,56,3,0,4.06,1.32,24,49,21,7,57,0,3,0
Joey Cantillo (CLE - SP),32.7,33,2,0,4.38,1.41,16,31,15,4,7,6,2,0
Tim Herrin (CLE - RP),50,52,3,0,3.84,1.33,21,45,22,5,49,0,3,0
Justin Topa (MIN - RP),53.3,46,3,1,4.11,1.34,24,54,17,6,54,0,3,0
"Landen Roupp (SF - SP,RP)",46.1,44,3,0,4.03,1.32,21,44,16,5,40,2,2,0
Trevor Gott (OAK - RP) IL60,57.3,55,2,3,4.25,1.3,27,54,20,6,57,0,3,0
Drew Smith (NYM - RP) IL60,59.3,62,3,1,4.31,1.31,28,53,25,9,58,0,4,0
Keynan Middleton (STL - RP) IL60,48.7,53,2,0,3.92,1.28,21,42,20,6,49,0,2,0
Mike Vasil (NYM - SP) MiLB,14.4,15,1,0,4.69,1.43,7,15,6,2,4,3,1,0
"Fernando Cruz (CIN - RP,SP)",59.8,76,3,1,4.1,1.3,27,51,27,9,58,0,3,0
Tanner Rainey (WSH - RP),55.2,62,2,4,4.61,1.4,28,48,29,9,55,0,3,0
Joe Mantiply (ARI - RP),55.6,47,3,0,3.97,1.3,25,57,15,6,54,0,3,0
Bryan Shaw (LAA - RP) MiLB,35.7,31,2,0,4.73,1.47,19,35,17,5,36,0,2,0
Keegan Akin (BAL - RP),42.7,44,2,0,4.04,1.27,19,40,14,5,37,0,2,0
J.P. Feyereisen (LAD - RP) MiLB,41,41,3,0,4.18,1.31,19,36,18,6,40,0,2,0
Huascar Ynoa (ATL - SP) IL60,44.4,47,3,0,4.41,1.34,22,42,17,6,28,4,2,0
"Jose Butto (NYM - RP,SP)",34.5,31,2,0,4.72,1.42,18,35,14,5,20,3,2,0
Trevor Richards (MIN - RP) MiLB,57.9,72,2,0,4.1,1.28,26,49,26,9,54,0,3,0
"Luke Weaver (NYY - RP,SP)",59.9,56,3,0,4.73,1.35,32,62,19,10,44,4,3,0
Miguel Castro (RP) FA,59.8,59,3,2,4.14,1.35,28,54,27,7,62,0,3,0
Tanner Banks (PHI - RP),56.2,50,2,0,4.26,1.29,27,57,16,8,52,0,3,0
"Kris Bubic (KC - RP,SP)",26.8,25,2,0,4.29,1.37,13,26,11,3,8,3,2,0
"Tejay Antone (CIN - SP,RP) IL60",42.9,42,2,0,4.49,1.39,21,42,18,6,40,0,2,0
Michael Fulmer (BOS - RP) MiLB,36.6,38,2,0,4,1.3,16,33,15,4,33,0,2,0
Andrew Saalfrank (ARI - RP) SUS,49.4,51,3,0,3.87,1.4,21,44,25,5,50,0,3,0
Mike Baumann (MIA - RP),52.1,50,3,0,4.15,1.36,24,48,23,6,44,0,3,1
Corey Knebel (LAA - RP) MiLB,34,33,2,0,4.44,1.37,17,31,16,5,34,0,2,0
Nick Robertson (TOR - RP),39.5,40,2,0,3.86,1.27,17,36,14,4,37,0,2,0
Zack Greinke (SP) FA,73.1,50,4,0,4.66,1.33,38,80,17,12,14,13,5,0
Bryan Baker (BAL - RP),41.9,44,2,0,4,1.32,19,36,19,5,41,0,2,0
"Albert Suarez (BAL - RP,SP)",15.8,12,1,0,5.23,1.48,9,17,6,3,16,0,1,0
"Beau Brieske (DET - RP,SP)",54.9,48,2,0,4.23,1.28,26,53,18,7,52,0,3,0
Carlos Rodriguez (MIL - SP),19.3,18,1,0,4.78,1.43,10,18,10,3,4,4,1,0
Zach Brzykcy (WSH - RP),15.5,16,1,0,4.4,1.39,8,14,7,2,15,0,1,0
"Davis Daniel (LAA - SP,RP)",35.9,30,2,0,5.03,1.44,20,37,14,6,21,3,2,0
Naoyuki Uwasawa (BOS - SP) MiLB,22.6,16,1,0,4.62,1.4,12,23,8,3,15,2,1,1
Carl Edwards Jr. (RP) FA,37,33,2,1,4.2,1.37,17,35,16,4,39,0,2,0
Elvis Peguero (MIL - RP),56.4,52,3,0,4.18,1.34,26,53,22,6,56,0,4,0
Deivi Garcia (CWS - RP) MiLB,56.7,53,3,1,5.21,1.54,33,56,32,10,51,1,3,0
Zach Jackson (OAK - RP) MiLB,49.4,58,2,1,4.08,1.4,22,41,28,6,50,0,3,0
"Slade Cecconi (ARI - RP,SP)",38.2,33,2,0,4.58,1.35,19,41,11,6,23,3,2,0
"Pedro Avila (CLE - SP,RP)",55.4,52,3,0,4.41,1.4,27,53,25,7,37,4,3,0
Jesse Chavez (ATL - RP),43.5,44,2,0,4.09,1.33,20,42,16,6,43,0,2,0
Cionel Perez (BAL - RP),56.3,52,3,0,3.94,1.4,25,53,26,5,60,0,3,0
"Jairo Iriarte (CWS - RP,SP)",29.1,28,1,0,5.05,1.48,16,29,14,5,7,6,2,0
Joe Barlow (RP) FA,7.5,6,0,0,4.68,1.37,4,7,3,1,9,0,0,0
"Cody Poteet (NYY - RP,SP) MiLB",36.7,33,2,0,4.49,1.33,18,35,14,6,30,2,2,0
"Cade Smith (CLE - SP,RP)",49.1,56,2,0,4.02,1.32,22,42,23,6,48,0,3,0
"Jose Suarez (LAA - RP,SP)",59.4,55,3,0,4.58,1.39,30,58,24,9,36,4,3,0
Daniel Palencia (CHC - RP),42.7,46,2,0,4.37,1.39,21,38,22,5,41,0,2,0
Eduard Bazardo (SEA - RP),35.3,34,2,0,4.03,1.25,16,33,11,4,32,0,2,0
"Scott Alexander (OAK - SP,RP)",42.4,31,3,0,3.82,1.3,18,43,12,4,44,0,3,0
Anthony Maldonado (MIA - RP),31.8,34,2,2,4.03,1.29,14,29,12,4,32,0,2,0
"Dakota Hudson (SP,RP) FA",121.1,68,6,0,5.33,1.59,72,142,50,16,25,22,9,0
Gordon Graceffo (STL - SP),11.3,8,0,0,4.65,1.41,6,12,4,2,2,2,1,0
Scott Effross (NYY - RP) MiLB,25.4,23,1,0,4.03,1.24,11,24,7,3,25,0,1,0
Spencer Arrighetti (HOU - SP),20.7,20,1,0,4.69,1.38,11,20,9,3,7,3,1,0
Riley O'Brien (STL - RP),50.3,51,3,0,4.19,1.42,23,46,26,6,50,0,3,0
Parker Mushinski (HOU - RP) MiLB,41.6,41,2,0,3.96,1.33,18,39,16,5,41,0,2,0
Liam Hendriks (BOS - RP) IL60,12.7,16,1,0,3.55,1.13,5,11,4,2,12,0,1,0
Tayler Saucedo (SEA - RP),57.5,54,3,0,4.05,1.35,26,53,24,6,60,0,3,0
"Jacob Lopez (TB - RP,SP)",19.8,20,1,0,3.77,1.26,8,18,7,2,16,1,1,0
Ryan Feltner (COL - SP),98.3,83,5,0,5.27,1.49,58,105,42,16,20,20,7,0
Chris Stratton (KC - RP),66.2,61,3,0,4.31,1.36,32,65,25,8,62,0,3,0
Matt Festa (TEX - RP),27.4,29,1,0,4.15,1.26,13,23,12,4,27,0,1,0
Bennett Sousa (HOU - RP) IL60,53.1,54,3,0,4.13,1.33,24,49,21,7,52,0,2,0
Cristian Mena (ARI - SP),17.4,15,1,0,4.61,1.43,9,17,7,2,9,2,1,0
"Brennan Bernardino (BOS - SP,RP)",50.6,51,2,0,4.13,1.36,23,49,20,6,51,0,2,0
"Bryse Wilson (MIL - RP,SP)",65.7,51,3,0,4.45,1.32,33,68,19,10,54,1,3,0
Bryan Hudson (MIL - RP),46.1,49,2,0,3.91,1.35,20,42,21,5,43,0,2,0
DJ Herz (WSH - SP),19.3,20,1,0,4.7,1.48,10,17,11,2,13,2,1,0
Phil Bickford (NYY - RP) MiLB,35.6,39,2,0,4.23,1.27,17,30,15,5,37,0,2,0
Thyago Vieira (ARI - RP) MiLB,40.4,45,2,0,4.14,1.3,19,36,17,5,38,0,2,0
Seth Martinez (HOU - RP),51.4,51,3,0,4.14,1.31,24,47,20,7,49,0,2,0
Sam Moll (CIN - RP),55.4,58,2,0,4.18,1.38,26,50,27,7,54,0,3,0
Jake Diekman (RP) FA,58.8,71,3,0,4.16,1.43,27,48,36,7,61,0,3,0
Luis Patino (SD - RP) IL60,32,27,1,0,4.69,1.44,17,31,15,5,25,1,2,0
Ray Kerr (ATL - RP) IL60,39.9,45,2,0,4.07,1.41,18,36,20,5,39,0,2,0
Ron Marinaccio (CWS - RP),48.4,54,2,0,4.33,1.36,23,40,26,6,46,0,3,0
Connor Brogdon (LAD - RP) IL60,52.2,53,3,0,4.29,1.31,25,48,20,8,51,0,2,0
Andrew Wantz (LAA - RP) MiLB,47.1,46,2,0,4.7,1.38,25,45,20,8,36,2,2,0
Cody Morris (NYY - RP) MiLB,24.6,27,1,0,4.29,1.4,12,23,11,3,23,0,1,0
Angel Zerpa (KC - RP),57.6,47,3,0,4.28,1.34,27,59,19,7,43,4,3,0
"Touki Toussaint (CWS - RP,SP) MiLB",26.3,26,1,0,4.62,1.48,14,24,15,3,14,3,2,0
Anthony Bass (RP) FA,26.2,26,2,0,4.08,1.29,12,24,9,4,27,0,1,0
Drew Carlton (SD - RP) MiLB,23.8,22,1,0,3.83,1.19,10,22,7,3,23,0,1,0
"Will Dion (CLE - SP,RP) MiLB",20.7,20,3,0,3.7,1.3,9,20,7,2,12,2,3,0
Robert Garcia (WSH - RP),58.8,61,3,0,4.3,1.39,28,54,28,7,56,0,3,0
"Carmen Mlodzinski (PIT - RP,SP)",54.7,50,3,0,4.25,1.39,26,53,23,6,52,0,3,0
Adam Cimber (LAA - RP) MiLB,52.5,36,3,0,4.74,1.35,28,56,15,8,54,0,3,0
Jackson Rutledge (WSH - SP),71.8,52,3,0,5.25,1.46,42,76,29,11,19,13,5,0
"Mitch Spence (OAK - RP,SP)",60.9,48,3,0,4.24,1.34,29,62,20,7,38,5,3,0
Trevor Brigden (TB - RP) MiLB,28.2,28,2,0,4.23,1.31,13,26,11,4,28,0,2,0
Mitch White (MIL - RP) MiLB,53.4,49,2,0,4.41,1.35,26,52,20,7,44,2,3,0
Nick Vespi (BAL - RP) MiLB,31.4,29,2,0,4.1,1.32,14,30,11,4,29,0,1,0
Keider Montero (DET - SP),20.5,18,1,0,4.43,1.38,10,22,7,3,15,1,1,0
Jorge Alcala (MIN - RP),56.1,57,3,1,4.37,1.31,27,51,22,8,53,0,3,0
"JT Chargois (SEA - SP,RP)",51.8,47,2,0,4.25,1.37,24,49,22,6,52,0,2,0
Nick Burdi (NYY - RP) MiLB,50.3,62,2,0,4.49,1.37,25,44,26,7,51,0,2,0
Miguel Diaz (HOU - RP) MiLB,37.7,36,2,0,4.31,1.37,18,35,16,5,34,0,2,0
Manuel Rodriguez (TB - RP),35.8,38,2,0,4.03,1.35,16,32,16,4,36,0,2,0
Yency Almonte (CHC - RP) IL60,49.5,51,2,0,4.25,1.35,23,44,23,6,49,0,2,0
Genesis Cabrera (TOR - RP),58.9,59,3,1,4.29,1.35,28,53,26,8,59,0,3,0
Nick Ramirez (LAD - RP) MiLB,42.2,34,2,0,4.24,1.33,20,43,13,5,38,0,2,0
Jordan Weems (WSH - RP) MiLB,62.9,65,3,0,4.55,1.38,32,57,29,9,59,0,3,0
"Joey Wentz (PIT - SP,RP)",69.2,66,3,0,4.61,1.39,35,67,29,10,54,3,5,0
JB Bukauskas (MIL - RP) IL60,36.4,35,2,0,4.13,1.35,17,35,14,4,35,0,2,0
Justin Slaten (BOS - RP),53.4,56,3,0,4.9,1.49,29,53,27,8,52,0,3,0
Ryan Fernandez (STL - RP),43.8,38,3,0,4.1,1.33,20,43,15,6,42,0,3,0
Ian Gibaut (CIN - RP),55.1,55,3,0,4.48,1.4,27,53,24,7,53,0,3,0
Greg Weissert (BOS - RP),52.8,56,3,0,4.33,1.4,25,48,25,6,51,0,3,0
Jarlin Garcia (RP) FA,28.4,25,1,0,4.19,1.27,13,27,9,4,28,0,2,0
Bryce Jarvis (ARI - RP) IL60,47.3,41,2,0,4.71,1.45,25,48,21,7,39,1,3,0
Ty Adcock (RP) FA,24.1,21,1,0,3.99,1.19,11,23,6,4,24,0,1,0
Daysbel Hernandez (ATL - RP),43,49,3,0,4.31,1.41,21,38,22,6,43,0,3,0
Brent Honeywell Jr. (LAD - RP),38.4,31,2,0,4.83,1.43,21,40,15,6,33,0,2,0
Taylor Clarke (MIL - RP) MiLB,46.9,48,2,0,4.47,1.33,23,46,17,8,42,0,3,0
Tyson Miller (CHC - RP),44.3,42,2,0,4.2,1.32,21,42,17,6,41,0,2,0
Trent Thornton (SEA - RP),55.6,49,3,0,4.27,1.33,26,54,20,8,51,0,3,0
Ken Giles (ATL - RP) MiLB,23.8,27,1,0,5.15,1.6,14,24,15,4,24,0,1,0
"Carlos Hernandez (KC - SP,RP)",53.6,52,2,0,4.56,1.38,27,51,23,7,46,0,4,0
"Cooper Criswell (BOS - SP,RP)",72.6,55,4,0,4.92,1.42,40,82,21,10,25,10,4,0
"Brent Suter (CIN - RP,SP)",67.4,56,3,1,4.38,1.4,33,69,25,9,62,0,4,0
Angel Perdomo (ATL - RP) IL60,13.8,19,1,0,3.8,1.33,6,10,8,1,13,0,0,0
"Brandon Bielak (OAK - RP,SP) MiLB",52.9,46,3,0,4.35,1.41,26,53,22,7,42,1,3,0
Nic Enright (CLE - RP) MiLB,12.4,12,1,0,3.99,1.21,6,11,4,2,12,0,1,0
"Chase Anderson (TEX - RP,SP) MiLB",53.2,43,3,0,5.5,1.51,33,57,23,10,29,5,3,0
Austin Voth (SEA - RP),57.3,54,3,0,4.48,1.35,29,57,20,9,42,3,3,0
Grant Hartwig (NYM - RP),29.8,29,2,0,4.27,1.39,14,28,14,3,29,0,2,0
"Matt Wisler (SP,RP) FA",9.3,8,1,0,4.37,1.31,5,9,3,1,8,1,1,0
"Matt Bush (SP,RP) FA",24.9,26,1,0,4.33,1.3,12,23,10,4,25,0,1,0
German Marquez (COL - SP) IL60,31.4,27,1,0,4.69,1.36,16,32,10,5,6,6,2,0
Jacob Webb (BAL - RP),56.5,57,3,0,4.33,1.35,27,51,25,8,55,0,3,0
Brad Boxberger (RP) FA,35.1,33,2,0,4.66,1.4,18,33,16,5,37,0,2,0
Nate Lavender (NYM - RP) MiLB,15.1,18,1,0,3.91,1.31,7,13,7,2,15,0,1,0
Alek Jacob (SD - RP),30.4,29,2,0,4.18,1.29,14,29,11,4,30,0,1,0
"Simeon Woods Richardson (MIN - SP,RP)",31.7,26,1,0,4.65,1.41,16,32,13,4,13,4,2,0
Nicholas Padilla (CWS - RP) MiLB,14.2,14,1,0,4.41,1.53,7,14,8,1,13,0,1,0
Collin McHugh (RP) RET,23.5,21,1,0,4.4,1.35,11,24,8,3,21,0,1,0
Richard Lovelady (TB - RP),18.9,18,1,0,3.86,1.27,8,17,7,2,19,0,1,0
"Shintaro Fujinami (NYM - SP,RP) MiLB",51.1,56,3,0,4.55,1.44,26,45,28,6,48,0,3,0
"Xzavion Curry (MIA - SP,RP)",65.5,52,3,0,4.64,1.34,34,67,21,11,45,4,3,0
Ryan Tepera (RP) FA,26.6,24,1,0,4.37,1.32,13,24,11,4,27,0,2,0
Jose Cuas (PHI - RP),57.1,57,3,0,4.2,1.4,27,54,26,7,58,0,3,0
Anthony Gose (CLE - RP) MiLB,16.3,20,1,0,3.98,1.34,7,13,9,2,16,0,1,0
Buck Farmer (CIN - RP),61.9,63,3,0,4.74,1.39,33,58,28,10,61,0,4,0
Lou Trivino (NYY - RP) IL60,18.9,19,1,0,4.32,1.37,9,18,8,2,19,0,1,0
Adrian Morejon (SD - RP),41.2,40,2,0,4.18,1.32,19,38,16,6,38,0,2,0
Brandon Hughes (ARI - RP),18.5,20,1,0,4.15,1.32,9,16,8,2,19,0,1,0
"Shawn Dubin (HOU - RP,SP)",28,30,1,0,4.14,1.37,13,25,13,3,25,0,1,0
Jake Bird (COL - RP),66.8,57,3,1,4.45,1.43,33,69,26,7,64,0,3,0
"Kyle Muller (OAK - SP,RP)",68.9,59,3,0,4.59,1.45,35,69,31,8,51,4,4,0
Jose Cisnero (RP) FA,54.1,58,3,0,4.43,1.4,27,50,26,7,56,0,3,0
"Austin Pruitt (OAK - RP,SP) MiLB",30.5,23,1,0,4.67,1.31,16,32,8,6,24,1,2,0
Brendan White (DET - RP) IL60,25.9,24,1,0,4.01,1.29,12,25,9,2,25,0,2,0
Jackson Kowar (SEA - RP) IL60,6.4,6,0,0,4.81,1.46,3,6,3,1,3,0,0,0
Cody Stashak (SF - RP) MiLB,16.4,16,1,0,4.17,1.28,8,16,4,2,16,0,1,0
"Andre Pallante (STL - RP,SP)",63,46,3,1,3.99,1.43,28,65,25,5,60,0,3,0
"Daulton Jefferies (PIT - RP,SP) IL60",45.5,36,3,0,4.4,1.29,22,48,10,6,38,1,3,0
Cody Laweryson (MIN - RP) MiLB,16.6,16,1,0,4.26,1.27,8,16,6,2,16,0,1,0
JT Brubaker (NYY - SP) IL60,18.9,18,1,0,4.38,1.35,9,19,6,2,13,1,1,0
"Jaden Hill (COL - RP,SP)",18.6,15,1,0,5.77,1.62,12,20,10,3,18,0,2,0
Tyler Matzek (ATL - RP) MiLB,52.4,54,3,0,4.35,1.44,25,47,29,6,52,0,2,0
Joey Estes (OAK - SP),49.8,40,2,0,4.69,1.32,26,49,17,8,24,6,3,0
Brad Hand (RP) FA,34.7,34,2,0,4.36,1.37,17,33,15,5,36,0,2,0
"Ben Lively (CLE - SP,RP)",46,41,2,0,4.46,1.34,23,47,15,7,34,2,3,0
Grant Anderson (TEX - RP),44.5,44,2,0,4.32,1.34,21,42,18,6,38,0,2,0
Diego Castillo (MIN - RP) MiLB,17.3,16,1,1,4.65,1.41,9,16,8,3,17,0,1,0
Jose Hernandez (LAD - RP) MiLB,40.7,44,2,0,4.31,1.37,19,37,19,5,39,0,2,0
Matt Canterino (MIN - SP),15.6,15,1,0,4.44,1.36,8,14,7,2,3,3,1,0
Peter Strzelecki (CLE - RP),21.4,21,1,0,4.26,1.33,10,20,8,2,21,0,1,0
George Soriano (MIA - RP),59.2,55,2,1,4.43,1.42,29,57,27,7,55,0,2,0
Kai-Wei Teng (SF - SP),40.2,42,2,0,4.34,1.44,19,38,20,4,33,2,2,0
Victor Vodnik (COL - RP),36.5,35,2,0,4.63,1.5,19,37,18,5,35,0,2,0
Jonathan Hernandez (SEA - RP) MiLB,51.1,51,2,0,4.34,1.44,25,48,25,6,49,0,2,0
John King (STL - RP),40.4,27,2,0,3.88,1.35,17,43,12,4,36,0,2,0
Michael Kelly (OAK - RP) SUS,45.2,47,2,0,4.39,1.43,22,42,23,6,42,0,2,0
Jimmy Herget (CHC - RP),36.3,34,2,0,4.5,1.33,18,35,13,6,36,0,2,0
"Darius Vines (ATL - RP,SP) MiLB",25.6,23,1,0,4.34,1.31,12,25,8,4,21,0,1,0
Angel Felipe (LAA - RP) MiLB,10.7,12,0,0,3.47,1.35,4,8,6,1,10,0,0,0
"Owen White (TEX - SP,RP)",34.6,28,2,0,4.79,1.43,18,35,14,5,23,3,2,0
"Rich Hill (RP,SP) FA",53.7,45,3,0,4.84,1.4,29,56,20,9,12,10,4,0
Brett Martin (RP) FA,23.9,20,1,0,3.94,1.34,10,24,8,2,24,0,1,0
Jeremiah Estrada (SD - RP),50.6,60,2,0,4.33,1.41,24,43,29,7,50,0,2,0
"Spencer Howard (SF - RP,SP) MiLB",49.6,51,3,0,4.51,1.34,25,47,19,7,41,2,3,0
Luis F. Ortiz (PHI - RP) IL60,42,35,2,0,4.57,1.35,21,43,14,6,39,0,2,0
Marc Church (TEX - RP),41.7,44,3,0,4.41,1.39,20,39,19,6,39,0,3,0
Joely Rodriguez (RP) FA,50.2,49,2,0,4.34,1.45,24,51,22,5,51,0,3,0
Chris Murphy (BOS - RP) IL60,19.7,18,1,0,4.5,1.42,10,20,8,2,9,1,1,0
Jovani Moran (MIN - RP) MiLB,13.5,16,0,0,3.79,1.33,6,11,7,1,13,0,0,0
"Jalen Beeks (PIT - SP,RP)",55,52,2,0,4.59,1.44,28,57,22,8,50,1,3,0
Tyler Duffey (RP) FA,19.5,19,1,0,4.1,1.31,9,18,8,2,19,0,1,0
Sean Newcomb (RP) FA,45.2,47,2,0,4.38,1.45,22,40,25,5,42,0,2,0
Yunior Marte (PHI - RP),46.2,45,2,0,4.41,1.39,23,44,20,6,45,0,2,0
Jackson Stephens (ATL - RP) MiLB,30.3,27,1,0,4.34,1.39,15,30,12,3,25,0,1,0
"Matt Sauer (NYY - RP,SP) MiLB",45.8,41,2,0,4.72,1.42,24,45,20,6,39,2,3,0
Jake Cousins (NYY - RP),38.8,44,2,0,4.17,1.34,18,33,18,5,39,0,2,0
"Derek Law (WSH - SP,RP)",49.4,43,3,0,4.46,1.42,24,49,21,6,46,0,3,0
"Jacob Latz (TEX - SP,RP)",43.9,47,2,0,4.19,1.36,20,40,20,6,42,0,2,0
Richard Bleier (WSH - RP) MiLB,39.9,25,2,0,4.43,1.36,20,45,9,5,38,0,2,0
Nick Frasso (LAD - SP) MiLB,9.8,11,1,0,3.84,1.27,4,8,4,1,7,1,1,0
Zach Pop (TOR - RP),28.5,24,1,0,4.12,1.32,13,28,10,3,28,0,1,0
T.J. Brock (TOR - RP) MiLB,12.9,14,1,0,4.26,1.35,6,12,6,1,13,0,1,0
Zach Plesac (SP) FA,68.6,49,3,0,4.98,1.4,38,75,21,12,29,9,4,0
Pierson Ohl (MIN - P) MiLB,11.2,9,1,0,4.4,1.25,5,12,2,2,11,0,1,0
"Kenny Rosenberg (LAA - SP,RP)",36.4,32,2,0,4.46,1.43,18,36,16,5,17,4,2,0
Jose Quijada (LAA - RP),14.6,17,1,0,4.29,1.33,7,12,7,2,15,0,1,0
Drew Rucinski (SP) FA,43.5,35,3,0,4.91,1.41,24,46,16,7,24,5,4,0
Josh Walker (PIT - RP) MiLB,12.7,12,1,0,4.18,1.34,6,12,5,2,14,0,1,0
Tim Hill (NYY - RP),53.6,34,3,0,4.75,1.44,28,59,18,7,55,0,3,0
James Kaprielian (TOR - SP) MiLB,45.2,39,2,0,4.88,1.39,24,44,19,7,9,8,3,0
Landon Knack (LAD - SP),15.6,14,1,0,4.42,1.31,8,16,5,2,14,0,1,0
Jimmy Lambert (CWS - RP) IL60,30,29,1,0,5.04,1.48,17,30,15,5,28,0,2,0
Tony Santillan (CIN - RP),30.6,30,1,0,4.96,1.53,17,30,17,5,29,0,2,0
"Erik Miller (SF - RP,SP)",41.9,46,2,0,4.44,1.51,21,37,26,5,41,0,2,0
Victor Arano (RP) FA,25,26,1,0,4.1,1.3,11,23,9,3,25,0,1,0
"Bryan Hoeing (SD - SP,RP)",51.2,37,2,0,4.74,1.39,27,56,16,7,42,2,3,0
Dylan Dodd (ATL - SP),14.5,11,1,0,4.84,1.45,8,17,4,2,10,1,1,0
Nick Mears (MIL - RP),57.4,60,3,0,4.91,1.53,31,55,33,8,55,0,3,0
Johnny Cueto (SP) FA,53.5,37,3,0,4.91,1.38,29,59,14,10,10,10,4,0
"Yonny Chirinos (MIA - RP,SP) MiLB",35.8,24,2,0,4.79,1.42,19,40,11,5,29,1,2,0
"Connor Cooke (TOR - SP,RP) MiLB",9.7,10,1,0,3.92,1.3,4,9,4,1,10,0,1,0
Josh Simpson (MIA - RP),16.8,19,1,0,4.09,1.4,8,15,9,2,17,0,1,0
"Jesse Scholtens (CWS - SP,RP) IL60",30.5,23,1,0,5.3,1.44,18,33,11,5,8,5,2,0
"Josh Fleming (SEA - SP,RP) MiLB",47.1,28,2,0,4.38,1.44,23,54,14,5,36,1,2,0
Gavin Hollowell (CHC - RP),32.5,31,1,0,4.84,1.4,17,32,14,5,31,0,1,0
Ethan Roberts (CHC - RP),16.6,16,1,0,4.01,1.31,7,16,6,2,17,0,1,0
Mason Thompson (WSH - RP) IL60,45.4,37,1,1,4.73,1.48,24,46,22,5,44,0,3,0
"Joan Adon (WSH - RP,SP) IL60",58.5,49,3,0,4.9,1.47,32,60,26,8,30,6,4,0
Matthew Boyd (CLE - SP),23.6,24,1,0,4.41,1.32,12,23,9,4,5,5,2,0
Zach Davies (KC - SP) MiLB,39.1,30,2,0,5.21,1.49,23,42,17,6,13,6,3,0
Bryan Mata (BOS - SP) IL60,47.2,44,2,0,4.75,1.55,25,47,27,5,34,3,3,0
Cole Sulser (TB - RP),15.4,16,1,0,4.2,1.33,7,14,6,2,14,0,1,0
"Chad Kuhl (RP,SP) FA",23,21,1,0,5.27,1.51,13,24,11,4,18,1,2,0
Penn Murfee (HOU - RP) IL60,16.1,17,1,0,4.2,1.32,8,15,6,2,16,0,1,0
"Noah Davis (COL - RP,SP) MiLB",38.8,29,1,0,5.85,1.59,25,44,18,7,15,6,3,0
Colton Gordon (HOU - SP) MiLB,8.8,9,1,0,4.24,1.33,4,8,3,2,9,0,0,0
Jay Groome (SD - SP) SUS,18.6,16,1,0,4.94,1.5,10,18,10,3,8,3,1,0
Aaron Loup (RP) FA,36.1,32,2,0,4.19,1.36,17,36,13,4,37,0,2,0
Reid VanScoter (SEA - RP) MiLB,9.2,7,1,0,4.23,1.3,4,9,3,1,9,0,1,0
Hayden Juenger (TOR - SP) MiLB,14.7,14,1,0,4.37,1.34,7,14,6,2,15,0,1,0
Clayton Andrews (SF - RP) MiLB,17.2,19,1,0,4.29,1.38,8,15,9,2,17,0,1,0
"Cole Winn (TEX - SP,RP) IL60",17.2,15,1,0,5.13,1.63,10,18,10,3,12,1,1,0
Kyle Crick (NYM - RP) MiLB,16.3,17,1,0,4.21,1.38,8,13,9,2,17,0,1,0
Sammy Peralta (CWS - RP),23.4,21,1,0,4.27,1.34,11,23,8,3,22,0,1,0
Austin Adams (OAK - RP),45.6,57,2,1,4.57,1.35,23,37,25,6,49,0,2,0
Codi Heuer (TEX - RP) MiLB,25.9,22,2,0,4.17,1.35,12,25,10,3,26,0,1,0
Ben Heller (PIT - RP) IL60,19.2,17,1,0,4.23,1.39,9,18,9,2,18,0,1,0
Drew Pomeranz (RP) FA,21.1,22,1,0,4.15,1.33,10,18,10,3,21,0,1,0
Drew VerHagen (RP) FA,42.9,41,2,0,4.61,1.39,22,42,18,6,41,0,2,0
"Elieser Hernandez (SP,RP) FA",17.1,18,1,0,4.4,1.24,8,16,5,3,16,0,1,0
Jackson Wolf (SD - SP) MiLB,17.4,15,1,0,4.5,1.36,9,17,6,3,14,1,1,0
Huascar Brazoban (NYM - RP),30.2,33,1,0,4.17,1.39,14,27,15,3,30,0,2,0
Julio Teheran (BAL - SP) MiLB,26.5,19,1,0,4.81,1.33,14,27,8,5,7,4,2,0
Oliver Ortega (HOU - RP) IL60,13.3,13,1,0,4.21,1.37,6,12,6,2,12,0,1,0
Jake Odorizzi (SP) FA,26.6,23,1,0,4.61,1.33,14,26,9,4,12,3,2,0
Tommy Nance (TOR - RP),16,17,1,0,4.15,1.33,7,15,7,2,15,0,1,0
Wes Parsons (SP) FA,36.7,35,2,0,4.42,1.4,18,36,16,5,31,1,2,0
Brooks Kriske (BAL - RP),11.9,14,1,0,4.17,1.33,6,10,6,1,12,0,1,0
Logan Gillaspie (SD - RP),16.5,14,1,0,4.39,1.35,8,17,6,2,17,0,1,0
Thomas Szapucki (SF - RP) MiLB,10.3,12,0,0,4.06,1.38,5,9,5,1,6,0,0,0
"Freddy Tarnok (PHI - RP,SP)",24.3,23,1,0,4.4,1.39,12,23,11,3,19,1,1,0
Daniel Duarte (MIN - RP) IL60,28.3,25,2,0,4.59,1.46,14,27,15,3,28,0,1,0
Mychal Givens (MIA - RP) MiLB,34.9,33,2,0,4.66,1.43,18,34,16,5,37,0,2,0
Jack Leftwich (CLE - SP) MiLB,5.8,5,0,0,4.43,1.33,3,6,2,1,6,0,0,0
Anthony Solometo (PIT - SP) MiLB,11.5,10,1,0,4.38,1.4,6,11,5,1,11,0,1,0
Francisco Perez (OAK - RP) MiLB,11.8,12,0,0,4.14,1.38,5,10,6,1,9,0,1,0
Brent Headrick (MIN - RP),25.3,25,1,0,4.43,1.33,12,24,9,4,18,2,2,0
"Max Kranick (NYM - SP,RP)",19,15,1,0,4.44,1.35,9,19,7,2,19,0,1,0
Mauricio Llovera (RP) FA,20.7,20,1,0,4.2,1.32,10,19,8,3,20,0,1,0
Jeff Brigham (MIN - RP) MiLB,24.3,26,1,0,4.62,1.34,12,21,11,4,24,0,1,0
"Colby White (NYY - SP,RP) MiLB",21.6,24,1,0,4.32,1.39,10,19,11,3,22,0,1,0
Ian Anderson (ATL - SP),25,24,2,0,4.42,1.4,12,24,11,3,14,3,1,0
Anthony Misiewicz (NYY - RP) MiLB,16.7,15,1,0,4.52,1.35,8,17,6,3,17,0,1,0
"Packy Naughton (STL - SP,RP) MiLB",16.6,13,1,0,3.91,1.31,7,17,5,1,9,0,1,0
Mason Fluharty (TOR - RP) MiLB,18.3,17,1,0,4.29,1.36,9,17,8,2,18,0,1,0
Dominic Hamel (NYM - SP) MiLB,7.1,7,0,0,4.45,1.42,4,7,3,1,5,0,0,0
Zak Kent (CLE - SP) MiLB,9.7,9,0,0,4.28,1.35,5,10,4,1,7,1,0,0
Austin Warren (SF - RP),11.4,10,1,0,4.42,1.45,6,11,5,1,11,0,1,0
"Yoendrys Gomez (NYY - SP,RP) MiLB",16.5,16,1,0,4.35,1.37,8,15,8,2,16,0,1,0
Wilking Rodriguez (STL - RP) MiLB,15.8,15,1,0,4.07,1.37,7,15,7,2,16,0,1,0
Vinny Nittoli (NYM - RP) MiLB,21.3,20,1,0,4.41,1.35,10,21,8,3,20,0,1,0
"Ryan Burr (TOR - RP,SP)",12,10,0,0,4.63,1.43,6,12,6,2,11,0,1,0
Braxton Ashcraft (PIT - SP),29.9,25,1,0,4.37,1.35,15,30,10,4,27,1,1,0
Andrew Bellatti (PHI - RP) MiLB,23.2,25,1,0,4.58,1.37,12,22,10,3,23,0,1,0
"Michael Plassmeyer (PIT - RP,SP) MiLB",14,12,1,0,4.32,1.29,7,14,4,2,12,1,1,0
Jose Castillo (ARI - RP) MiLB,6.9,7,1,0,4.32,1.45,3,7,3,1,7,0,1,0
Brad Wieck (RP) FA,9.4,12,0,0,4.24,1.35,4,8,5,1,9,0,0,0
Danny Young (NYM - RP),11.6,12,1,0,4.03,1.43,5,10,6,1,11,0,1,0
"Michael Mercado (PHI - SP,RP)",11.7,11,1,0,4.77,1.43,6,12,5,2,10,1,1,0
"Alex Reyes (SP,RP) FA",22.5,26,1,0,4.59,1.52,11,19,15,3,22,0,2,0
Matt Foster (CWS - RP),11.7,11,1,0,4.57,1.33,6,11,4,2,11,0,1,0
Richard Fitts (BOS - SP),8.4,7,0,0,4.9,1.38,5,9,3,2,2,2,0,0
Erik Sabrowski (CLE - RP),12,12,1,0,4.54,1.49,6,11,7,2,12,0,1,0
"Braydon Fisher (TOR - RP,SP) MiLB",8,8,1,0,4.63,1.5,4,7,5,1,8,0,0,0
Yohan Ramirez (PIT - RP) MiLB,38.2,40,2,0,4.37,1.4,19,34,20,4,36,0,2,0
Josh Staumont (RP) FA,39.8,47,2,0,4.35,1.38,19,33,22,5,40,0,2,0
Edwin Uceta (TB - RP),17.6,18,1,0,4.49,1.38,9,16,9,3,17,0,1,0
Adam Kloffenstein (STL - SP),15.5,13,1,0,4.46,1.43,8,15,7,2,13,0,1,0
Andrew Vasquez (DET - RP) MiLB,19.5,19,1,0,4.28,1.4,9,18,9,2,19,0,1,0
"Zach McCambley (MIA - RP,SP) MiLB",8.3,8,0,0,4.61,1.41,4,8,3,1,8,0,0,0
Wander Suero (HOU - RP) MiLB,18.2,17,1,0,4.76,1.39,10,18,7,3,18,0,1,0
Dominic Leone (CWS - RP) IL60,34.2,35,1,0,4.59,1.39,17,32,15,5,35,0,2,0
Nick Snyder (PHI - RP) MiLB,6,6,0,0,4.42,1.43,3,6,3,1,6,0,0,0
Chad Dallas (TOR - SP) MiLB,5.8,5,0,0,4.41,1.43,3,6,3,1,6,0,0,0
"Blayne Enlow (SF - SP,RP) MiLB",11,10,1,0,4.35,1.4,5,12,4,2,7,1,1,0
Devin Sweet (DET - RP) MiLB,11.9,11,0,0,4.47,1.32,6,12,4,2,11,0,0,0
"Austin Cox (KC - RP,SP) MiLB",29.4,24,1,0,4.57,1.4,15,29,12,4,26,1,2,0
"Chris Rodriguez (ARI - SP,RP) MiLB",18.6,18,1,0,4.07,1.46,8,17,10,1,15,0,1,0
Dylan Coleman (RP) FA,37.4,44,2,0,4.24,1.41,18,30,22,4,38,0,2,0
Brendon Little (TOR - RP),17.5,15,1,0,4.18,1.47,8,18,8,2,16,0,1,0
"Darren McCaughan (MIA - SP,RP)",12,9,0,0,4.71,1.33,6,13,3,2,9,0,1,0
Ronny Henriquez (MIN - RP),14,13,1,0,4.78,1.44,7,14,6,2,14,0,1,0
Austin Pope (ARI - RP) MiLB,15.5,14,1,0,4.38,1.41,8,16,6,2,15,0,1,0
Lucas Luetge (CHC - RP) MiLB,20.7,19,1,0,4.56,1.42,10,22,8,3,19,0,1,0
Heath Hembree (SEA - RP) MiLB,7.1,7,0,0,4.81,1.38,4,6,3,1,7,0,1,0
Juan Sanchez (SF - RP) MiLB,35.1,32,3,0,4.45,1.44,17,34,17,5,35,0,3,0
"Grant Holmes (ATL - SP,RP)",7,6,0,0,4.59,1.4,4,7,3,1,7,0,0,0
Ethan Small (SF - RP),27.5,28,1,0,4.14,1.44,13,25,14,3,27,0,1,0
Adrian Sampson (TEX - SP) MiLB,12.5,9,1,0,4.67,1.52,6,15,4,2,9,1,2,0
"Rob Zastryzny (MIL - RP,SP) IL60",14.7,14,1,0,4.77,1.47,8,15,6,2,15,0,1,0
Trey Wingenter (CHC - RP),35.2,38,1,0,4.46,1.35,17,32,16,5,35,0,1,0
"Jesse Hahn (SEA - SP,RP) MiLB",6,5,0,0,4.55,1.31,3,6,2,1,6,0,0,0
Bailey Horn (BOS - RP),10.6,10,1,0,4.78,1.5,6,11,5,1,9,0,1,0
Josh Winder (MIN - RP),24.9,21,1,0,4.5,1.34,12,25,9,3,22,0,1,0
Yerry Rodriguez (TOR - RP) MiLB,35.5,37,2,0,4.28,1.37,17,33,16,5,35,0,1,0
Nabil Crismatt (SD - RP) MiLB,14.8,13,1,0,4.75,1.37,8,16,5,3,12,0,1,0
"Andre Jackson (SP,RP) FA",29.8,29,1,0,4.63,1.43,15,27,15,4,14,2,2,0
Kolton Ingram (SF - RP) MiLB,23.4,24,1,0,4.24,1.4,11,21,12,3,23,0,1,0
"Davis Martin (CWS - SP,RP)",10.5,9,1,0,5.23,1.39,6,11,4,2,6,1,1,0
"Yosver Zulueta (CIN - SP,RP)",17.5,18,1,0,4.46,1.45,9,16,10,2,17,0,1,0
Carson Coleman (TEX - RP) IL60,14.9,16,1,0,4.49,1.41,7,13,8,2,15,0,1,0
Andres Machado (RP) FA,27.9,24,1,0,4.75,1.37,15,28,10,4,25,0,1,0
Cody Bolton (SEA - RP),36.1,35,2,0,4.34,1.37,17,34,15,5,34,0,2,0
Michael McGreevy (STL - SP),22,14,1,0,4.43,1.39,11,24,6,3,8,3,1,0
Kyle Backhus (ARI - RP) MiLB,13.5,11,1,0,4.46,1.47,7,13,6,2,13,0,1,0
Joe La Sorsa (WSH - RP),32,24,1,0,4.32,1.32,15,33,10,4,31,0,2,0
R.J. Dabovich (SF - RP) MiLB,20.9,22,1,0,4.49,1.41,10,19,10,3,21,0,1,0
"Jhonathan Diaz (SEA - RP,SP)",10.3,9,0,0,4.23,1.41,5,10,4,1,7,0,0,0
"Rony Garcia (SP,RP) FA",12.4,11,1,0,4.92,1.37,7,12,5,2,8,1,1,0
Tayler Scott (HOU - RP),26.5,26,1,0,4.54,1.41,13,26,11,4,26,0,1,0
Hunter Stratton (PIT - RP) IL60,51,52,3,0,4.36,1.42,25,46,26,6,49,0,3,0
"Caleb Kilian (CHC - RP,SP)",20.8,17,1,0,4.43,1.39,10,21,8,2,15,2,1,0
Carson Seymour (SF - SP) MiLB,12,11,2,0,4.2,1.51,6,14,4,1,12,0,2,0
Matt Gage (NYM - RP),20.6,20,1,0,4.26,1.36,10,19,9,3,19,0,1,0
Bruce Zimmermann (BAL - RP) MiLB,37.5,32,2,0,4.36,1.33,18,39,10,5,21,3,2,0
Justin Hagenman (BOS - RP) MiLB,21.8,19,1,0,4.53,1.36,11,23,7,3,22,0,1,0
"Ricky Vanasco (DET - SP,RP)",19,20,1,0,4.56,1.44,10,17,10,3,19,0,1,0
Andrew Suarez (RP) FA,7.4,6,0,0,4.44,1.38,4,7,3,1,7,0,0,0
Zach McAllister (RP) FA,24.7,26,1,0,4.77,1.38,13,24,10,4,26,0,1,0
"Roddery Munoz (MIA - RP,SP)",17.5,16,1,0,4.49,1.47,9,17,9,2,17,0,1,0
Yacksel Rios (NYM - RP) MiLB,7.8,8,0,0,4.56,1.39,4,7,4,1,8,0,0,0
Jose A. Ferrer (WSH - RP),37.4,31,2,0,4.34,1.38,18,37,15,4,37,0,2,0
Mark Melancon (RP) FA,27.8,20,2,0,4.55,1.46,14,30,11,3,28,0,2,0
Keegan Thompson (CHC - RP),33.5,32,2,0,4.45,1.4,17,32,16,5,30,0,2,0
Dugan Darnell (COL - RP) MiLB,11.2,10,0,0,4.69,1.46,6,12,5,2,11,0,0,0
Tim Cate (WSH - SP) MiLB,12,9,1,0,4.63,1.48,6,13,5,2,12,0,1,0
Yerry de los Santos (NYY - RP) MiLB,27.2,26,1,0,3.73,1.28,11,24,10,3,26,0,1,0
Austin Schulfer (DET - RP) MiLB,7.8,7,0,0,4.56,1.45,4,8,3,1,8,0,0,0
"Wily Peralta (RP,SP) FA",16.4,13,1,0,4.28,1.48,8,16,8,2,13,0,1,0
Juan Mejia (COL - RP),12.3,11,0,0,4.73,1.51,6,13,6,2,12,0,1,0
Easton Lucas (TOR - RP),15.5,15,1,0,4.43,1.37,8,15,7,2,15,0,1,0
"Drew Hutchison (SP,RP) FA",5.5,4,0,0,5.45,1.52,3,6,2,1,2,1,0,0
Justin Bruihl (PIT - RP) MiLB,11.6,10,1,0,4.16,1.36,5,11,5,1,12,0,1,0
Nick Avila (RP) FA,23.3,18,1,0,4.73,1.48,12,25,10,3,23,0,2,0
"Vince Velasquez (SP,RP) FA",26.4,25,1,0,4.75,1.37,14,26,10,4,8,4,2,0
Patrick Monteverde (MIA - SP) MiLB,19.7,18,1,0,4.6,1.36,10,19,7,3,15,1,1,0
Ryder Ryan (PIT - RP) MiLB,32.1,28,2,0,4.51,1.44,16,32,14,4,32,0,2,0
Justin Armbruester (BAL - SP) MiLB,9.5,8,0,0,4.59,1.38,5,10,4,1,9,0,0,0
Albert Abreu (RP) FA,11.8,12,0,0,4.64,1.46,6,11,6,1,9,0,0,0
Justin Yeager (MIL - RP) MiLB,18.1,19,1,0,4.66,1.49,9,17,10,3,18,0,1,0
"Antoine Kelly (COL - SP,RP) MiLB",23.3,23,1,0,4.72,1.5,12,22,13,3,21,1,1,0
Logan Sawyer (STL - RP) MiLB,12.1,10,1,0,4.94,1.49,7,13,5,2,12,0,1,0
"Tanner Burns (CLE - SP,RP) MiLB",17,15,1,0,4.65,1.45,9,17,8,2,16,0,1,0
Joey Krehbiel (SEA - RP) MiLB,16.6,15,1,0,6.27,1.73,12,18,11,4,14,0,1,0
Walter Pennington (TEX - RP),14.4,11,1,0,4.53,1.5,7,15,7,2,14,0,1,0
Glenn Otto (RP) FA,27.8,27,1,0,4.47,1.37,14,26,12,4,23,1,1,0
Jonathan Cannon (CWS - SP),22.7,16,1,0,4.63,1.41,12,24,8,3,21,0,1,0
Erasmo Ramirez (RP) FA,24,19,1,0,4.5,1.34,12,26,7,4,18,0,1,0
Josh Taylor (KC - RP) IL60,30,32,1,0,4.38,1.38,15,29,12,4,30,0,2,0
"Josh James (SP,RP) FA",8,8,0,0,4.65,1.5,4,8,4,1,8,0,0,0
Dennis Santana (PIT - RP),29.9,30,2,0,4.62,1.42,15,28,15,4,29,0,2,0
"Trevor Kelley (SEA - RP,SP) MiLB",13.5,11,1,0,4.7,1.35,7,14,5,2,13,0,1,0
Forrest Whitley (HOU - SP),26.3,27,1,0,4.78,1.49,14,25,15,4,26,0,2,0
Michael Rucker (WSH - RP),26.4,25,1,0,4.58,1.38,13,26,10,4,24,0,1,0
Colten Brewer (CHC - RP) IL60,13,12,0,0,4.98,1.52,7,13,7,2,11,0,1,0
Anthony Banda (LAD - RP),11.9,10,1,0,4.64,1.44,6,12,5,2,12,0,1,0
Chasen Shreve (RP) FA,37.3,37,1,0,4.48,1.33,19,34,15,6,36,0,2,0
Logan Gragg (STL - SP) MiLB,17.5,12,1,0,4.77,1.4,9,19,6,3,17,0,1,0
"Danny Duffy (SP,RP) FA",21.9,23,1,0,4.27,1.35,10,20,10,3,22,0,1,0
"Victor Mederos (LAA - SP,RP)",13.6,11,1,0,4.81,1.51,7,14,6,2,11,0,1,0
"Ryan Jensen (MIN - SP,RP) MiLB",18.5,17,1,0,4.99,1.64,10,16,14,2,17,1,1,0
McKinley Moore (NYY - RP) MiLB,16.6,19,1,0,4.59,1.54,8,15,11,2,16,0,1,0
Alan Busenitz (CIN - RP) MiLB,7,6,0,0,5.41,1.52,4,8,3,1,7,0,0,0
"Blake Walston (ARI - RP,SP)",12.6,9,1,0,5.22,1.49,7,14,5,2,2,2,1,0
Joel Kuhnel (TB - RP),18.6,14,1,0,4.55,1.36,9,19,6,2,17,0,1,0
"Luis Cessa (KC - SP,RP) MiLB",11.6,8,0,0,4.69,1.47,6,13,4,1,10,0,1,0
Zack Weiss (MIN - RP) MiLB,22.4,24,1,0,4.82,1.47,12,21,12,3,22,0,1,0
"David Buchanan (CIN - RP,SP) MiLB",9.2,7,0,0,5.34,1.42,5,10,3,2,2,2,1,0
Luis Frias (TOR - RP),40.6,40,2,0,4.32,1.41,19,38,19,5,38,0,2,0
"Kevin Kopps (SD - RP,SP) MiLB",12.1,10,0,0,4.48,1.49,6,12,6,1,12,0,0,0
Christian Roa (CIN - SP) IL60,14.3,16,1,0,4.85,1.5,8,13,8,2,14,0,1,0
Shane Drohan (BOS - SP) MiLB,23.1,21,2,0,4.62,1.5,12,23,11,3,22,0,3,0
Austin Davis (SD - RP) MiLB,7.4,7,0,0,5.16,1.44,4,7,4,1,7,0,0,0
Kolby Allard (PHI - SP),31.5,29,2,0,4.79,1.35,17,32,11,6,20,3,2,0
Spencer Bivens (SF - RP),10.5,8,0,0,4.72,1.47,6,11,4,1,10,0,1,0
Daniel Robert (TEX - RP),11.1,11,0,0,4.81,1.47,6,11,5,2,11,0,1,0
"Kade McClure (PIT - SP,RP) MiLB",18.5,15,1,0,4.72,1.4,10,19,7,2,18,0,1,0
Jesus Tinoco (MIA - RP),12.9,12,0,0,5.01,1.44,7,12,6,2,12,0,0,0
Max Castillo (PHI - RP) MiLB,19.4,15,1,0,4.57,1.35,10,20,6,3,18,0,1,0
Matt Barnes (RP) FA,40.1,40,2,0,4.73,1.41,21,38,18,5,41,0,2,0
Sem Robberse (STL - SP),10.5,8,0,0,4.87,1.42,6,11,4,1,2,2,1,0
Sam Long (KC - RP),24.1,19,1,0,4.71,1.43,13,25,10,3,19,0,1,0
Ryan Loutos (STL - RP),27.6,23,1,0,4.4,1.43,13,28,11,3,27,0,1,0
"Randy Dobnak (MIN - SP,RP)",14.6,11,1,0,4.25,1.43,7,16,5,1,12,0,1,0
Tyler Samaniego (PIT - RP) MiLB,19.5,16,1,0,4.42,1.51,10,20,9,2,19,0,1,0
Alex Young (NYM - RP),39.8,38,2,0,4.79,1.44,21,41,16,7,39,0,2,0
Cam Sanders (CHC - RP) MiLB,18.3,19,1,0,4.72,1.54,10,17,12,2,18,0,1,0
Dan Altavilla (KC - RP) MiLB,19.7,21,1,0,4.26,1.39,9,18,10,2,20,0,1,0
Matt Krook (BAL - RP) MiLB,15.9,16,1,0,4.29,1.5,8,15,9,2,16,0,1,0
"Carson Fulmer (LAA - SP,RP) MiLB",8.9,8,0,0,4.91,1.56,5,8,5,1,8,0,0,0
Jayvien Sandridge (SD - RP) MiLB,8,8,0,0,5.34,1.66,5,7,6,1,8,0,1,0
"Dinelson Lamet (WSH - SP,RP) MiLB",12.3,14,1,0,4.76,1.37,7,11,5,2,12,0,1,0
Gerardo Reyes (OAK - RP) MiLB,19.7,20,1,0,4.69,1.45,10,18,11,3,19,0,1,0
Carlos Vargas (SEA - RP),35,32,1,0,4.19,1.42,16,33,16,4,35,0,2,0
Alex Speas (BOS - RP) MiLB,40.4,46,2,0,4.39,1.44,20,34,24,5,40,0,3,0
Juan Then (RP) FA,15.7,12,1,0,4.71,1.44,8,17,6,2,15,0,1,0
Reed Garrett (NYM - RP),28,25,1,0,4.73,1.47,15,28,13,4,28,0,1,0
Chih-Jung Liu (BOS - SP) MiLB,13.4,11,1,0,5.26,1.57,8,15,6,2,5,2,1,0
"Colin Selby (BAL - SP,RP)",25,25,1,0,4.24,1.43,12,23,13,3,25,0,1,0
Jose Ruiz (PHI - RP),33.8,34,1,0,4.58,1.39,17,32,15,5,32,0,1,0
Taylor Lehman (PHI - RP) MiLB,12.5,11,1,0,4.92,1.52,7,13,6,2,12,0,1,0
Jonathan Bowlan (KC - SP),20.3,16,1,0,4.68,1.44,11,22,7,3,15,1,2,0
Justin Martinez (ARI - RP),30.6,36,1,0,4.11,1.5,14,26,20,3,30,0,1,0
Gus Varland (CWS - RP),26.6,25,1,0,4.77,1.45,14,26,12,4,25,0,1,0
"Kyle Nicolas (PIT - SP,RP)",23.7,24,1,0,4.52,1.41,12,22,12,3,22,0,1,0
"Corbin Martin (BAL - SP,RP) MiLB",28.9,27,1,0,4.93,1.52,16,29,15,4,23,1,2,0
Brett Kerry (LAA - SP) MiLB,8.1,6,0,0,5.51,1.52,5,9,3,2,2,2,1,0
Mitchell Parker (WSH - SP),24.5,22,1,0,4.92,1.5,13,24,12,3,10,4,2,0
T.J. McFarland (OAK - RP),35.4,26,1,0,4.35,1.43,17,37,13,4,38,0,2,0
Kaleb Ort (HOU - RP),22.2,23,1,0,4.6,1.38,11,21,10,3,22,0,1,0
Tyler Gilbert (PHI - RP),19.4,16,1,0,4.82,1.43,10,20,7,3,12,0,1,0
"Devin Smeltzer (RP,SP) FA",24.3,18,1,0,4.93,1.39,13,26,7,4,10,3,1,0
Luke Albright (ARI - SP) MiLB,8.1,6,0,0,5.34,1.59,5,9,4,2,2,2,1,0
Lane Ramsey (CWS - RP) MiLB,17,15,1,0,4.41,1.52,8,17,9,2,17,0,1,0
"Zack Kelly (BOS - RP,SP)",36.8,36,2,0,4.56,1.46,19,35,18,4,36,0,2,0
"Stephen Kolek (SD - SP,RP) IL60",45.5,39,2,0,4.51,1.42,23,45,20,5,44,0,3,0
James Naile (RP) FA,21.1,15,1,0,4.72,1.52,11,24,8,3,19,0,1,0
Justin Wilson (CIN - RP),44.1,42,2,0,4.6,1.41,23,44,18,7,44,0,2,0
Antonio Senzatela (COL - SP),14.9,8,1,0,5,1.48,8,18,4,2,3,3,1,0
"Daniel Castano (RP,SP) FA",8.5,6,0,0,5.22,1.46,5,9,3,1,3,1,0,0
"Jeff Criswell (COL - RP,SP)",8.8,7,0,0,5.39,1.53,5,10,4,2,2,2,1,0
Nick Wittgren (MIN - RP) MiLB,24.6,18,1,0,4.81,1.39,13,26,8,4,24,0,1,0
Tucker Davidson (RP) FA,29.7,26,1,0,4.35,1.39,14,29,12,4,28,0,2,0
"Cory Abbott (CWS - SP,RP) MiLB",15.4,15,1,0,5.01,1.45,9,15,7,3,6,2,1,0
"Dakota Chalmers (RP,SP) FA",6,6,0,0,5.55,1.69,4,6,4,1,6,0,0,0
Lyon Richardson (CIN - SP),20.5,20,1,0,4.83,1.46,11,20,10,3,14,2,1,0
Joe Jacques (ARI - RP) MiLB,24.3,19,1,0,4.46,1.47,12,25,10,3,23,0,1,0
"Shane Greene (TEX - RP,SP) MiLB",23.4,22,1,0,4.84,1.49,13,23,12,4,21,0,1,0
"Jaime Barria (RP,SP) FA",32.2,24,1,0,4.91,1.4,18,35,10,6,22,1,2,0
Hunter Strickland (LAA - RP),32.6,29,1,0,5.11,1.48,18,32,16,5,32,0,2,0
Stephen Jones (COL - RP) MiLB,15.5,13,1,0,4.95,1.49,9,17,7,2,15,0,1,0
Ty Buttrey (SEA - RP) MiLB,23.2,19,1,0,4.93,1.5,13,24,11,3,23,0,1,0
Kirby Snead (RP) FA,17.5,16,1,0,4.21,1.4,8,17,7,2,17,0,1,0
"Osvaldo Bido (OAK - SP,RP)",30.9,27,1,0,4.55,1.4,16,30,13,4,22,2,2,0
Jeurys Familia (RP) FA,16.9,15,1,0,4.75,1.53,9,17,9,2,17,0,1,0
"Hogan Harris (OAK - SP,RP)",36.4,34,1,0,4.47,1.41,18,34,17,5,28,2,2,0
"Randy Rodriguez (SF - SP,RP)",17.1,18,1,0,4.58,1.51,9,15,10,2,17,0,1,0
Peyton Battenfield (NYM - SP) MiLB,22.9,17,1,0,4.77,1.41,12,24,8,4,17,1,2,0
Sean Hjelle (SF - RP),21.3,17,1,0,4.44,1.46,10,23,8,2,18,1,1,0
Griff McGarry (PHI - SP) MiLB,9.3,10,0,0,4.88,1.58,5,9,6,1,7,1,0,0
Wil Crowe (RP) FA,25.9,22,1,0,4.88,1.47,14,26,12,4,26,0,2,0
Duane Underwood Jr. (NYY - RP) MiLB,23.1,18,1,0,4.79,1.42,12,24,9,3,18,0,1,0
Mason Englert (DET - RP),30.9,26,1,0,4.62,1.35,16,32,10,5,27,0,2,0
John Curtiss (COL - RP) MiLB,17.7,16,1,0,5.49,1.53,11,19,8,3,17,0,1,0
"Janson Junk (OAK - RP,SP) MiLB",35.1,26,2,0,4.83,1.39,19,38,11,6,24,2,2,0
Kelvin Caceres (LAA - RP) IL60,24.6,26,1,0,4.8,1.59,13,22,18,3,27,0,1,0
Stephen Nogosek (WSH - RP) MiLB,20.3,19,0,0,4.9,1.44,11,20,9,4,10,0,1,0
Justin Garza (SF - RP) MiLB,19.4,17,1,0,5.01,1.52,11,19,10,3,15,0,1,0
Will Klein (OAK - RP),21.3,21,1,0,4.82,1.56,11,21,13,2,21,0,1,0
Jose Marte (LAA - RP) MiLB,17.4,18,1,0,5.08,1.64,10,16,12,2,18,0,1,0
Spenser Watkins (WSH - SP) MiLB,12.9,9,0,0,5.22,1.46,7,14,4,2,10,0,1,0
"Anthony Veneziano (MIA - SP,RP)",31.4,26,1,0,4.87,1.47,17,33,13,5,22,2,2,0
Justin Dunn (SP) FA,26.1,22,1,0,5.21,1.47,15,26,12,4,5,5,2,0
"Garrett Hill (DET - SP,RP) MiLB",15.3,14,1,0,4.5,1.47,8,15,8,2,14,0,1,0
Jorge Benitez (LAD - RP) MiLB,17.4,16,1,0,5.05,1.59,10,17,11,2,17,0,1,0
Geoff Hartlieb (COL - RP) MiLB,17.6,15,1,0,4.88,1.53,10,18,8,2,15,0,1,0
"Calvin Faucher (MIA - SP,RP)",25.2,24,1,0,4.64,1.48,13,25,12,3,23,0,1,0
Ryan Rolison (COL - SP) MiLB,19.5,15,1,0,5.21,1.51,11,23,7,4,8,3,2,0
Jordan Balazovic (RP) FA,20,19,1,0,4.47,1.45,10,20,9,2,18,0,1,0
Guillo Zuniga (LAA - RP),39.3,41,2,1,4.72,1.43,21,36,20,6,39,0,2,0
Adam Kolarek (RP) FA,17.3,13,1,0,4.66,1.56,9,19,8,2,17,0,1,0
"Nick Nelson (PHI - SP,RP) MiLB",32,27,2,0,4.73,1.47,17,32,15,4,21,2,2,0
Sean Reynolds (SD - RP),20.4,19,1,0,4.96,1.55,11,19,12,3,20,0,1,0
Dylan Covey (PHI - RP) MiLB,30.8,23,1,0,4.66,1.45,16,33,12,4,27,0,1,0
Amir Garrett (RP) FA,33.9,38,2,0,4.7,1.49,18,29,22,4,37,0,1,0
Matt Bowman (BAL - RP),23.7,19,1,0,4.53,1.47,12,24,11,3,23,0,1,0
Drew Rom (STL - SP) IL60,35.4,33,2,0,4.18,1.39,16,35,14,4,29,2,2,0
Brandon Walter (HOU - RP) MiLB,32.9,26,2,0,4.64,1.4,17,36,10,5,10,5,2,0
Casey Legumina (CIN - RP),28.2,26,1,0,4.96,1.47,16,29,12,5,27,0,1,0
"Jake Woodford (PIT - RP,SP) MiLB",25.2,18,1,0,4.91,1.48,14,27,11,4,16,2,1,0
"Mike Mayers (SP,RP) FA",23.6,19,1,0,5.12,1.41,13,25,9,4,15,1,1,0
"Jimmy Nelson (SP,RP) FA",19.7,22,1,0,5.12,1.55,11,18,12,3,19,0,1,0
Casey Lawrence (SEA - RP) MiLB,18.7,14,1,0,4.9,1.33,10,20,5,3,16,0,1,0
Connor Overton (CIN - SP) MiLB,22.5,17,1,0,4.9,1.39,12,23,8,4,11,2,1,0
Chase De Jong (RP) FA,24.2,20,1,0,5.52,1.46,15,25,11,5,12,1,1,0
Ricky Karcher (ARI - RP) MiLB,17.9,20,1,0,5.34,1.75,11,15,17,2,17,0,1,0
Jacob Barnes (WSH - RP),34.9,28,1,0,4.86,1.43,19,37,13,5,34,0,2,0
"Thomas Hatch (RP,SP) FA",14,12,1,0,4.85,1.47,8,15,5,2,11,1,1,0
Evan Justice (COL - RP),32.1,36,2,0,4.88,1.57,17,29,21,4,33,0,2,0
Sam Bachman (LAA - RP),26.6,23,1,0,4.83,1.57,14,26,15,3,24,0,2,0
"Hunter Gaddis (CLE - SP,RP)",46.6,39,2,0,4.82,1.34,25,47,16,8,38,2,3,0
"Zach Logue (LAD - RP,SP) MiLB",14.5,12,1,0,5.41,1.49,9,16,5,3,10,0,1,0
"Denyi Reyes (RP,SP) FA",25.6,20,1,0,4.83,1.36,14,27,7,4,19,1,1,0
Adrian Martinez (OAK - RP) MiLB,39.8,33,2,0,4.6,1.39,20,41,14,5,38,0,2,0
Tyler Ferguson (OAK - RP),20.9,19,1,0,4.81,1.53,11,20,12,3,21,0,1,0
"Paolo Espino (TOR - SP,RP) MiLB",14.4,11,1,0,5.84,1.47,9,17,4,3,6,2,1,0
Jonathan Heasley (RP) FA,26.7,22,1,0,4.81,1.36,14,27,9,4,25,0,1,0
Lucas Gilbreath (COL - RP),39.5,38,2,0,4.9,1.55,22,40,21,6,40,0,2,0
"Taylor Hearn (SP,RP) FA",20.7,20,1,0,4.73,1.45,11,21,10,3,13,1,1,0
Sam Coonrod (RP) FA,27.9,26,1,0,4.95,1.52,15,27,15,3,30,0,1,0
"Steven Cruz (KC - SP,RP)",33.6,35,1,0,4.71,1.55,18,31,21,4,33,0,1,0
Amos Willingham (WSH - RP),26.7,20,1,0,5.03,1.43,15,29,10,4,26,0,2,0
"Drew Anderson (DET - SP,RP) MiLB",28,24,1,0,4.9,1.48,15,28,13,4,23,0,2,0
Matt Koch (COL - RP) MiLB,26.2,20,1,0,5.85,1.55,17,31,10,6,26,0,2,0
"Carson Spiers (CIN - RP,SP)",28.7,25,1,0,5.22,1.47,17,30,12,5,23,1,2,0
"Levi Stoudt (BAL - RP,SP) MiLB",25,19,1,0,4.88,1.44,14,26,10,4,20,1,2,0
"Jose Urena (TEX - RP,SP)",27.2,20,1,0,5.02,1.48,15,29,11,4,23,1,2,0
Thaddeus Ward (WSH - RP),24.7,22,1,0,4.78,1.47,13,23,13,3,24,0,1,0
Robert Gsellman (RP) FA,29.3,20,1,0,5.21,1.5,17,32,12,4,28,0,2,0
Madison Bumgarner (SP) FA,58.6,42,3,0,5.34,1.48,35,65,21,11,11,11,4,0
Hobie Harris (MIN - RP) MiLB,14.6,12,1,0,5.23,1.61,8,15,8,2,13,0,1,0
Collin Snider (SEA - RP),30.5,23,1,0,4.85,1.52,16,32,15,4,30,0,1,0
"Vladimir Gutierrez (SP,RP) FA",21.5,16,1,0,5.34,1.54,13,24,9,3,16,1,1,0
"Anthony Molina (COL - RP,SP)",46.5,31,2,0,4.91,1.48,25,55,13,7,40,1,2,0
"Adam Oller (MIA - RP,SP)",26.1,22,1,0,4.91,1.46,14,27,11,4,19,1,2,0
Riley Pint (COL - RP) MiLB,25,26,1,0,5.34,1.75,15,23,21,3,29,0,1,0
Dallas Keuchel (MIL - SP) MiLB,32.8,23,2,0,4.93,1.56,18,37,14,4,6,6,2,0
"Karl Kauffmann (COL - RP,SP) MiLB",17.1,11,1,0,6.09,1.74,12,21,9,3,13,0,1,0
Declan Cronin (MIA - RP),43.2,29,2,0,4.82,1.51,23,47,18,5,42,0,2,0
Matt Carasiti (RP) FA,33.8,27,1,0,5.52,1.6,21,38,16,5,33,0,2,0
"Tyler Beede (CLE - SP,RP) MiLB",43.4,35,2,0,5.17,1.56,25,45,23,6,30,3,3,0
"Ty Blach (COL - RP,SP) MiLB",34.6,22,1,0,5.47,1.55,21,43,11,6,20,3,2,0
"Brad Keller (RP,SP) FA",50.1,38,2,0,5,1.58,28,52,28,6,18,8,4,0
Chad Smith (NYM - RP) MiLB,15.5,15,1,0,4.41,1.53,8,14,9,2,14,0,1,0
Cole Sands (MIN - RP),39.9,39,2,0,4.26,1.34,19,38,16,5,37,0,2,0
"Hagen Danner (TOR - C,RP)",21.4,23,1,0,4.11,1.26,10,19,8,3,24,0,1,0
Matt Cronin (WSH - RP) MiLB,16.7,20,1,0,4.05,1.33,8,13,9,2,17,0,1,0
Enoli Paredes (CHC - RP),13.7,16,1,0,4.12,1.43,6,11,9,1,15,0,1,0
"Thomas Pannone (CHC - SP,RP) MiLB",13.7,11,1,0,4.43,1.37,7,14,4,2,11,0,1,0
Seth Johnson (PHI - SP),12.5,11,1,0,4.39,1.39,6,12,5,2,3,3,1,0
Joe Record (TB - RP) MiLB,11.8,11,1,0,4.2,1.46,5,11,6,1,12,0,0,0
Mike Burrows (PIT - SP),9,8,1,0,4.6,1.41,5,9,4,1,7,1,0,0
Nick Hernandez (HOU - RP),23.6,24,1,0,4.55,1.44,12,20,14,4,23,0,1,0
"Jose Espada (RP,SP) FA",18.8,20,1,0,4.9,1.39,10,18,8,4,19,0,1,0
"Enmanuel De Jesus (RP,SP) FA",18,15,1,0,4.36,1.49,9,19,8,2,15,0,1,0
Jose Cruz (SF - RP) MiLB,23.2,23,1,0,4.22,1.54,11,20,16,1,23,0,1,0
Andre Granillo (STL - RP) MiLB,19.4,18,1,0,4.7,1.48,10,19,10,3,19,0,1,0
"Tanner Tully (NYY - RP,SP) MiLB",8,6,0,0,4.38,1.34,4,9,2,1,8,0,0,0
"Brenan Hanifee (DET - RP,SP)",27,18,1,0,4.53,1.45,14,28,11,3,26,0,2,0
"Jeff Lindgren (MIA - RP,SP) MiLB",18,13,1,0,4.8,1.46,10,19,7,3,16,0,1,0
Tommy Doyle (ATL - RP) MiLB,8.6,8,0,0,4.53,1.43,4,9,4,1,8,0,0,0
Bradley Hanner (CLE - RP) MiLB,10.7,9,1,0,5.18,1.58,6,11,6,2,11,0,1,0
Freddy Pacheco (RP) FA,13.7,17,1,0,4.85,1.66,7,11,12,1,14,0,1,0
"Edwin Escobar (CHC - RP,SP) MiLB",14,10,1,0,5.14,1.5,8,15,6,2,14,0,1,0
Jake Brentz (KC - RP) MiLB,15.4,16,0,0,4.73,1.53,8,14,10,2,16,0,1,0
Burch Smith (BAL - RP),43.6,34,2,0,5.13,1.47,25,48,17,7,44,0,3,0
Luis Guerrero (BOS - RP),39.6,38,2,0,5.04,1.55,22,39,22,6,40,0,2,0
Zach Neal (RP) FA,27.9,22,1,0,5.53,1.47,17,32,9,7,27,0,2,0